id,date,city,venue,team1,team2,toss_winner,toss_decision,winner,player_of_match,season,team1_won,team1_enc,team2_enc,toss_winner_enc,venue_enc,toss_decision_enc,team1_team_win_pct,team1_h2h_win_rate,team1_venue_win_pct,team1_recent_form_5,team2_team_win_pct,team2_h2h_win_rate,team2_venue_win_pct,team2_recent_form_5,avg_venue_score
335982,2008-04-18,Bangalore,M Chinnaswamy Stadium,Royal Challengers Bengaluru,Kolkata Knight Riders,Royal Challengers Bengaluru,field,Kolkata Knight Riders,BB McCullum,2007,0,12,5,12,17,1,0.5,0.5,0.5,0.5,0.5,0.5,0.5,0.5,165.54651162790697
335983,2008-04-19,Chandigarh,Punjab Cricket Association Stadium,Punjab Kings,Chennai Super Kings,Chennai Super Kings,bat,Chennai Super Kings,MEK Hussey,2007,0,9,0,0,28,0,0.5,0.5,0.5,0.5,0.5,0.5,0.5,0.5,156.95714285714286
335984,2008-04-19,Delhi,Feroz Shah Kotla,Delhi Capitals,Rajasthan Royals,Rajasthan Royals,bat,Delhi Capitals,MF Maharoof,2007,1,1,10,10,11,0,0.5,0.5,0.5,0.5,0.5,0.5,0.5,0.5,155.635593220339
335986,2008-04-20,Kolkata,Eden Gardens,Kolkata Knight Riders,Sunrisers Hyderabad,Sunrisers Hyderabad,bat,Kolkata Knight Riders,DJ Hussey,2007,1,5,13,13,10,0,1.0,0.5,0.5,1.0,0.5,0.5,0.5,0.5,162.16666666666666
335985,2008-04-20,Mumbai,Wankhede Stadium,Mumbai Indians,Royal Challengers Bengaluru,Mumbai Indians,bat,Royal Challengers Bengaluru,MV Boucher,2007,0,7,12,7,40,0,0.5,0.5,0.5,0.5,0.0,0.5,0.5,0.0,166.984496124031
335987,2008-04-21,Jaipur,Sawai Mansingh Stadium,Rajasthan Royals,Punjab Kings,Punjab Kings,bat,Rajasthan Royals,SR Watson,2007,1,10,9,9,32,0,0.0,0.5,0.5,0.0,0.0,0.5,0.5,0.0,161.11363636363637
335988,2008-04-22,Hyderabad,Rajiv Gandhi International Stadium,Sunrisers Hyderabad,Delhi Capitals,Sunrisers Hyderabad,bat,Delhi Capitals,V Sehwag,2007,0,13,1,13,29,0,0.0,0.5,0.5,0.0,1.0,0.5,0.5,1.0,161.58823529411765
335989,2008-04-23,Chennai,MA Chidambaram Stadium,Chennai Super Kings,Mumbai Indians,Mumbai Indians,field,Chennai Super Kings,ML Hayden,2007,1,0,7,7,19,1,1.0,0.5,0.5,1.0,0.0,0.5,0.5,0.0,158.45698924731184
335990,2008-04-24,Hyderabad,Rajiv Gandhi International Stadium,Sunrisers Hyderabad,Rajasthan Royals,Rajasthan Royals,field,Rajasthan Royals,YK Pathan,2007,0,13,10,10,29,1,0.0,0.5,0.0,0.0,0.5,0.5,0.5,0.5,161.58823529411765
335991,2008-04-25,Chandigarh,Punjab Cricket Association Stadium,Punjab Kings,Mumbai Indians,Mumbai Indians,field,Punjab Kings,KC Sangakkara,2007,1,9,7,7,28,1,0.0,0.5,0.0,0.0,0.0,0.5,0.5,0.0,156.95714285714286
335993,2008-04-26,Chennai,MA Chidambaram Stadium,Chennai Super Kings,Kolkata Knight Riders,Kolkata Knight Riders,bat,Chennai Super Kings,JDP Oram,2007,1,0,5,5,19,0,1.0,0.5,1.0,1.0,1.0,0.5,0.5,1.0,158.45698924731184
335992,2008-04-26,Bangalore,M Chinnaswamy Stadium,Royal Challengers Bengaluru,Rajasthan Royals,Rajasthan Royals,field,Rajasthan Royals,SR Watson,2007,0,12,10,10,17,1,0.5,0.5,0.0,0.5,0.6666666666666666,0.5,0.5,0.6666666666666666,165.54651162790697
335994,2008-04-27,Mumbai,Dr DY Patil Sports Academy,Mumbai Indians,Sunrisers Hyderabad,Sunrisers Hyderabad,field,Sunrisers Hyderabad,AC Gilchrist,2007,0,7,13,13,7,1,0.0,0.5,0.5,0.0,0.0,0.5,0.5,0.0,153.82432432432432
335995,2008-04-27,Chandigarh,Punjab Cricket Association Stadium,Punjab Kings,Delhi Capitals,Delhi Capitals,bat,Punjab Kings,SM Katich,2007,1,9,1,1,28,0,0.3333333333333333,0.5,0.5,0.3333333333333333,1.0,0.5,0.5,1.0,156.95714285714286
335996,2008-04-28,Bangalore,M Chinnaswamy Stadium,Royal Challengers Bengaluru,Chennai Super Kings,Chennai Super Kings,bat,Chennai Super Kings,MS Dhoni,2007,0,12,0,0,17,0,0.3333333333333333,0.5,0.0,0.3333333333333333,1.0,0.5,0.5,1.0,165.54651162790697
335997,2008-04-29,Kolkata,Eden Gardens,Kolkata Knight Riders,Mumbai Indians,Kolkata Knight Riders,bat,Mumbai Indians,ST Jayasuriya,2007,0,5,7,5,10,0,0.6666666666666666,0.5,1.0,0.6666666666666666,0.0,0.5,0.5,0.0,162.16666666666666
335998,2008-04-30,Delhi,Feroz Shah Kotla,Delhi Capitals,Royal Challengers Bengaluru,Royal Challengers Bengaluru,field,Delhi Capitals,GD McGrath,2007,1,1,12,12,11,1,0.6666666666666666,0.5,1.0,0.6666666666666666,0.25,0.5,0.5,0.25,155.635593220339
335999,2008-05-01,Hyderabad,Rajiv Gandhi International Stadium,Sunrisers Hyderabad,Punjab Kings,Punjab Kings,field,Punjab Kings,SE Marsh,2007,0,13,9,9,29,1,0.25,0.5,0.0,0.25,0.5,0.5,0.5,0.5,161.58823529411765
336000,2008-05-01,Jaipur,Sawai Mansingh Stadium,Rajasthan Royals,Kolkata Knight Riders,Rajasthan Royals,bat,Rajasthan Royals,SA Asnodkar,2007,1,10,5,10,32,0,0.75,0.5,1.0,0.75,0.5,0.5,0.5,0.5,161.11363636363637
336001,2008-05-02,Chennai,MA Chidambaram Stadium,Chennai Super Kings,Delhi Capitals,Chennai Super Kings,bat,Delhi Capitals,V Sehwag,2007,0,0,1,0,19,0,1.0,0.5,1.0,1.0,0.75,0.5,0.5,0.75,158.45698924731184
336034,2008-05-03,Bangalore,M Chinnaswamy Stadium,Royal Challengers Bengaluru,Sunrisers Hyderabad,Sunrisers Hyderabad,field,Royal Challengers Bengaluru,P Kumar,2007,1,12,13,13,17,1,0.2,0.5,0.0,0.2,0.2,0.5,0.5,0.2,165.54651162790697
336003,2008-05-03,Chandigarh,Punjab Cricket Association Stadium,Punjab Kings,Kolkata Knight Riders,Punjab Kings,bat,Punjab Kings,IK Pathan,2007,1,9,5,9,28,0,0.6,0.5,0.6666666666666666,0.6,0.4,0.5,0.5,0.4,156.95714285714286
336004,2008-05-04,Mumbai,Dr DY Patil Sports Academy,Mumbai Indians,Delhi Capitals,Delhi Capitals,field,Mumbai Indians,SM Pollock,2007,1,7,1,1,7,1,0.2,0.5,0.0,0.2,0.8,0.5,0.5,0.8,153.82432432432432
336005,2008-05-04,Jaipur,Sawai Mansingh Stadium,Rajasthan Royals,Chennai Super Kings,Chennai Super Kings,bat,Rajasthan Royals,Sohail Tanvir,2007,1,10,0,0,32,0,0.8,0.5,1.0,0.8,0.8,0.5,0.5,0.8,161.11363636363637
336006,2008-05-05,Bangalore,M Chinnaswamy Stadium,Royal Challengers Bengaluru,Punjab Kings,Punjab Kings,field,Punjab Kings,S Sreesanth,2007,0,12,9,9,17,1,0.3333333333333333,0.5,0.25,0.4,0.6666666666666666,0.5,0.5,0.8,165.54651162790697
336007,2008-05-06,Chennai,MA Chidambaram Stadium,Chennai Super Kings,Sunrisers Hyderabad,Sunrisers Hyderabad,field,Sunrisers Hyderabad,AC Gilchrist,2007,0,0,13,13,19,1,0.6666666666666666,0.5,0.6666666666666666,0.6,0.16666666666666666,0.5,0.5,0.2,158.45698924731184
336008,2008-05-07,Mumbai,Dr DY Patil Sports Academy,Mumbai Indians,Rajasthan Royals,Mumbai Indians,field,Mumbai Indians,A Nehra,2007,1,7,10,7,7,1,0.3333333333333333,0.5,0.5,0.4,0.8333333333333334,0.5,0.5,1.0,153.82432432432432
336010,2008-05-08,Kolkata,Eden Gardens,Kolkata Knight Riders,Royal Challengers Bengaluru,Kolkata Knight Riders,bat,Kolkata Knight Riders,SC Ganguly,2007,1,5,12,5,10,0,0.3333333333333333,1.0,0.5,0.2,0.2857142857142857,0.0,0.5,0.2,162.16666666666666
336009,2008-05-08,Delhi,Feroz Shah Kotla,Delhi Capitals,Chennai Super Kings,Chennai Super Kings,field,Chennai Super Kings,MS Dhoni,2007,0,1,0,0,11,1,0.6666666666666666,1.0,1.0,0.6,0.5714285714285714,0.0,0.5,0.4,155.635593220339
336011,2008-05-09,Jaipur,Sawai Mansingh Stadium,Rajasthan Royals,Sunrisers Hyderabad,Rajasthan Royals,field,Rajasthan Royals,YK Pathan,2007,1,10,13,10,32,1,0.7142857142857143,1.0,1.0,0.8,0.2857142857142857,0.0,0.5,0.4,161.11363636363637
336013,2008-05-10,Chennai,MA Chidambaram Stadium,Chennai Super Kings,Punjab Kings,Punjab Kings,field,Chennai Super Kings,L Balaji,2007,1,0,9,9,19,1,0.625,1.0,0.5,0.4,0.7142857142857143,0.0,0.5,1.0,158.45698924731184
336014,2008-05-11,Hyderabad,Rajiv Gandhi International Stadium,Sunrisers Hyderabad,Kolkata Knight Riders,Kolkata Knight Riders,bat,Kolkata Knight Riders,SC Ganguly,2007,0,13,5,5,29,0,0.25,0.0,0.0,0.4,0.42857142857142855,1.0,0.5,0.2,161.58823529411765
336015,2008-05-11,Jaipur,Sawai Mansingh Stadium,Rajasthan Royals,Delhi Capitals,Rajasthan Royals,field,Rajasthan Royals,SR Watson,2007,1,10,1,10,32,1,0.75,0.0,1.0,0.8,0.5714285714285714,1.0,0.5,0.4,161.11363636363637
336016,2008-05-12,Chandigarh,Punjab Cricket Association Stadium,Punjab Kings,Royal Challengers Bengaluru,Royal Challengers Bengaluru,bat,Punjab Kings,SE Marsh,2007,1,9,12,12,28,0,0.625,1.0,0.75,0.8,0.25,0.0,0.5,0.2,156.95714285714286
336017,2008-05-13,Kolkata,Eden Gardens,Kolkata Knight Riders,Delhi Capitals,Kolkata Knight Riders,bat,Kolkata Knight Riders,Shoaib Akhtar,2007,1,5,1,5,10,0,0.5,0.5,0.6666666666666666,0.4,0.5,0.5,0.5,0.4,162.16666666666666
336018,2008-05-14,Mumbai,Wankhede Stadium,Mumbai Indians,Chennai Super Kings,Mumbai Indians,field,Mumbai Indians,ST Jayasuriya,2007,1,7,0,7,40,1,0.42857142857142855,0.0,0.0,0.6,0.6666666666666666,1.0,0.5,0.4,166.984496124031
336020,2008-05-15,Delhi,Feroz Shah Kotla,Delhi Capitals,Sunrisers Hyderabad,Sunrisers Hyderabad,field,Delhi Capitals,A Mishra,2007,1,1,13,13,11,1,0.4444444444444444,1.0,0.6666666666666666,0.2,0.2222222222222222,0.0,0.5,0.2,155.635593220339
336021,2008-05-16,Mumbai,Wankhede Stadium,Mumbai Indians,Kolkata Knight Riders,Mumbai Indians,field,Mumbai Indians,SM Pollock,2007,1,7,5,7,40,1,0.5,1.0,0.5,0.8,0.5555555555555556,0.0,0.5,0.6,166.984496124031
336023,2008-05-17,Jaipur,Sawai Mansingh Stadium,Rajasthan Royals,Royal Challengers Bengaluru,Royal Challengers Bengaluru,field,Rajasthan Royals,GC Smith,2007,1,10,12,12,32,1,0.7777777777777778,1.0,1.0,0.8,0.2222222222222222,0.0,0.5,0.2,161.11363636363637
336022,2008-05-17,Delhi,Feroz Shah Kotla,Delhi Capitals,Punjab Kings,Delhi Capitals,bat,Punjab Kings,DPMD Jayawardene,2007,0,1,9,1,11,0,0.5,0.0,0.75,0.2,0.6666666666666666,1.0,0.5,0.8,155.635593220339
336024,2008-05-18,Hyderabad,Rajiv Gandhi International Stadium,Sunrisers Hyderabad,Mumbai Indians,Sunrisers Hyderabad,field,Mumbai Indians,DJ Bravo,2007,0,13,7,13,29,1,0.2,1.0,0.0,0.2,0.5555555555555556,0.0,0.5,1.0,161.58823529411765
336025,2008-05-18,Kolkata,Eden Gardens,Kolkata Knight Riders,Chennai Super Kings,Kolkata Knight Riders,bat,Chennai Super Kings,M Ntini,2007,0,5,0,5,10,0,0.5,0.0,0.75,0.6,0.6,1.0,0.5,0.4,162.16666666666666
336026,2008-05-19,Bangalore,M Chinnaswamy Stadium,Royal Challengers Bengaluru,Delhi Capitals,Delhi Capitals,field,Delhi Capitals,SP Goswami,2007,0,12,1,1,17,1,0.2,0.0,0.2,0.2,0.45454545454545453,1.0,0.5,0.2,165.54651162790697
336027,2008-05-20,Kolkata,Eden Gardens,Kolkata Knight Riders,Rajasthan Royals,Rajasthan Royals,field,Rajasthan Royals,YK Pathan,2007,0,5,10,10,10,1,0.45454545454545453,0.0,0.6,0.6,0.8,1.0,0.5,0.8,162.16666666666666
336028,2008-05-21,Mumbai,Wankhede Stadium,Mumbai Indians,Punjab Kings,Mumbai Indians,field,Punjab Kings,SE Marsh,2007,0,7,9,7,40,1,0.6,0.0,0.6666666666666666,1.0,0.7,1.0,0.5,0.8,166.984496124031
336029,2008-05-21,Chennai,MA Chidambaram Stadium,Chennai Super Kings,Royal Challengers Bengaluru,Royal Challengers Bengaluru,bat,Royal Challengers Bengaluru,A Kumble,2007,0,0,12,12,19,0,0.6363636363636364,1.0,0.6,0.6,0.18181818181818182,0.0,0.5,0.0,158.45698924731184
336031,2008-05-23,Chandigarh,Punjab Cricket Association Stadium,Punjab Kings,Sunrisers Hyderabad,Punjab Kings,field,Punjab Kings,SE Marsh,2007,1,9,13,9,28,1,0.7272727272727273,1.0,0.8,0.8,0.18181818181818182,0.0,0.5,0.2,156.95714285714286
336032,2008-05-24,Delhi,Feroz Shah Kotla,Delhi Capitals,Mumbai Indians,Delhi Capitals,field,Delhi Capitals,KD Karthik,2007,1,1,7,1,11,1,0.5,0.0,0.6,0.4,0.5454545454545454,1.0,0.5,0.8,155.635593220339
336033,2008-05-24,Chennai,MA Chidambaram Stadium,Chennai Super Kings,Rajasthan Royals,Rajasthan Royals,bat,Rajasthan Royals,JA Morkel,2007,0,0,10,10,19,0,0.5833333333333334,0.0,0.5,0.6,0.8181818181818182,1.0,0.5,0.8,158.45698924731184
336002,2008-05-25,Hyderabad,Rajiv Gandhi International Stadium,Sunrisers Hyderabad,Royal Challengers Bengaluru,Sunrisers Hyderabad,bat,Royal Challengers Bengaluru,R Vinay Kumar,2007,0,13,12,13,29,0,0.16666666666666666,0.0,0.0,0.0,0.25,1.0,0.5,0.2,161.58823529411765
336035,2008-05-25,Kolkata,Eden Gardens,Kolkata Knight Riders,Punjab Kings,Punjab Kings,bat,Kolkata Knight Riders,Umar Gul,2007,1,5,9,9,10,0,0.4166666666666667,0.0,0.5,0.4,0.75,1.0,0.5,0.8,162.16666666666666
336036,2008-05-26,Jaipur,Sawai Mansingh Stadium,Rajasthan Royals,Mumbai Indians,Rajasthan Royals,field,Rajasthan Royals,Sohail Tanvir,2007,1,10,7,10,32,1,0.8333333333333334,0.0,1.0,1.0,0.5,1.0,0.5,0.6,161.11363636363637
336037,2008-05-27,Hyderabad,Rajiv Gandhi International Stadium,Sunrisers Hyderabad,Chennai Super Kings,Sunrisers Hyderabad,bat,Chennai Super Kings,SK Raina,2007,0,13,0,13,29,0,0.15384615384615385,1.0,0.0,0.0,0.5384615384615384,0.0,0.5,0.4,161.58823529411765
336019,2008-05-28,Chandigarh,Punjab Cricket Association Stadium,Punjab Kings,Rajasthan Royals,Rajasthan Royals,field,Punjab Kings,SE Marsh,2007,1,9,10,10,28,1,0.6923076923076923,0.0,0.8333333333333334,0.8,0.8461538461538461,1.0,0.5,1.0,156.95714285714286
336012,2008-05-28,Bangalore,M Chinnaswamy Stadium,Royal Challengers Bengaluru,Mumbai Indians,Mumbai Indians,field,Mumbai Indians,CRD Fernando,2007,0,12,7,7,17,1,0.3076923076923077,1.0,0.16666666666666666,0.4,0.46153846153846156,0.0,0.5,0.4,165.54651162790697
336038,2008-05-30,Mumbai,Wankhede Stadium,Delhi Capitals,Rajasthan Royals,Delhi Capitals,field,Rajasthan Royals,SR Watson,2007,0,1,10,1,40,1,0.5384615384615384,0.5,0.5,0.6,0.7857142857142857,0.5,0.5,0.8,166.984496124031
336039,2008-05-31,Mumbai,Wankhede Stadium,Chennai Super Kings,Punjab Kings,Punjab Kings,bat,Chennai Super Kings,M Ntini,2007,1,0,9,9,40,0,0.5714285714285714,1.0,0.0,0.4,0.7142857142857143,0.0,1.0,0.8,166.984496124031
336040,2008-06-01,Mumbai,Dr DY Patil Sports Academy,Chennai Super Kings,Rajasthan Royals,Rajasthan Royals,field,Rajasthan Royals,YK Pathan,2007,0,0,10,10,7,1,0.6,0.0,0.5,0.6,0.8,1.0,0.0,0.8,153.82432432432432
392181,2009-04-18,Cape Town,Newlands,Chennai Super Kings,Mumbai Indians,Chennai Super Kings,field,Mumbai Indians,SR Tendulkar,2009,0,0,7,0,25,1,0.5625,0.5,0.5,0.4,0.5,0.5,0.5,0.4,122.0
392182,2009-04-18,Cape Town,Newlands,Royal Challengers Bengaluru,Rajasthan Royals,Royal Challengers Bengaluru,bat,Royal Challengers Bengaluru,R Dravid,2009,1,12,10,12,25,0,0.2857142857142857,0.0,0.5,0.4,0.8125,1.0,0.5,0.8,122.0
392183,2009-04-19,Cape Town,Newlands,Delhi Capitals,Punjab Kings,Delhi Capitals,field,Delhi Capitals,DL Vettori,2009,1,1,9,1,25,1,0.5,0.0,0.5,0.6,0.6666666666666666,1.0,0.5,0.6,122.0
392184,2009-04-19,Cape Town,Newlands,Sunrisers Hyderabad,Kolkata Knight Riders,Kolkata Knight Riders,bat,Sunrisers Hyderabad,RP Singh,2009,1,13,5,5,25,0,0.14285714285714285,0.0,0.5,0.0,0.46153846153846156,1.0,0.5,0.4,122.0
392185,2009-04-20,Port Elizabeth,St George's Park,Royal Challengers Bengaluru,Chennai Super Kings,Chennai Super Kings,bat,Chennai Super Kings,M Muralitharan,2009,0,12,0,0,36,0,0.3333333333333333,0.5,0.5,0.6,0.5294117647058824,0.5,0.5,0.4,145.21428571428572
392186,2009-04-21,Durban,Kingsmead,Punjab Kings,Kolkata Knight Riders,Kolkata Knight Riders,field,Kolkata Knight Riders,CH Gayle,2009,0,9,5,5,16,1,0.625,0.5,0.5,0.4,0.42857142857142855,0.5,0.5,0.2,145.1
392188,2009-04-22,Cape Town,Newlands,Royal Challengers Bengaluru,Sunrisers Hyderabad,Sunrisers Hyderabad,bat,Sunrisers Hyderabad,AC Gilchrist,2009,0,12,13,13,25,0,0.3125,1.0,1.0,0.6,0.2,0.0,1.0,0.2,122.0
392189,2009-04-23,Durban,Kingsmead,Chennai Super Kings,Delhi Capitals,Delhi Capitals,bat,Delhi Capitals,AB de Villiers,2009,0,0,1,1,16,0,0.5555555555555556,0.5,0.5,0.6,0.5333333333333333,0.5,0.5,0.6,145.1
392191,2009-04-24,Durban,Kingsmead,Royal Challengers Bengaluru,Punjab Kings,Royal Challengers Bengaluru,bat,Punjab Kings,RS Bopara,2009,0,12,9,12,16,0,0.29411764705882354,0.0,0.5,0.4,0.5882352941176471,1.0,0.0,0.2,145.1
392192,2009-04-25,Durban,Kingsmead,Sunrisers Hyderabad,Mumbai Indians,Sunrisers Hyderabad,bat,Sunrisers Hyderabad,PP Ojha,2009,1,13,7,13,16,0,0.25,0.5,0.5,0.4,0.5333333333333333,0.5,0.5,0.4,145.1
392194,2009-04-26,Port Elizabeth,St George's Park,Royal Challengers Bengaluru,Delhi Capitals,Royal Challengers Bengaluru,bat,Delhi Capitals,TM Dilshan,2009,0,12,1,12,36,0,0.2777777777777778,0.0,0.0,0.2,0.5625,1.0,0.5,0.8,145.21428571428572
392195,2009-04-26,Cape Town,Newlands,Punjab Kings,Rajasthan Royals,Punjab Kings,bat,Punjab Kings,KC Sangakkara,2009,1,9,10,9,25,0,0.6111111111111112,0.5,0.0,0.4,0.7647058823529411,0.5,0.0,0.6,122.0
392196,2009-04-27,Durban,Kingsmead,Chennai Super Kings,Sunrisers Hyderabad,Sunrisers Hyderabad,field,Sunrisers Hyderabad,HH Gibbs,2009,0,0,13,13,16,1,0.5263157894736842,0.5,0.0,0.4,0.29411764705882354,0.5,1.0,0.6,145.1
392197,2009-04-27,Port Elizabeth,St George's Park,Kolkata Knight Riders,Mumbai Indians,Mumbai Indians,bat,Mumbai Indians,SR Tendulkar,2009,0,5,7,7,36,0,0.4666666666666667,0.0,0.5,0.4,0.5,1.0,0.5,0.4,145.21428571428572
392198,2009-04-28,Centurion,SuperSport Park,Delhi Capitals,Rajasthan Royals,Delhi Capitals,bat,Rajasthan Royals,YK Pathan,2009,0,1,10,1,38,0,0.5882352941176471,0.3333333333333333,0.5,0.8,0.7222222222222222,0.6666666666666666,0.5,0.4,152.20833333333334
392200,2009-04-29,Durban,Kingsmead,Punjab Kings,Mumbai Indians,Punjab Kings,bat,Punjab Kings,KC Sangakkara,2009,1,9,7,9,16,0,0.631578947368421,1.0,0.5,0.4,0.5294117647058824,0.0,0.0,0.6,145.1
392199,2009-04-29,Durban,Kingsmead,Royal Challengers Bengaluru,Kolkata Knight Riders,Kolkata Knight Riders,bat,Royal Challengers Bengaluru,MV Boucher,2009,1,12,5,5,16,0,0.2631578947368421,0.0,0.0,0.2,0.4375,1.0,1.0,0.4,145.1
392202,2009-04-30,Centurion,SuperSport Park,Chennai Super Kings,Rajasthan Royals,Rajasthan Royals,field,Chennai Super Kings,SK Raina,2009,1,0,10,10,38,1,0.5,0.0,0.5,0.2,0.7368421052631579,1.0,1.0,0.6,152.20833333333334
392201,2009-04-30,Centurion,SuperSport Park,Sunrisers Hyderabad,Delhi Capitals,Delhi Capitals,field,Delhi Capitals,DP Nannes,2009,0,13,1,1,38,1,0.3333333333333333,0.0,0.5,0.8,0.5555555555555556,1.0,0.0,0.6,152.20833333333334
392204,2009-05-01,Durban,Kingsmead,Royal Challengers Bengaluru,Punjab Kings,Royal Challengers Bengaluru,bat,Royal Challengers Bengaluru,Yuvraj Singh,2009,1,12,9,12,16,0,0.3,0.0,0.5,0.2,0.65,1.0,0.6666666666666666,0.6,145.1
392203,2009-05-01,East London,Buffalo Park,Kolkata Knight Riders,Mumbai Indians,Mumbai Indians,bat,Mumbai Indians,JP Duminy,2009,0,5,7,7,5,0,0.4117647058823529,0.0,0.5,0.4,0.5,1.0,0.5,0.6,133.16666666666666
392205,2009-05-02,Port Elizabeth,St George's Park,Sunrisers Hyderabad,Rajasthan Royals,Sunrisers Hyderabad,bat,Rajasthan Royals,YK Pathan,2009,0,13,10,13,36,0,0.3157894736842105,0.0,0.5,0.8,0.7,1.0,0.5,0.4,145.21428571428572
392206,2009-05-02,Johannesburg,New Wanderers Stadium,Chennai Super Kings,Delhi Capitals,Delhi Capitals,field,Chennai Super Kings,SB Jakati,2009,1,0,1,1,24,1,0.5238095238095238,0.3333333333333333,0.5,0.4,0.5789473684210527,0.6666666666666666,0.5,0.8,143.25
392208,2009-05-03,Johannesburg,New Wanderers Stadium,Royal Challengers Bengaluru,Mumbai Indians,Mumbai Indians,bat,Royal Challengers Bengaluru,JH Kallis,2009,1,12,7,7,24,0,0.3333333333333333,0.5,0.5,0.4,0.5263157894736842,0.5,0.5,0.6,143.25
392207,2009-05-03,Port Elizabeth,St George's Park,Punjab Kings,Kolkata Knight Riders,Kolkata Knight Riders,bat,Punjab Kings,DPMD Jayawardene,2009,1,9,5,5,36,0,0.6190476190476191,0.3333333333333333,0.5,0.6,0.3888888888888889,0.6666666666666666,0.0,0.2,145.21428571428572
392209,2009-05-04,East London,Buffalo Park,Chennai Super Kings,Sunrisers Hyderabad,Chennai Super Kings,bat,Chennai Super Kings,MS Dhoni,2009,1,0,13,0,5,0,0.5454545454545454,0.3333333333333333,0.5,0.6,0.3,0.6666666666666666,0.5,0.6,133.16666666666666
392210,2009-05-05,Durban,Kingsmead,Punjab Kings,Rajasthan Royals,Punjab Kings,field,Rajasthan Royals,GC Smith,2009,0,9,10,9,16,1,0.6363636363636364,0.6666666666666666,0.5,0.8,0.7142857142857143,0.3333333333333333,0.5,0.4,145.1
392211,2009-05-05,Durban,Kingsmead,Delhi Capitals,Kolkata Knight Riders,Kolkata Knight Riders,bat,Delhi Capitals,G Gambhir,2009,1,1,5,5,16,0,0.55,0.0,1.0,0.6,0.3684210526315789,1.0,0.5,0.2,145.1
392212,2009-05-06,Centurion,SuperSport Park,Sunrisers Hyderabad,Mumbai Indians,Sunrisers Hyderabad,bat,Sunrisers Hyderabad,RG Sharma,2009,1,13,7,13,38,0,0.2857142857142857,0.6666666666666666,0.0,0.4,0.5,0.3333333333333333,0.5,0.4,152.20833333333334
392213,2009-05-07,Centurion,SuperSport Park,Royal Challengers Bengaluru,Rajasthan Royals,Rajasthan Royals,field,Rajasthan Royals,A Singh,2009,0,12,10,10,38,1,0.36363636363636365,0.3333333333333333,0.5,0.6,0.7272727272727273,0.6666666666666666,0.5,0.6,152.20833333333334
392214,2009-05-07,Centurion,SuperSport Park,Chennai Super Kings,Punjab Kings,Chennai Super Kings,bat,Chennai Super Kings,ML Hayden,2009,1,0,9,0,38,0,0.5652173913043478,1.0,1.0,0.6,0.6086956521739131,0.0,0.5,0.6,152.20833333333334
392215,2009-05-08,East London,Buffalo Park,Delhi Capitals,Mumbai Indians,Mumbai Indians,bat,Delhi Capitals,A Nehra,2009,1,1,7,7,5,0,0.5714285714285714,0.5,0.5,0.6,0.47619047619047616,0.5,1.0,0.4,133.16666666666666
392216,2009-05-09,Kimberley,De Beers Diamond Oval,Sunrisers Hyderabad,Punjab Kings,Punjab Kings,field,Punjab Kings,DPMD Jayawardene,2009,0,13,9,9,6,1,0.3181818181818182,0.0,0.5,0.4,0.5833333333333334,1.0,0.5,0.4,149.5
392217,2009-05-09,Kimberley,De Beers Diamond Oval,Chennai Super Kings,Rajasthan Royals,Rajasthan Royals,bat,Chennai Super Kings,S Badrinath,2009,1,0,10,10,6,0,0.5833333333333334,0.25,0.5,0.8,0.7391304347826086,0.75,0.5,0.8,149.5
392218,2009-05-10,Port Elizabeth,St George's Park,Royal Challengers Bengaluru,Mumbai Indians,Mumbai Indians,bat,Mumbai Indians,JP Duminy,2009,0,12,7,7,36,0,0.34782608695652173,0.6666666666666666,0.0,0.6,0.45454545454545453,0.3333333333333333,1.0,0.2,145.21428571428572
392219,2009-05-10,Johannesburg,New Wanderers Stadium,Delhi Capitals,Kolkata Knight Riders,Delhi Capitals,field,Delhi Capitals,A Mishra,2009,1,1,5,1,24,1,0.5909090909090909,0.5,0.0,0.6,0.35,0.5,0.5,0.0,143.25
392220,2009-05-11,Kimberley,De Beers Diamond Oval,Sunrisers Hyderabad,Rajasthan Royals,Sunrisers Hyderabad,bat,Sunrisers Hyderabad,DR Smith,2009,1,13,10,13,6,0,0.30434782608695654,0.0,0.0,0.2,0.7083333333333334,1.0,0.0,0.6,149.5
392221,2009-05-12,Centurion,SuperSport Park,Royal Challengers Bengaluru,Kolkata Knight Riders,Royal Challengers Bengaluru,field,Royal Challengers Bengaluru,LRPL Taylor,2009,1,12,5,12,38,1,0.3333333333333333,0.3333333333333333,0.0,0.6,0.3333333333333333,0.6666666666666666,0.5,0.0,152.20833333333334
392222,2009-05-12,Centurion,SuperSport Park,Punjab Kings,Mumbai Indians,Punjab Kings,bat,Mumbai Indians,Harbhajan Singh,2009,0,9,7,9,38,0,0.6,1.0,0.0,0.4,0.4782608695652174,0.0,0.0,0.4,152.20833333333334
392223,2009-05-13,Durban,Kingsmead,Sunrisers Hyderabad,Delhi Capitals,Sunrisers Hyderabad,field,Delhi Capitals,R Bhatia,2009,0,13,1,13,16,1,0.3333333333333333,0.0,1.0,0.4,0.6086956521739131,1.0,1.0,0.8,145.1
392224,2009-05-14,Durban,Kingsmead,Royal Challengers Bengaluru,Chennai Super Kings,Chennai Super Kings,bat,Royal Challengers Bengaluru,LRPL Taylor,2009,1,12,0,0,16,0,0.36,0.3333333333333333,0.6666666666666666,0.6,0.6,0.6666666666666666,0.0,1.0,145.1
392225,2009-05-14,Durban,Kingsmead,Mumbai Indians,Rajasthan Royals,Rajasthan Royals,bat,Rajasthan Royals,SK Warne,2009,0,7,10,10,16,0,0.5,0.5,0.0,0.4,0.68,0.5,1.0,0.6,145.1
392226,2009-05-15,Bloemfontein,OUTsurance Oval,Delhi Capitals,Punjab Kings,Punjab Kings,field,Punjab Kings,B Lee,2009,0,1,9,9,26,1,0.625,0.3333333333333333,0.5,0.8,0.5769230769230769,0.6666666666666666,0.5,0.4,132.25
392227,2009-05-16,Port Elizabeth,St George's Park,Chennai Super Kings,Mumbai Indians,Mumbai Indians,bat,Chennai Super Kings,ML Hayden,2009,1,0,7,7,36,0,0.5769230769230769,0.3333333333333333,1.0,0.8,0.48,0.6666666666666666,1.0,0.4,145.21428571428572
392228,2009-05-16,Johannesburg,New Wanderers Stadium,Sunrisers Hyderabad,Kolkata Knight Riders,Sunrisers Hyderabad,field,Sunrisers Hyderabad,RG Sharma,2009,1,13,5,13,24,1,0.32,0.3333333333333333,0.5,0.4,0.3181818181818182,0.6666666666666666,0.0,0.0,143.25
392229,2009-05-17,Johannesburg,New Wanderers Stadium,Sunrisers Hyderabad,Punjab Kings,Sunrisers Hyderabad,field,Punjab Kings,Yuvraj Singh,2009,0,13,9,13,24,1,0.34615384615384615,0.0,1.0,0.6,0.5925925925925926,1.0,0.5,0.4,143.25
392230,2009-05-17,Bloemfontein,OUTsurance Oval,Delhi Capitals,Rajasthan Royals,Delhi Capitals,bat,Delhi Capitals,AB de Villiers,2009,1,1,10,1,26,0,0.6,0.25,0.0,0.8,0.6923076923076923,0.75,0.5,0.6,132.25
392231,2009-05-18,Centurion,SuperSport Park,Chennai Super Kings,Kolkata Knight Riders,Chennai Super Kings,bat,Kolkata Knight Riders,BJ Hodge,2009,0,0,5,0,38,0,0.5925925925925926,1.0,1.0,0.8,0.30434782608695654,0.0,0.0,0.0,152.20833333333334
392232,2009-05-19,Johannesburg,New Wanderers Stadium,Royal Challengers Bengaluru,Delhi Capitals,Delhi Capitals,bat,Royal Challengers Bengaluru,JH Kallis,2009,1,12,1,1,24,0,0.38461538461538464,0.0,1.0,0.6,0.6153846153846154,1.0,0.5,0.8,143.25
392233,2009-05-20,Durban,Kingsmead,Kolkata Knight Riders,Rajasthan Royals,Kolkata Knight Riders,field,Kolkata Knight Riders,LR Shukla,2009,1,5,10,5,16,1,0.3333333333333333,0.0,0.3333333333333333,0.2,0.6666666666666666,1.0,1.0,0.4,145.1
392234,2009-05-20,Durban,Kingsmead,Chennai Super Kings,Punjab Kings,Chennai Super Kings,bat,Chennai Super Kings,M Muralitharan,2009,1,0,9,0,16,0,0.5714285714285714,1.0,0.0,0.6,0.6071428571428571,0.0,0.4,0.6,145.1
392235,2009-05-21,Centurion,SuperSport Park,Delhi Capitals,Mumbai Indians,Delhi Capitals,field,Delhi Capitals,V Sehwag,2009,1,1,7,1,38,1,0.5925925925925926,0.6666666666666666,0.5,0.6,0.46153846153846156,0.3333333333333333,0.5,0.4,152.20833333333334
392236,2009-05-21,Centurion,SuperSport Park,Royal Challengers Bengaluru,Sunrisers Hyderabad,Royal Challengers Bengaluru,bat,Royal Challengers Bengaluru,MK Pandey,2009,1,12,13,12,38,0,0.4074074074074074,0.6666666666666666,0.5,0.6,0.3333333333333333,0.3333333333333333,0.5,0.4,152.20833333333334
392237,2009-05-22,Centurion,SuperSport Park,Delhi Capitals,Sunrisers Hyderabad,Sunrisers Hyderabad,field,Sunrisers Hyderabad,AC Gilchrist,2009,0,1,13,13,38,1,0.6071428571428571,1.0,0.6666666666666666,0.6,0.32142857142857145,0.0,0.3333333333333333,0.4,152.20833333333334
392238,2009-05-23,Johannesburg,New Wanderers Stadium,Royal Challengers Bengaluru,Chennai Super Kings,Royal Challengers Bengaluru,field,Royal Challengers Bengaluru,MK Pandey,2009,1,12,0,12,24,1,0.42857142857142855,0.5,1.0,0.8,0.5862068965517241,0.5,1.0,0.6,143.25
392239,2009-05-24,Johannesburg,New Wanderers Stadium,Royal Challengers Bengaluru,Sunrisers Hyderabad,Royal Challengers Bengaluru,field,Sunrisers Hyderabad,A Kumble,2009,0,12,13,12,24,1,0.4482758620689655,0.75,1.0,1.0,0.3448275862068966,0.25,0.5,0.4,143.25
419106,2010-03-12,Mumbai,Dr DY Patil Sports Academy,Sunrisers Hyderabad,Kolkata Knight Riders,Sunrisers Hyderabad,field,Kolkata Knight Riders,AD Mathews,2009,0,13,5,13,7,1,0.36666666666666664,0.5,1.0,0.6,0.36,0.5,0.5,0.4,153.82432432432432
419107,2010-03-13,Mumbai,Brabourne Stadium,Mumbai Indians,Rajasthan Royals,Mumbai Indians,bat,Mumbai Indians,YK Pathan,2009,1,7,10,7,4,0,0.4444444444444444,0.3333333333333333,0.5,0.4,0.6428571428571429,0.6666666666666666,0.5,0.2,172.3148148148148
419108,2010-03-13,Chandigarh,Punjab Cricket Association Stadium,Punjab Kings,Delhi Capitals,Delhi Capitals,field,Delhi Capitals,G Gambhir,2009,0,9,1,1,28,1,0.5862068965517241,0.75,0.8571428571428571,0.6,0.5862068965517241,0.25,0.0,0.4,156.95714285714286
419109,2010-03-14,Kolkata,Eden Gardens,Kolkata Knight Riders,Royal Challengers Bengaluru,Kolkata Knight Riders,field,Kolkata Knight Riders,MK Tiwary,2009,1,5,12,5,10,1,0.38461538461538464,0.5,0.5714285714285714,0.6,0.43333333333333335,0.5,0.0,0.8,162.16666666666666
419110,2010-03-14,Chennai,MA Chidambaram Stadium,Chennai Super Kings,Sunrisers Hyderabad,Sunrisers Hyderabad,bat,Sunrisers Hyderabad,WPUJC Vaas,2009,0,0,13,13,19,0,0.5666666666666667,0.5,0.42857142857142855,0.4,0.3548387096774194,0.5,1.0,0.4,158.45698924731184
419111,2010-03-15,Ahmedabad,Sardar Patel Stadium,Rajasthan Royals,Delhi Capitals,Delhi Capitals,field,Delhi Capitals,V Sehwag,2009,0,10,1,1,30,1,0.6206896551724138,0.6,0.5,0.2,0.6,0.4,0.5,0.6,152.9090909090909
419112,2010-03-16,Bangalore,M Chinnaswamy Stadium,Royal Challengers Bengaluru,Punjab Kings,Punjab Kings,bat,Royal Challengers Bengaluru,JH Kallis,2009,1,12,9,9,17,0,0.41935483870967744,0.25,0.14285714285714285,0.6,0.5666666666666667,0.75,1.0,0.4,165.54651162790697
419113,2010-03-16,Kolkata,Eden Gardens,Kolkata Knight Riders,Chennai Super Kings,Chennai Super Kings,bat,Chennai Super Kings,MS Dhoni,2009,0,5,0,0,10,0,0.4074074074074074,0.3333333333333333,0.625,0.8,0.5483870967741935,0.6666666666666666,1.0,0.4,162.16666666666666
419114,2010-03-17,Delhi,Feroz Shah Kotla,Delhi Capitals,Mumbai Indians,Delhi Capitals,field,Mumbai Indians,SR Tendulkar,2009,0,1,7,1,11,1,0.6129032258064516,0.75,0.6666666666666666,0.6,0.4642857142857143,0.25,0.0,0.4,155.635593220339
419115,2010-03-18,Bangalore,M Chinnaswamy Stadium,Royal Challengers Bengaluru,Rajasthan Royals,Royal Challengers Bengaluru,field,Royal Challengers Bengaluru,JH Kallis,2009,1,12,10,12,17,1,0.4375,0.25,0.25,0.6,0.6,0.75,1.0,0.2,165.54651162790697
419116,2010-03-19,Delhi,Feroz Shah Kotla,Delhi Capitals,Chennai Super Kings,Delhi Capitals,bat,Chennai Super Kings,ML Hayden,2009,0,1,0,1,11,0,0.59375,0.5,0.5714285714285714,0.6,0.5625,0.5,1.0,0.4,155.635593220339
419117,2010-03-19,Cuttack,Barabati Stadium,Sunrisers Hyderabad,Punjab Kings,Punjab Kings,field,Sunrisers Hyderabad,A Symonds,2009,1,13,9,9,1,1,0.375,0.0,0.5,0.6,0.5483870967741935,1.0,0.5,0.4,162.71428571428572
419119,2010-03-20,Mumbai,Brabourne Stadium,Mumbai Indians,Royal Challengers Bengaluru,Mumbai Indians,bat,Royal Challengers Bengaluru,JH Kallis,2009,0,7,12,7,4,0,0.4827586206896552,0.5,1.0,0.4,0.45454545454545453,0.5,0.5,0.6,172.3148148148148
419118,2010-03-20,Ahmedabad,Sardar Patel Stadium,Rajasthan Royals,Kolkata Knight Riders,Rajasthan Royals,bat,Rajasthan Royals,AA Jhunjhunwala,2009,1,10,5,10,30,0,0.5806451612903226,0.6666666666666666,0.0,0.0,0.39285714285714285,0.3333333333333333,0.5,0.8,152.9090909090909
419120,2010-03-21,Cuttack,Barabati Stadium,Sunrisers Hyderabad,Delhi Capitals,Sunrisers Hyderabad,bat,Sunrisers Hyderabad,A Symonds,2009,1,13,1,13,1,0,0.3939393939393939,0.2,1.0,0.8,0.5757575757575758,0.8,0.5,0.4,162.71428571428572
419122,2010-03-22,Mumbai,Brabourne Stadium,Mumbai Indians,Kolkata Knight Riders,Kolkata Knight Riders,bat,Mumbai Indians,SR Tendulkar,2009,1,7,5,5,4,0,0.4666666666666667,1.0,0.5,0.4,0.3793103448275862,0.0,0.5,0.6,172.3148148148148
419123,2010-03-23,Bangalore,M Chinnaswamy Stadium,Royal Challengers Bengaluru,Chennai Super Kings,Chennai Super Kings,field,Royal Challengers Bengaluru,RV Uthappa,2009,1,12,0,0,17,1,0.47058823529411764,0.6,0.3333333333333333,0.6,0.5757575757575758,0.4,1.0,0.6,165.54651162790697
419124,2010-03-24,Chandigarh,Punjab Cricket Association Stadium,Punjab Kings,Rajasthan Royals,Punjab Kings,field,Rajasthan Royals,AC Voges,2009,0,9,10,9,28,1,0.53125,0.5,0.75,0.2,0.59375,0.5,0.0,0.2,156.95714285714286
419125,2010-03-25,Mumbai,Brabourne Stadium,Chennai Super Kings,Mumbai Indians,Mumbai Indians,field,Mumbai Indians,SR Tendulkar,2009,0,0,7,7,4,1,0.5588235294117647,0.5,0.5,0.4,0.4838709677419355,0.5,0.6666666666666666,0.6,172.3148148148148
419128,2010-03-25,Bangalore,M Chinnaswamy Stadium,Royal Challengers Bengaluru,Delhi Capitals,Royal Challengers Bengaluru,field,Delhi Capitals,KM Jadhav,2009,0,12,1,12,17,1,0.4857142857142857,0.25,0.4,0.8,0.5588235294117647,0.75,1.0,0.4,165.54651162790697
419126,2010-03-26,Ahmedabad,Sardar Patel Stadium,Rajasthan Royals,Sunrisers Hyderabad,Sunrisers Hyderabad,bat,Rajasthan Royals,YK Pathan,2009,1,10,13,13,30,0,0.6060606060606061,0.75,0.5,0.4,0.4117647058823529,0.25,0.5,0.8,152.9090909090909
419127,2010-03-27,Chandigarh,Punjab Cricket Association Stadium,Punjab Kings,Kolkata Knight Riders,Kolkata Knight Riders,bat,Kolkata Knight Riders,MK Tiwary,2009,0,9,5,5,28,0,0.5151515151515151,0.5,0.6666666666666666,0.0,0.36666666666666664,0.5,0.0,0.4,156.95714285714286
419129,2010-03-28,Ahmedabad,Sardar Patel Stadium,Rajasthan Royals,Chennai Super Kings,Rajasthan Royals,bat,Rajasthan Royals,NV Ojha,2009,1,10,0,10,30,0,0.6176470588235294,0.6,0.6666666666666666,0.6,0.5428571428571428,0.4,0.5,0.4,152.9090909090909
419130,2010-03-28,Mumbai,Dr DY Patil Sports Academy,Sunrisers Hyderabad,Mumbai Indians,Sunrisers Hyderabad,field,Mumbai Indians,Harbhajan Singh,2009,0,13,7,13,7,1,0.4,0.75,0.5,0.6,0.5,0.25,0.6666666666666666,0.8,153.82432432432432
419131,2010-03-29,Delhi,Feroz Shah Kotla,Delhi Capitals,Kolkata Knight Riders,Delhi Capitals,bat,Delhi Capitals,DA Warner,2009,1,1,5,1,11,0,0.5714285714285714,0.6666666666666666,0.5,0.4,0.3870967741935484,0.3333333333333333,0.5,0.4,155.635593220339
419132,2010-03-30,Mumbai,Brabourne Stadium,Mumbai Indians,Punjab Kings,Mumbai Indians,field,Mumbai Indians,SL Malinga,2009,1,7,9,7,4,1,0.5151515151515151,0.25,0.75,0.8,0.5,0.75,0.5,0.0,172.3148148148148
419133,2010-03-31,Chennai,MA Chidambaram Stadium,Chennai Super Kings,Royal Challengers Bengaluru,Royal Challengers Bengaluru,bat,Chennai Super Kings,M Vijay,2009,1,0,12,12,19,0,0.5277777777777778,0.3333333333333333,0.375,0.4,0.4722222222222222,0.6666666666666666,1.0,0.8,158.45698924731184
419134,2010-03-31,Delhi,Feroz Shah Kotla,Delhi Capitals,Rajasthan Royals,Delhi Capitals,bat,Delhi Capitals,KD Karthik,2009,1,1,10,1,11,0,0.5833333333333334,0.5,0.5555555555555556,0.4,0.6285714285714286,0.5,0.0,0.8,155.635593220339
419135,2010-04-01,Kolkata,Eden Gardens,Kolkata Knight Riders,Sunrisers Hyderabad,Kolkata Knight Riders,bat,Kolkata Knight Riders,SC Ganguly,2009,1,5,13,5,10,0,0.375,0.6,0.5555555555555556,0.2,0.3888888888888889,0.4,0.0,0.6,162.16666666666666
419136,2010-04-02,Chandigarh,Punjab Cricket Association Stadium,Punjab Kings,Royal Challengers Bengaluru,Punjab Kings,bat,Royal Challengers Bengaluru,KP Pietersen,2009,0,9,12,9,28,0,0.4857142857142857,0.6,0.6,0.0,0.4594594594594595,0.4,0.0,0.6,156.95714285714286
419138,2010-04-03,Mumbai,Brabourne Stadium,Mumbai Indians,Sunrisers Hyderabad,Mumbai Indians,bat,Mumbai Indians,AT Rayudu,2009,1,7,13,7,4,0,0.5294117647058824,0.4,0.8,0.8,0.3783783783783784,0.6,0.5,0.4,172.3148148148148
419137,2010-04-03,Chennai,MA Chidambaram Stadium,Chennai Super Kings,Rajasthan Royals,Chennai Super Kings,bat,Chennai Super Kings,M Vijay,2009,1,0,10,0,19,0,0.5405405405405406,0.3333333333333333,0.4444444444444444,0.4,0.6111111111111112,0.6666666666666666,1.0,0.8,158.45698924731184
419140,2010-04-04,Delhi,Feroz Shah Kotla,Delhi Capitals,Royal Challengers Bengaluru,Delhi Capitals,bat,Delhi Capitals,PD Collingwood,2009,1,1,12,1,11,0,0.5945945945945946,0.8,0.6,0.6,0.47368421052631576,0.2,0.0,0.6,155.635593220339
419139,2010-04-04,Kolkata,Eden Gardens,Kolkata Knight Riders,Punjab Kings,Kolkata Knight Riders,bat,Punjab Kings,DPMD Jayawardene,2009,0,5,9,5,10,0,0.3939393939393939,0.6,0.6,0.4,0.4722222222222222,0.4,0.0,0.0,162.16666666666666
419141,2010-04-05,Nagpur,Vidarbha Cricket Association Stadium,Sunrisers Hyderabad,Rajasthan Royals,Rajasthan Royals,bat,Rajasthan Royals,SK Warne,2009,0,13,10,10,39,0,0.3684210526315789,0.2,0.5,0.2,0.5945945945945946,0.8,0.5,0.6,147.0
419142,2010-04-06,Chennai,MA Chidambaram Stadium,Chennai Super Kings,Mumbai Indians,Chennai Super Kings,bat,Chennai Super Kings,SK Raina,2009,1,0,7,0,19,0,0.5526315789473685,0.4,0.5,0.4,0.5428571428571428,0.6,0.0,1.0,158.45698924731184
419144,2010-04-07,Kolkata,Eden Gardens,Kolkata Knight Riders,Delhi Capitals,Kolkata Knight Riders,bat,Kolkata Knight Riders,SC Ganguly,2009,1,5,1,5,10,0,0.38235294117647056,0.25,0.5454545454545454,0.4,0.6052631578947368,0.75,0.0,0.8,162.16666666666666
419143,2010-04-07,Jaipur,Sawai Mansingh Stadium,Rajasthan Royals,Punjab Kings,Punjab Kings,bat,Rajasthan Royals,MJ Lumb,2009,1,10,9,9,32,0,0.6052631578947368,0.6,1.0,0.6,0.4864864864864865,0.4,0.0,0.2,161.11363636363637
419145,2010-04-08,Bangalore,M Chinnaswamy Stadium,Royal Challengers Bengaluru,Sunrisers Hyderabad,Sunrisers Hyderabad,field,Sunrisers Hyderabad,TL Suman,2009,0,12,13,13,17,1,0.46153846153846156,0.6,0.36363636363636365,0.4,0.358974358974359,0.4,0.0,0.0,165.54651162790697
419146,2010-04-09,Chandigarh,Punjab Cricket Association Stadium,Punjab Kings,Mumbai Indians,Mumbai Indians,bat,Punjab Kings,KC Sangakkara,2009,1,9,7,7,28,0,0.47368421052631576,0.6,0.5454545454545454,0.2,0.5277777777777778,0.4,0.0,0.8,156.95714285714286
419147,2010-04-10,Nagpur,Vidarbha Cricket Association Stadium,Sunrisers Hyderabad,Chennai Super Kings,Chennai Super Kings,bat,Sunrisers Hyderabad,RJ Harris,2009,1,13,0,0,39,0,0.375,0.6,0.0,0.2,0.5641025641025641,0.4,0.5,0.6,147.0
419148,2010-04-10,Bangalore,M Chinnaswamy Stadium,Royal Challengers Bengaluru,Kolkata Knight Riders,Royal Challengers Bengaluru,field,Royal Challengers Bengaluru,R Vinay Kumar,2009,1,12,5,12,17,1,0.45,0.4,0.3333333333333333,0.2,0.4,0.6,1.0,0.6,165.54651162790697
419149,2010-04-11,Delhi,Feroz Shah Kotla,Delhi Capitals,Punjab Kings,Delhi Capitals,bat,Punjab Kings,PP Chawla,2009,0,1,9,1,11,0,0.5897435897435898,0.4,0.6363636363636364,0.8,0.48717948717948717,0.6,1.0,0.4,155.635593220339
419150,2010-04-11,Jaipur,Sawai Mansingh Stadium,Rajasthan Royals,Mumbai Indians,Rajasthan Royals,field,Mumbai Indians,SR Tendulkar,2009,0,10,7,10,32,1,0.6153846153846154,0.5,1.0,0.6,0.5135135135135135,0.5,0.0,0.6,161.11363636363637
419151,2010-04-12,Nagpur,Vidarbha Cricket Association Stadium,Sunrisers Hyderabad,Royal Challengers Bengaluru,Royal Challengers Bengaluru,field,Sunrisers Hyderabad,Harmeet Singh,2009,1,13,12,12,39,1,0.3902439024390244,0.5,0.5,0.4,0.4634146341463415,0.5,0.5,0.4,147.0
419152,2010-04-13,Mumbai,Brabourne Stadium,Mumbai Indians,Delhi Capitals,Mumbai Indians,bat,Mumbai Indians,KA Pollard,2009,1,7,1,7,4,0,0.5263157894736842,0.4,0.8333333333333334,0.6,0.575,0.6,0.5,0.6,172.3148148148148
419153,2010-04-13,Chennai,MA Chidambaram Stadium,Chennai Super Kings,Kolkata Knight Riders,Kolkata Knight Riders,bat,Chennai Super Kings,R Ashwin,2009,1,0,5,5,19,0,0.55,0.75,0.5454545454545454,0.6,0.3888888888888889,0.25,0.0,0.4,158.45698924731184
419154,2010-04-14,Jaipur,Sawai Mansingh Stadium,Rajasthan Royals,Royal Challengers Bengaluru,Rajasthan Royals,bat,Royal Challengers Bengaluru,KP Pietersen,2009,0,10,12,10,32,0,0.6,0.6,0.8888888888888888,0.4,0.4523809523809524,0.4,0.0,0.4,161.11363636363637
419155,2010-04-15,Chennai,MA Chidambaram Stadium,Chennai Super Kings,Delhi Capitals,Chennai Super Kings,bat,Delhi Capitals,G Gambhir,2009,0,0,1,0,19,0,0.5609756097560976,0.6,0.5833333333333334,0.8,0.5609756097560976,0.4,1.0,0.4,158.45698924731184
419156,2010-04-16,Dharamsala,Himachal Pradesh Cricket Association Stadium,Punjab Kings,Sunrisers Hyderabad,Sunrisers Hyderabad,field,Sunrisers Hyderabad,RG Sharma,2009,0,9,13,13,13,1,0.5,0.8,0.5,0.6,0.40476190476190477,0.2,0.5,0.6,173.10714285714286
419157,2010-04-17,Bangalore,M Chinnaswamy Stadium,Royal Challengers Bengaluru,Mumbai Indians,Royal Challengers Bengaluru,field,Mumbai Indians,R McLaren,2009,0,12,7,12,17,1,0.46511627906976744,0.6,0.38461538461538464,0.4,0.5384615384615384,0.4,1.0,0.6,165.54651162790697
419158,2010-04-17,Kolkata,Eden Gardens,Kolkata Knight Riders,Rajasthan Royals,Rajasthan Royals,bat,Kolkata Knight Riders,JD Unadkat,2009,1,5,10,10,10,0,0.3783783783783784,0.25,0.5833333333333334,0.4,0.5853658536585366,0.75,1.0,0.4,162.16666666666666
419159,2010-04-18,Dharamsala,Himachal Pradesh Cricket Association Stadium,Punjab Kings,Chennai Super Kings,Chennai Super Kings,field,Chennai Super Kings,MS Dhoni,2009,0,9,0,0,13,1,0.4878048780487805,0.0,0.0,0.6,0.5476190476190477,1.0,0.5,0.6,173.10714285714286
419160,2010-04-18,Delhi,Feroz Shah Kotla,Delhi Capitals,Sunrisers Hyderabad,Sunrisers Hyderabad,bat,Sunrisers Hyderabad,A Symonds,2009,0,1,13,13,11,0,0.5714285714285714,0.6666666666666666,0.5833333333333334,0.4,0.4186046511627907,0.3333333333333333,0.0,0.8,155.635593220339
419161,2010-04-19,Kolkata,Eden Gardens,Kolkata Knight Riders,Mumbai Indians,Mumbai Indians,bat,Kolkata Knight Riders,M Kartik,2009,1,5,7,7,10,0,0.39473684210526316,0.0,0.6153846153846154,0.4,0.55,1.0,1.0,0.6,162.16666666666666
419162,2010-04-21,Mumbai,Dr DY Patil Sports Academy,Royal Challengers Bengaluru,Mumbai Indians,Mumbai Indians,bat,Mumbai Indians,KA Pollard,2009,0,12,7,7,7,0,0.45454545454545453,0.5,0.5,0.4,0.5365853658536586,0.5,0.75,0.6,153.82432432432432
419163,2010-04-22,Mumbai,Dr DY Patil Sports Academy,Chennai Super Kings,Sunrisers Hyderabad,Chennai Super Kings,bat,Chennai Super Kings,DE Bollinger,2009,1,0,13,0,7,0,0.5581395348837209,0.3333333333333333,0.0,0.6,0.4318181818181818,0.6666666666666666,0.3333333333333333,1.0,153.82432432432432
419164,2010-04-24,Mumbai,Dr DY Patil Sports Academy,Royal Challengers Bengaluru,Sunrisers Hyderabad,Sunrisers Hyderabad,bat,Royal Challengers Bengaluru,A Kumble,2009,1,12,13,13,7,0,0.4444444444444444,0.42857142857142855,0.0,0.4,0.4222222222222222,0.5714285714285714,0.25,0.8,153.82432432432432
419165,2010-04-25,Mumbai,Dr DY Patil Sports Academy,Chennai Super Kings,Mumbai Indians,Chennai Super Kings,bat,Chennai Super Kings,SK Raina,2009,1,0,7,0,7,0,0.5681818181818182,0.5,0.5,0.6,0.5476190476190477,0.5,0.8,0.8,153.82432432432432
501198,2011-04-08,Chennai,MA Chidambaram Stadium,Chennai Super Kings,Kolkata Knight Riders,Chennai Super Kings,bat,Chennai Super Kings,S Anirudha,2011,1,0,5,0,19,0,0.5777777777777777,0.8,0.5384615384615384,0.8,0.41025641025641024,0.2,0.0,0.6,158.45698924731184
501199,2011-04-09,Hyderabad,Rajiv Gandhi International Stadium,Sunrisers Hyderabad,Rajasthan Royals,Rajasthan Royals,field,Rajasthan Royals,SK Trivedi,2011,0,13,10,10,29,1,0.41304347826086957,0.16666666666666666,0.0,0.6,0.5714285714285714,0.8333333333333334,1.0,0.4,161.58823529411765
501200,2011-04-09,Kochi,Nehru Stadium,Kochi Tuskers Kerala,Royal Challengers Bengaluru,Kochi Tuskers Kerala,bat,Royal Challengers Bengaluru,AB de Villiers,2011,0,4,12,4,23,0,0.5,0.5,0.5,0.5,0.45652173913043476,0.5,0.5,0.4,136.3
501201,2011-04-10,Delhi,Feroz Shah Kotla,Delhi Capitals,Mumbai Indians,Delhi Capitals,bat,Mumbai Indians,SL Malinga,2011,0,1,7,1,11,0,0.5581395348837209,0.5,0.5384615384615384,0.2,0.5348837209302325,0.5,0.5,0.6,155.635593220339
501202,2011-04-10,Mumbai,Dr DY Patil Sports Academy,Pune Warriors India,Punjab Kings,Punjab Kings,bat,Pune Warriors India,SB Wagh,2011,1,8,9,9,7,0,0.5,0.5,0.5,0.5,0.47619047619047616,0.5,0.5,0.4,153.82432432432432
501203,2011-04-11,Kolkata,Eden Gardens,Kolkata Knight Riders,Sunrisers Hyderabad,Kolkata Knight Riders,bat,Kolkata Knight Riders,JH Kallis,2011,1,5,13,5,10,0,0.4,0.6666666666666666,0.6428571428571429,0.4,0.40425531914893614,0.3333333333333333,0.0,0.4,162.16666666666666
501204,2011-04-12,Jaipur,Sawai Mansingh Stadium,Rajasthan Royals,Delhi Capitals,Delhi Capitals,bat,Rajasthan Royals,SK Warne,2011,1,10,1,1,32,0,0.5813953488372093,0.42857142857142855,0.8,0.4,0.5454545454545454,0.5714285714285714,0.0,0.2,161.11363636363637
501205,2011-04-12,Bangalore,M Chinnaswamy Stadium,Royal Challengers Bengaluru,Mumbai Indians,Mumbai Indians,field,Mumbai Indians,SR Tendulkar,2011,0,12,7,7,17,1,0.46808510638297873,0.42857142857142855,0.35714285714285715,0.6,0.5454545454545454,0.5714285714285714,1.0,0.6,165.54651162790697
501206,2011-04-13,Chandigarh,Punjab Cricket Association Stadium,Punjab Kings,Chennai Super Kings,Punjab Kings,field,Punjab Kings,PC Valthaty,2011,1,9,0,9,28,1,0.46511627906976744,0.0,0.5833333333333334,0.4,0.5869565217391305,1.0,1.0,0.8,156.95714285714286
501207,2011-04-13,Mumbai,Dr DY Patil Sports Academy,Pune Warriors India,Kochi Tuskers Kerala,Kochi Tuskers Kerala,bat,Pune Warriors India,MD Mishra,2011,1,8,4,4,7,0,1.0,0.5,1.0,1.0,0.0,0.5,0.5,0.0,153.82432432432432
501208,2011-04-14,Hyderabad,Rajiv Gandhi International Stadium,Sunrisers Hyderabad,Royal Challengers Bengaluru,Royal Challengers Bengaluru,field,Sunrisers Hyderabad,DW Steyn,2011,1,13,12,12,29,1,0.3958333333333333,0.5,0.0,0.2,0.4583333333333333,0.5,1.0,0.4,161.58823529411765
501209,2011-04-15,Jaipur,Sawai Mansingh Stadium,Rajasthan Royals,Kolkata Knight Riders,Kolkata Knight Riders,field,Kolkata Knight Riders,G Gambhir,2011,0,10,5,5,32,1,0.5909090909090909,0.6,0.8181818181818182,0.4,0.4146341463414634,0.4,0.0,0.6,161.11363636363637
501210,2011-04-15,Mumbai,Wankhede Stadium,Mumbai Indians,Kochi Tuskers Kerala,Kochi Tuskers Kerala,field,Kochi Tuskers Kerala,BB McCullum,2011,0,7,4,4,40,1,0.5555555555555556,0.5,0.5,0.6,0.0,0.5,0.5,0.0,166.984496124031
501212,2011-04-16,Hyderabad,Rajiv Gandhi International Stadium,Sunrisers Hyderabad,Punjab Kings,Punjab Kings,field,Punjab Kings,PC Valthaty,2011,0,13,9,9,29,1,0.40816326530612246,0.3333333333333333,0.1111111111111111,0.2,0.4772727272727273,0.6666666666666666,1.0,0.4,161.58823529411765
501211,2011-04-16,Chennai,MA Chidambaram Stadium,Chennai Super Kings,Royal Challengers Bengaluru,Chennai Super Kings,bat,Chennai Super Kings,MEK Hussey,2011,1,0,12,0,19,0,0.574468085106383,0.42857142857142855,0.5714285714285714,0.8,0.4489795918367347,0.5714285714285714,0.5,0.4,158.45698924731184
501213,2011-04-17,Mumbai,Dr DY Patil Sports Academy,Pune Warriors India,Delhi Capitals,Delhi Capitals,field,Delhi Capitals,Yuvraj Singh,2011,0,8,1,1,7,1,1.0,0.5,1.0,1.0,0.5333333333333333,0.5,0.0,0.2,153.82432432432432
501214,2011-04-17,Kolkata,Eden Gardens,Kolkata Knight Riders,Rajasthan Royals,Kolkata Knight Riders,field,Kolkata Knight Riders,L Balaji,2011,1,5,10,5,10,1,0.42857142857142855,0.5,0.6666666666666666,0.8,0.5777777777777777,0.5,0.5,0.4,162.16666666666666
501215,2011-04-18,Kochi,Nehru Stadium,Kochi Tuskers Kerala,Chennai Super Kings,Kochi Tuskers Kerala,field,Kochi Tuskers Kerala,BB McCullum,2011,1,4,0,4,23,1,0.3333333333333333,0.5,0.0,0.3333333333333333,0.5833333333333334,0.5,0.5,0.8,136.3
501216,2011-04-19,Delhi,Feroz Shah Kotla,Delhi Capitals,Sunrisers Hyderabad,Sunrisers Hyderabad,bat,Sunrisers Hyderabad,S Sohal,2011,0,1,13,13,11,0,0.5434782608695652,0.5714285714285714,0.5,0.4,0.4,0.42857142857142855,0.5,0.2,155.635593220339
501218,2011-04-20,Mumbai,Wankhede Stadium,Mumbai Indians,Pune Warriors India,Pune Warriors India,bat,Mumbai Indians,MM Patel,2011,1,7,8,8,40,0,0.5434782608695652,0.5,0.4,0.6,0.6666666666666666,0.5,0.5,0.6666666666666666,166.984496124031
501219,2011-04-20,Kolkata,Eden Gardens,Kolkata Knight Riders,Kochi Tuskers Kerala,Kolkata Knight Riders,field,Kochi Tuskers Kerala,DPMD Jayawardene,2011,0,5,4,5,10,1,0.4418604651162791,0.5,0.6875,0.8,0.5,0.5,0.5,0.5,162.16666666666666
501220,2011-04-21,Chandigarh,Punjab Cricket Association Stadium,Punjab Kings,Rajasthan Royals,Rajasthan Royals,field,Punjab Kings,SE Marsh,2011,1,9,10,10,28,1,0.4888888888888889,0.3333333333333333,0.6153846153846154,0.4,0.5652173913043478,0.6666666666666666,0.5,0.4,156.95714285714286
501221,2011-04-22,Mumbai,Wankhede Stadium,Mumbai Indians,Chennai Super Kings,Chennai Super Kings,field,Mumbai Indians,Harbhajan Singh,2011,1,7,0,0,40,1,0.5531914893617021,0.42857142857142855,0.5,0.6,0.5714285714285714,0.5714285714285714,0.5,0.6,166.984496124031
501222,2011-04-22,Kolkata,Eden Gardens,Kolkata Knight Riders,Royal Challengers Bengaluru,Royal Challengers Bengaluru,field,Royal Challengers Bengaluru,CH Gayle,2011,0,5,12,12,10,1,0.4318181818181818,0.5,0.6470588235294118,0.6,0.44,0.5,0.0,0.4,162.16666666666666
501223,2011-04-23,Delhi,Feroz Shah Kotla,Delhi Capitals,Punjab Kings,Punjab Kings,field,Delhi Capitals,DA Warner,2011,1,1,9,9,11,1,0.5319148936170213,0.3333333333333333,0.4666666666666667,0.2,0.5,0.6666666666666666,1.0,0.6,155.635593220339
501225,2011-04-24,Jaipur,Sawai Mansingh Stadium,Rajasthan Royals,Kochi Tuskers Kerala,Rajasthan Royals,field,Rajasthan Royals,SK Warne,2011,1,10,4,10,32,1,0.5531914893617021,0.5,0.75,0.4,0.6,0.5,0.5,0.6,161.11363636363637
501224,2011-04-24,Hyderabad,Rajiv Gandhi International Stadium,Sunrisers Hyderabad,Mumbai Indians,Sunrisers Hyderabad,field,Mumbai Indians,SL Malinga,2011,0,13,7,13,29,1,0.4117647058823529,0.5,0.1,0.4,0.5625,0.5,1.0,0.8,161.58823529411765
501226,2011-04-25,Chennai,MA Chidambaram Stadium,Chennai Super Kings,Pune Warriors India,Pune Warriors India,field,Chennai Super Kings,MEK Hussey,2011,1,0,8,8,19,1,0.56,0.5,0.6,0.4,0.5,0.5,0.5,0.5,158.45698924731184
501227,2011-04-26,Delhi,Feroz Shah Kotla,Delhi Capitals,Royal Challengers Bengaluru,Royal Challengers Bengaluru,field,Royal Challengers Bengaluru,V Kohli,2011,0,1,12,12,11,1,0.5416666666666666,0.8333333333333334,0.5,0.4,0.45098039215686275,0.16666666666666666,0.0,0.4,155.635593220339
501228,2011-04-27,Mumbai,Dr DY Patil Sports Academy,Pune Warriors India,Chennai Super Kings,Pune Warriors India,bat,Chennai Super Kings,DE Bollinger,2011,0,8,0,8,7,0,0.4,0.0,0.6666666666666666,0.4,0.5686274509803921,1.0,0.6666666666666666,0.4,153.82432432432432
501229,2011-04-27,Kochi,Nehru Stadium,Kochi Tuskers Kerala,Sunrisers Hyderabad,Kochi Tuskers Kerala,field,Sunrisers Hyderabad,I Sharma,2011,0,4,13,4,23,1,0.5,0.5,0.5,0.6,0.40384615384615385,0.5,0.5,0.4,136.3
501230,2011-04-28,Delhi,Feroz Shah Kotla,Delhi Capitals,Kolkata Knight Riders,Delhi Capitals,field,Kolkata Knight Riders,MK Tiwary,2011,0,1,5,1,11,1,0.5306122448979592,0.6,0.47058823529411764,0.4,0.4222222222222222,0.4,0.0,0.6,155.635593220339
501231,2011-04-29,Jaipur,Sawai Mansingh Stadium,Rajasthan Royals,Mumbai Indians,Rajasthan Royals,field,Rajasthan Royals,J Botha,2011,1,10,7,10,32,1,0.5625,0.4,0.7692307692307693,0.4,0.5714285714285714,0.6,0.5,0.8,161.11363636363637
501232,2011-04-29,Bangalore,M Chinnaswamy Stadium,Royal Challengers Bengaluru,Pune Warriors India,Pune Warriors India,field,Royal Challengers Bengaluru,V Kohli,2011,1,12,8,8,17,1,0.46153846153846156,0.5,0.3333333333333333,0.4,0.3333333333333333,0.5,0.5,0.2,165.54651162790697
501233,2011-04-30,Kochi,Nehru Stadium,Kochi Tuskers Kerala,Delhi Capitals,Delhi Capitals,bat,Delhi Capitals,V Sehwag,2011,0,4,1,1,23,0,0.42857142857142855,0.5,0.3333333333333333,0.6,0.52,0.5,0.5,0.4,136.3
501234,2011-04-30,Kolkata,Eden Gardens,Kolkata Knight Riders,Punjab Kings,Kolkata Knight Riders,field,Kolkata Knight Riders,Iqbal Abdulla,2011,1,5,9,5,10,1,0.43478260869565216,0.5,0.6111111111111112,0.6,0.48936170212765956,0.5,0.5,0.6,162.16666666666666
501235,2011-05-01,Jaipur,Sawai Mansingh Stadium,Rajasthan Royals,Pune Warriors India,Rajasthan Royals,field,Rajasthan Royals,LRPL Taylor,2011,1,10,8,10,32,1,0.5714285714285714,0.5,0.7857142857142857,0.4,0.2857142857142857,0.5,0.5,0.0,161.11363636363637
501236,2011-05-01,Chennai,MA Chidambaram Stadium,Chennai Super Kings,Sunrisers Hyderabad,Chennai Super Kings,bat,Chennai Super Kings,JA Morkel,2011,1,0,13,0,19,0,0.5769230769230769,0.42857142857142855,0.625,0.6,0.41509433962264153,0.5714285714285714,1.0,0.6,158.45698924731184
501237,2011-05-02,Mumbai,Wankhede Stadium,Mumbai Indians,Punjab Kings,Punjab Kings,field,Mumbai Indians,KA Pollard,2011,1,7,9,9,40,1,0.56,0.3333333333333333,0.5714285714285714,0.6,0.4791666666666667,0.6666666666666666,0.5,0.6,166.984496124031
501238,2011-05-02,Delhi,Feroz Shah Kotla,Delhi Capitals,Kochi Tuskers Kerala,Kochi Tuskers Kerala,field,Kochi Tuskers Kerala,P Parameswaran,2011,0,1,4,4,11,1,0.5294117647058824,1.0,0.4444444444444444,0.4,0.375,0.0,0.5,0.4,155.635593220339
501239,2011-05-03,Hyderabad,Rajiv Gandhi International Stadium,Sunrisers Hyderabad,Kolkata Knight Riders,Sunrisers Hyderabad,field,Kolkata Knight Riders,YK Pathan,2011,0,13,5,13,29,1,0.4074074074074074,0.2857142857142857,0.09090909090909091,0.4,0.44680851063829785,0.7142857142857143,1.0,0.6,161.58823529411765
501241,2011-05-04,Mumbai,Dr DY Patil Sports Academy,Pune Warriors India,Mumbai Indians,Pune Warriors India,field,Mumbai Indians,R Sharma,2011,0,8,7,8,7,1,0.25,0.0,0.5,0.0,0.5686274509803921,1.0,0.6666666666666666,0.8,153.82432432432432
501240,2011-05-04,Chennai,MA Chidambaram Stadium,Chennai Super Kings,Rajasthan Royals,Rajasthan Royals,bat,Chennai Super Kings,MEK Hussey,2011,1,0,10,10,19,0,0.5849056603773585,0.42857142857142855,0.6470588235294118,0.6,0.58,0.5714285714285714,0.5,0.6,158.45698924731184
501242,2011-05-05,Kochi,Nehru Stadium,Kochi Tuskers Kerala,Kolkata Knight Riders,Kolkata Knight Riders,field,Kochi Tuskers Kerala,BJ Hodge,2011,1,4,5,5,23,1,0.4444444444444444,1.0,0.25,0.4,0.4583333333333333,0.0,0.5,0.6,136.3
501243,2011-05-05,Hyderabad,Rajiv Gandhi International Stadium,Sunrisers Hyderabad,Delhi Capitals,Delhi Capitals,field,Delhi Capitals,V Sehwag,2011,0,13,1,1,29,1,0.4,0.5,0.08333333333333333,0.4,0.5192307692307693,0.5,1.0,0.4,161.58823529411765
501244,2011-05-06,Bangalore,M Chinnaswamy Stadium,Royal Challengers Bengaluru,Punjab Kings,Punjab Kings,field,Royal Challengers Bengaluru,CH Gayle,2011,1,12,9,9,17,1,0.4716981132075472,0.5,0.375,0.6,0.46938775510204084,0.5,0.5,0.4,165.54651162790697
501245,2011-05-07,Kolkata,Eden Gardens,Kolkata Knight Riders,Chennai Super Kings,Chennai Super Kings,bat,Kolkata Knight Riders,Iqbal Abdulla,2011,1,5,0,0,10,0,0.4489795918367347,0.16666666666666666,0.631578947368421,0.6,0.5925925925925926,0.8333333333333334,1.0,0.8,162.16666666666666
501246,2011-05-07,Mumbai,Wankhede Stadium,Mumbai Indians,Delhi Capitals,Delhi Capitals,field,Mumbai Indians,AT Rayudu,2011,1,7,1,1,40,1,0.5769230769230769,0.5714285714285714,0.625,0.8,0.5283018867924528,0.42857142857142855,0.0,0.4,166.984496124031
501247,2011-05-08,Bangalore,M Chinnaswamy Stadium,Royal Challengers Bengaluru,Kochi Tuskers Kerala,Kochi Tuskers Kerala,bat,Royal Challengers Bengaluru,CH Gayle,2011,1,12,4,4,17,0,0.48148148148148145,1.0,0.4117647058823529,0.8,0.5,0.0,0.5,0.4,165.54651162790697
501248,2011-05-08,Chandigarh,Punjab Cricket Association Stadium,Punjab Kings,Pune Warriors India,Punjab Kings,bat,Pune Warriors India,R Sharma,2011,0,9,8,9,28,0,0.46,0.0,0.6428571428571429,0.2,0.2222222222222222,1.0,0.5,0.0,156.95714285714286
501249,2011-05-09,Jaipur,Sawai Mansingh Stadium,Rajasthan Royals,Chennai Super Kings,Rajasthan Royals,field,Chennai Super Kings,M Vijay,2011,0,10,0,10,32,1,0.5686274509803921,0.5,0.8,0.6,0.5818181818181818,0.5,0.0,0.8,161.11363636363637
501250,2011-05-10,Hyderabad,Rajiv Gandhi International Stadium,Sunrisers Hyderabad,Pune Warriors India,Sunrisers Hyderabad,bat,Pune Warriors India,MR Marsh,2011,0,13,8,13,29,0,0.39285714285714285,0.5,0.07692307692307693,0.2,0.3,0.5,0.5,0.2,161.58823529411765
501251,2011-05-10,Chandigarh,Punjab Cricket Association Stadium,Punjab Kings,Mumbai Indians,Mumbai Indians,field,Punjab Kings,BA Bhatt,2011,1,9,7,7,28,1,0.45098039215686275,0.5714285714285714,0.6,0.0,0.5849056603773585,0.42857142857142855,0.0,0.8,156.95714285714286
501252,2011-05-11,Jaipur,Sawai Mansingh Stadium,Rajasthan Royals,Royal Challengers Bengaluru,Royal Challengers Bengaluru,field,Royal Challengers Bengaluru,S Aravind,2011,0,10,12,12,32,1,0.5576923076923077,0.5,0.75,0.6,0.4909090909090909,0.5,0.5,1.0,161.11363636363637
501253,2011-05-12,Chennai,MA Chidambaram Stadium,Chennai Super Kings,Delhi Capitals,Chennai Super Kings,bat,Chennai Super Kings,MS Dhoni,2011,1,0,1,0,19,0,0.5892857142857143,0.5,0.6666666666666666,0.8,0.5185185185185185,0.5,1.0,0.4,158.45698924731184
501254,2011-05-13,Indore,Holkar Cricket Stadium,Kochi Tuskers Kerala,Punjab Kings,Punjab Kings,field,Punjab Kings,KD Karthik,2011,0,4,9,9,14,1,0.45454545454545453,0.5,0.5,0.4,0.46153846153846156,0.5,0.5,0.2,159.55555555555554
501255,2011-05-14,Bangalore,M Chinnaswamy Stadium,Royal Challengers Bengaluru,Kolkata Knight Riders,Royal Challengers Bengaluru,field,Royal Challengers Bengaluru,CH Gayle,2011,1,12,5,12,17,1,0.5,0.5714285714285714,0.4444444444444444,1.0,0.46,0.42857142857142855,0.5,0.8,165.54651162790697
501256,2011-05-14,Mumbai,Wankhede Stadium,Mumbai Indians,Sunrisers Hyderabad,Sunrisers Hyderabad,bat,Sunrisers Hyderabad,A Mishra,2011,0,7,13,13,40,0,0.5740740740740741,0.5714285714285714,0.6666666666666666,0.6,0.38596491228070173,0.42857142857142855,0.5,0.2,166.984496124031
501257,2011-05-15,Dharamsala,Himachal Pradesh Cricket Association Stadium,Punjab Kings,Delhi Capitals,Delhi Capitals,field,Punjab Kings,PP Chawla,2011,1,9,1,1,13,1,0.4716981132075472,0.5714285714285714,0.0,0.4,0.509090909090909,0.42857142857142855,0.5,0.4,173.10714285714286
501258,2011-05-15,Indore,Holkar Cricket Stadium,Kochi Tuskers Kerala,Rajasthan Royals,Kochi Tuskers Kerala,field,Kochi Tuskers Kerala,BJ Hodge,2011,1,4,10,4,14,1,0.4166666666666667,0.0,0.0,0.4,0.5471698113207547,1.0,0.5,0.4,159.55555555555554
501259,2011-05-16,Mumbai,Dr DY Patil Sports Academy,Pune Warriors India,Sunrisers Hyderabad,Sunrisers Hyderabad,field,Sunrisers Hyderabad,A Mishra,2011,0,8,13,13,7,1,0.36363636363636365,1.0,0.4,0.4,0.39655172413793105,0.0,0.2,0.2,153.82432432432432
501260,2011-05-17,Dharamsala,Himachal Pradesh Cricket Association Stadium,Punjab Kings,Royal Challengers Bengaluru,Punjab Kings,bat,Punjab Kings,AC Gilchrist,2011,1,9,12,9,13,0,0.48148148148148145,0.42857142857142855,0.3333333333333333,0.6,0.5087719298245614,0.5714285714285714,0.5,1.0,173.10714285714286
501261,2011-05-18,Chennai,MA Chidambaram Stadium,Chennai Super Kings,Kochi Tuskers Kerala,Chennai Super Kings,bat,Chennai Super Kings,WP Saha,2011,1,0,4,0,19,0,0.5964912280701754,0.0,0.6842105263157895,0.8,0.46153846153846156,1.0,0.5,0.6,158.45698924731184
501262,2011-05-19,Mumbai,Dr DY Patil Sports Academy,Pune Warriors India,Kolkata Knight Riders,Kolkata Knight Riders,field,Kolkata Knight Riders,YK Pathan,2011,0,8,5,5,7,1,0.3333333333333333,0.5,0.3333333333333333,0.4,0.45098039215686275,0.5,1.0,0.6,153.82432432432432
501263,2011-05-20,Mumbai,Wankhede Stadium,Mumbai Indians,Rajasthan Royals,Mumbai Indians,bat,Rajasthan Royals,SR Watson,2011,0,7,10,7,40,0,0.5636363636363636,0.5,0.6,0.6,0.5370370370370371,0.5,1.0,0.2,166.984496124031
501264,2011-05-21,Dharamsala,Himachal Pradesh Cricket Association Stadium,Punjab Kings,Sunrisers Hyderabad,Punjab Kings,field,Sunrisers Hyderabad,S Dhawan,2011,0,9,13,9,13,1,0.4909090909090909,0.7142857142857143,0.5,0.8,0.4067796610169492,0.2857142857142857,1.0,0.4,173.10714285714286
501266,2011-05-22,Bangalore,M Chinnaswamy Stadium,Royal Challengers Bengaluru,Chennai Super Kings,Royal Challengers Bengaluru,field,Royal Challengers Bengaluru,CH Gayle,2011,1,12,0,12,17,1,0.5,0.5,0.47368421052631576,0.8,0.603448275862069,0.5,0.5,0.8,165.54651162790697
501267,2011-05-22,Kolkata,Eden Gardens,Kolkata Knight Riders,Mumbai Indians,Mumbai Indians,field,Mumbai Indians,JEC Franklin,2011,0,5,7,7,10,1,0.46153846153846156,0.16666666666666666,0.65,0.6,0.5535714285714286,0.8333333333333334,0.5,0.4,162.16666666666666
501268,2011-05-24,Mumbai,Wankhede Stadium,Royal Challengers Bengaluru,Chennai Super Kings,Chennai Super Kings,field,Chennai Super Kings,SK Raina,2011,0,12,0,0,40,1,0.5084745762711864,0.5555555555555556,1.0,0.8,0.5932203389830508,0.4444444444444444,0.3333333333333333,0.6,166.984496124031
501269,2011-05-25,Mumbai,Wankhede Stadium,Mumbai Indians,Kolkata Knight Riders,Mumbai Indians,field,Mumbai Indians,MM Patel,2011,1,7,5,7,40,1,0.5614035087719298,0.8571428571428571,0.5454545454545454,0.4,0.4528301886792453,0.14285714285714285,0.0,0.4,166.984496124031
501270,2011-05-27,Chennai,MA Chidambaram Stadium,Royal Challengers Bengaluru,Mumbai Indians,Mumbai Indians,field,Royal Challengers Bengaluru,CH Gayle,2011,1,12,7,7,19,1,0.5,0.375,0.3333333333333333,0.6,0.5689655172413793,0.625,0.0,0.4,158.45698924731184
501271,2011-05-28,Chennai,MA Chidambaram Stadium,Chennai Super Kings,Royal Challengers Bengaluru,Chennai Super Kings,bat,Chennai Super Kings,M Vijay,2011,1,0,12,0,19,0,0.6,0.5,0.7,0.8,0.5081967213114754,0.5,0.5,0.6,158.45698924731184
548306,2012-04-04,Chennai,MA Chidambaram Stadium,Chennai Super Kings,Mumbai Indians,Mumbai Indians,field,Mumbai Indians,RE Levi,2012,0,0,7,7,19,1,0.6065573770491803,0.5,0.7142857142857143,0.8,0.559322033898305,0.5,0.0,0.4,158.45698924731184
548307,2012-04-05,Kolkata,Eden Gardens,Kolkata Knight Riders,Delhi Capitals,Delhi Capitals,field,Delhi Capitals,IK Pathan,2012,0,5,1,1,10,1,0.4444444444444444,0.5,0.6190476190476191,0.4,0.5,0.5,0.0,0.2,162.16666666666666
548308,2012-04-06,Mumbai,Wankhede Stadium,Mumbai Indians,Pune Warriors India,Mumbai Indians,field,Pune Warriors India,SPD Smith,2012,0,7,8,7,40,1,0.5666666666666667,1.0,0.5833333333333334,0.6,0.3076923076923077,0.0,0.0,0.4,166.984496124031
548309,2012-04-06,Jaipur,Sawai Mansingh Stadium,Rajasthan Royals,Punjab Kings,Punjab Kings,field,Rajasthan Royals,AM Rahane,2012,1,10,9,9,32,1,0.5454545454545454,0.5714285714285714,0.7058823529411765,0.2,0.48214285714285715,0.42857142857142855,0.0,0.8,161.11363636363637
548311,2012-04-07,Visakhapatnam,Dr. Y.S. Rajasekhara Reddy ACA-VDCA Cricket Stadium,Sunrisers Hyderabad,Chennai Super Kings,Sunrisers Hyderabad,field,Chennai Super Kings,RA Jadeja,2012,0,13,0,13,8,1,0.4166666666666667,0.5,0.5,0.6,0.5967741935483871,0.5,0.5,0.6,155.73529411764707
548310,2012-04-07,Bangalore,M Chinnaswamy Stadium,Royal Challengers Bengaluru,Delhi Capitals,Delhi Capitals,field,Royal Challengers Bengaluru,AB de Villiers,2012,1,12,1,1,17,1,0.5,0.2857142857142857,0.5,0.4,0.5087719298245614,0.7142857142857143,1.0,0.4,165.54651162790697
548313,2012-04-08,Pune,Subrata Roy Sahara Stadium,Pune Warriors India,Punjab Kings,Pune Warriors India,bat,Pune Warriors India,MN Samuels,2012,1,8,9,8,37,0,0.35714285714285715,1.0,0.5,0.6,0.47368421052631576,0.0,0.5,0.6,141.5
548312,2012-04-08,Jaipur,Sawai Mansingh Stadium,Rajasthan Royals,Kolkata Knight Riders,Kolkata Knight Riders,field,Rajasthan Royals,BJ Hodge,2012,1,10,5,5,32,1,0.5535714285714286,0.42857142857142855,0.7222222222222222,0.4,0.43636363636363634,0.5714285714285714,0.5,0.2,161.11363636363637
548314,2012-04-09,Visakhapatnam,Dr. Y.S. Rajasekhara Reddy ACA-VDCA Cricket Stadium,Sunrisers Hyderabad,Mumbai Indians,Sunrisers Hyderabad,bat,Mumbai Indians,RG Sharma,2012,0,13,7,13,8,0,0.4098360655737705,0.5,0.0,0.6,0.5573770491803278,0.5,0.5,0.6,155.73529411764707
548316,2012-04-10,Delhi,Feroz Shah Kotla,Delhi Capitals,Chennai Super Kings,Delhi Capitals,field,Delhi Capitals,M Morkel,2012,1,1,0,1,11,1,0.5,0.42857142857142855,0.42105263157894735,0.2,0.6031746031746031,0.5714285714285714,1.0,0.6,155.635593220339
548315,2012-04-10,Bangalore,M Chinnaswamy Stadium,Royal Challengers Bengaluru,Kolkata Knight Riders,Royal Challengers Bengaluru,field,Kolkata Knight Riders,L Balaji,2012,0,12,5,12,17,1,0.5079365079365079,0.625,0.5238095238095238,0.6,0.42857142857142855,0.375,0.3333333333333333,0.2,165.54651162790697
548317,2012-04-11,Mumbai,Wankhede Stadium,Mumbai Indians,Rajasthan Royals,Rajasthan Royals,field,Mumbai Indians,KA Pollard,2012,1,7,10,10,40,1,0.5645161290322581,0.42857142857142855,0.5384615384615384,0.6,0.5614035087719298,0.5714285714285714,1.0,0.6,166.984496124031
548318,2012-04-12,Chennai,MA Chidambaram Stadium,Chennai Super Kings,Royal Challengers Bengaluru,Royal Challengers Bengaluru,bat,Chennai Super Kings,F du Plessis,2012,1,0,12,12,19,0,0.59375,0.5454545454545454,0.6818181818181818,0.6,0.5,0.45454545454545453,0.4,0.4,158.45698924731184
548319,2012-04-12,Chandigarh,Punjab Cricket Association Stadium,Punjab Kings,Pune Warriors India,Punjab Kings,field,Punjab Kings,AD Mascarenhas,2012,1,9,8,9,28,1,0.46551724137931033,0.0,0.625,0.4,0.4,1.0,1.0,0.6,156.95714285714286
548320,2012-04-13,Kolkata,Eden Gardens,Kolkata Knight Riders,Rajasthan Royals,Rajasthan Royals,bat,Kolkata Knight Riders,Shakib Al Hasan,2012,1,5,10,10,10,0,0.43859649122807015,0.5,0.5909090909090909,0.2,0.5517241379310345,0.5,0.3333333333333333,0.6,162.16666666666666
548322,2012-04-14,Pune,Subrata Roy Sahara Stadium,Pune Warriors India,Chennai Super Kings,Chennai Super Kings,bat,Pune Warriors India,JD Ryder,2012,1,8,0,0,37,0,0.375,0.0,1.0,0.4,0.6,1.0,0.5,0.6,141.5
548323,2012-04-15,Kolkata,Eden Gardens,Kolkata Knight Riders,Punjab Kings,Kolkata Knight Riders,field,Punjab Kings,SP Narine,2012,0,5,9,5,10,1,0.4482758620689655,0.5714285714285714,0.6086956521739131,0.4,0.4745762711864407,0.42857142857142855,0.3333333333333333,0.4,162.16666666666666
548324,2012-04-15,Bangalore,M Chinnaswamy Stadium,Royal Challengers Bengaluru,Rajasthan Royals,Rajasthan Royals,bat,Rajasthan Royals,AM Rahane,2012,0,12,10,10,17,0,0.49230769230769234,0.5714285714285714,0.5,0.4,0.5423728813559322,0.42857142857142855,0.5,0.6,165.54651162790697
548325,2012-04-16,Mumbai,Wankhede Stadium,Mumbai Indians,Delhi Capitals,Delhi Capitals,field,Delhi Capitals,S Nadeem,2012,0,7,1,1,40,1,0.5714285714285714,0.625,0.5714285714285714,0.6,0.5084745762711864,0.375,0.0,0.4,166.984496124031
548326,2012-04-17,Jaipur,Sawai Mansingh Stadium,Rajasthan Royals,Sunrisers Hyderabad,Sunrisers Hyderabad,bat,Rajasthan Royals,BJ Hodge,2012,1,10,13,13,32,0,0.55,0.8571428571428571,0.7368421052631579,0.6,0.4032258064516129,0.14285714285714285,0.0,0.6,161.11363636363637
548327,2012-04-17,Bangalore,M Chinnaswamy Stadium,Royal Challengers Bengaluru,Pune Warriors India,Pune Warriors India,bat,Royal Challengers Bengaluru,CH Gayle,2012,1,12,8,8,17,0,0.48484848484848486,1.0,0.4782608695652174,0.2,0.4117647058823529,0.0,0.0,0.6,165.54651162790697
548328,2012-04-18,Chandigarh,Punjab Cricket Association Stadium,Punjab Kings,Kolkata Knight Riders,Punjab Kings,bat,Kolkata Knight Riders,G Gambhir,2012,0,9,5,9,28,0,0.48333333333333334,0.5,0.6470588235294118,0.4,0.4406779661016949,0.5,0.5,0.4,156.95714285714286
548321,2012-04-19,Delhi,Feroz Shah Kotla,Delhi Capitals,Sunrisers Hyderabad,Sunrisers Hyderabad,bat,Delhi Capitals,KP Pietersen,2012,1,1,13,13,11,0,0.5166666666666667,0.5555555555555556,0.45,0.6,0.3968253968253968,0.4444444444444444,0.6666666666666666,0.4,155.635593220339
548330,2012-04-19,Chennai,MA Chidambaram Stadium,Chennai Super Kings,Pune Warriors India,Pune Warriors India,field,Chennai Super Kings,KMDN Kulasekara,2012,1,0,8,8,19,1,0.5909090909090909,0.6666666666666666,0.6956521739130435,0.4,0.3888888888888889,0.3333333333333333,0.0,0.6,158.45698924731184
548331,2012-04-20,Chandigarh,Punjab Cricket Association Stadium,Punjab Kings,Royal Challengers Bengaluru,Royal Challengers Bengaluru,field,Royal Challengers Bengaluru,CH Gayle,2012,0,9,12,12,28,1,0.47540983606557374,0.5,0.6111111111111112,0.4,0.4925373134328358,0.5,0.5,0.4,156.95714285714286
548332,2012-04-21,Chennai,MA Chidambaram Stadium,Chennai Super Kings,Rajasthan Royals,Rajasthan Royals,bat,Chennai Super Kings,F du Plessis,2012,1,0,10,10,19,0,0.5970149253731343,0.5555555555555556,0.7083333333333334,0.6,0.5573770491803278,0.4444444444444444,0.3333333333333333,0.6,158.45698924731184
548333,2012-04-21,Delhi,Feroz Shah Kotla,Delhi Capitals,Pune Warriors India,Delhi Capitals,field,Pune Warriors India,SC Ganguly,2012,0,1,8,1,11,1,0.5245901639344263,1.0,0.47619047619047616,0.8,0.3684210526315789,0.0,0.5,0.4,155.635593220339
548334,2012-04-22,Mumbai,Wankhede Stadium,Mumbai Indians,Punjab Kings,Mumbai Indians,bat,Punjab Kings,SE Marsh,2012,0,7,9,7,40,0,0.5625,0.375,0.5333333333333333,0.6,0.46774193548387094,0.625,0.3333333333333333,0.4,166.984496124031
548335,2012-04-22,Cuttack,Barabati Stadium,Sunrisers Hyderabad,Kolkata Knight Riders,Kolkata Knight Riders,field,Kolkata Knight Riders,B Lee,2012,0,13,5,5,1,1,0.390625,0.25,1.0,0.2,0.45,0.75,0.5,0.6,162.71428571428572
548336,2012-04-23,Jaipur,Sawai Mansingh Stadium,Rajasthan Royals,Royal Challengers Bengaluru,Rajasthan Royals,field,Royal Challengers Bengaluru,AB de Villiers,2012,0,10,12,10,32,1,0.5483870967741935,0.5,0.75,0.4,0.5,0.5,0.6666666666666666,0.4,161.11363636363637
548337,2012-04-24,Pune,Subrata Roy Sahara Stadium,Pune Warriors India,Delhi Capitals,Pune Warriors India,bat,Delhi Capitals,V Sehwag,2012,0,8,1,8,37,0,0.4,0.5,1.0,0.4,0.5161290322580645,0.5,0.5,0.6,141.5
548339,2012-04-25,Chandigarh,Punjab Cricket Association Stadium,Punjab Kings,Mumbai Indians,Punjab Kings,bat,Mumbai Indians,AT Rayudu,2012,0,9,7,9,28,0,0.47619047619047616,0.6666666666666666,0.5789473684210527,0.6,0.5538461538461539,0.3333333333333333,0.0,0.4,156.95714285714286
548341,2012-04-26,Pune,Subrata Roy Sahara Stadium,Pune Warriors India,Sunrisers Hyderabad,Sunrisers Hyderabad,bat,Sunrisers Hyderabad,CL White,2012,0,8,13,13,37,0,0.38095238095238093,0.5,0.6666666666666666,0.4,0.38461538461538464,0.5,0.5,0.0,141.5
548342,2012-04-27,Delhi,Feroz Shah Kotla,Delhi Capitals,Mumbai Indians,Mumbai Indians,field,Delhi Capitals,V Sehwag,2012,1,1,7,7,11,1,0.5238095238095238,0.4444444444444444,0.45454545454545453,0.8,0.5606060606060606,0.5555555555555556,0.6666666666666666,0.6,155.635593220339
548343,2012-04-28,Chennai,MA Chidambaram Stadium,Chennai Super Kings,Punjab Kings,Punjab Kings,bat,Punjab Kings,Mandeep Singh,2012,0,0,9,9,19,0,0.6029411764705882,0.8571428571428571,0.72,0.6,0.46875,0.14285714285714285,0.0,0.4,158.45698924731184
548344,2012-04-28,Kolkata,Eden Gardens,Kolkata Knight Riders,Royal Challengers Bengaluru,Kolkata Knight Riders,bat,Kolkata Knight Riders,G Gambhir,2012,1,5,12,5,10,0,0.45901639344262296,0.4444444444444444,0.5833333333333334,0.8,0.5072463768115942,0.5555555555555556,0.3333333333333333,0.6,162.16666666666666
548345,2012-04-29,Delhi,Feroz Shah Kotla,Delhi Capitals,Rajasthan Royals,Delhi Capitals,bat,Delhi Capitals,V Sehwag,2012,1,1,10,1,11,0,0.53125,0.5,0.4782608695652174,0.8,0.5396825396825397,0.5,0.0,0.4,155.635593220339
548346,2012-04-29,Mumbai,Wankhede Stadium,Mumbai Indians,Sunrisers Hyderabad,Mumbai Indians,field,Mumbai Indians,DW Steyn,2012,1,7,13,7,40,1,0.5522388059701493,0.5555555555555556,0.5,0.4,0.3939393939393939,0.4444444444444444,1.0,0.2,166.984496124031
548347,2012-04-30,Chennai,MA Chidambaram Stadium,Chennai Super Kings,Kolkata Knight Riders,Chennai Super Kings,bat,Kolkata Knight Riders,G Gambhir,2012,0,0,5,0,19,0,0.5942028985507246,0.7142857142857143,0.6923076923076923,0.6,0.46774193548387094,0.2857142857142857,0.0,0.8,158.45698924731184
548348,2012-05-01,Cuttack,Barabati Stadium,Sunrisers Hyderabad,Pune Warriors India,Sunrisers Hyderabad,bat,Sunrisers Hyderabad,KC Sangakkara,2012,1,13,8,13,1,0,0.3880597014925373,0.6666666666666666,0.6666666666666666,0.2,0.36363636363636365,0.3333333333333333,0.5,0.2,162.71428571428572
548349,2012-05-01,Jaipur,Sawai Mansingh Stadium,Rajasthan Royals,Delhi Capitals,Rajasthan Royals,bat,Delhi Capitals,P Negi,2012,0,10,1,10,32,0,0.53125,0.4444444444444444,0.7142857142857143,0.4,0.5384615384615384,0.5555555555555556,0.0,0.8,161.11363636363637
548350,2012-05-02,Bangalore,M Chinnaswamy Stadium,Royal Challengers Bengaluru,Punjab Kings,Punjab Kings,field,Punjab Kings,Azhar Mahmood,2012,0,12,9,9,17,1,0.5,0.5555555555555556,0.5,0.6,0.47692307692307695,0.4444444444444444,0.3333333333333333,0.4,165.54651162790697
548351,2012-05-03,Pune,Subrata Roy Sahara Stadium,Pune Warriors India,Mumbai Indians,Mumbai Indians,bat,Mumbai Indians,SL Malinga,2012,0,8,7,7,37,0,0.34782608695652173,0.3333333333333333,0.5,0.2,0.5588235294117647,0.6666666666666666,0.5,0.4,141.5
548352,2012-05-04,Chennai,MA Chidambaram Stadium,Chennai Super Kings,Sunrisers Hyderabad,Chennai Super Kings,bat,Chennai Super Kings,SK Raina,2012,1,0,13,0,19,0,0.5857142857142857,0.5555555555555556,0.6666666666666666,0.4,0.39705882352941174,0.4444444444444444,0.6666666666666666,0.4,158.45698924731184
548353,2012-05-05,Kolkata,Eden Gardens,Kolkata Knight Riders,Pune Warriors India,Kolkata Knight Riders,bat,Kolkata Knight Riders,SP Narine,2012,1,5,8,5,10,0,0.47619047619047616,1.0,0.6,0.8,0.3333333333333333,0.0,0.5,0.2,162.16666666666666
548354,2012-05-05,Chandigarh,Punjab Cricket Association Stadium,Punjab Kings,Rajasthan Royals,Rajasthan Royals,bat,Rajasthan Royals,SR Watson,2012,0,9,10,10,28,0,0.48484848484848486,0.375,0.55,0.6,0.5230769230769231,0.625,0.3333333333333333,0.2,156.95714285714286
548355,2012-05-06,Mumbai,Wankhede Stadium,Mumbai Indians,Chennai Super Kings,Mumbai Indians,field,Mumbai Indians,DR Smith,2012,1,7,0,7,40,1,0.5652173913043478,0.5555555555555556,0.5294117647058824,0.6,0.5915492957746479,0.4444444444444444,0.5,0.6,166.984496124031
548356,2012-05-06,Bangalore,M Chinnaswamy Stadium,Royal Challengers Bengaluru,Sunrisers Hyderabad,Royal Challengers Bengaluru,field,Royal Challengers Bengaluru,AB de Villiers,2012,1,12,13,12,17,1,0.49295774647887325,0.4444444444444444,0.48,0.6,0.391304347826087,0.5555555555555556,0.5,0.4,165.54651162790697
548357,2012-05-07,Delhi,Feroz Shah Kotla,Delhi Capitals,Kolkata Knight Riders,Delhi Capitals,bat,Kolkata Knight Riders,JH Kallis,2012,0,1,5,1,11,0,0.5454545454545454,0.5714285714285714,0.5,0.8,0.484375,0.42857142857142855,0.5,1.0,155.635593220339
548358,2012-05-08,Pune,Subrata Roy Sahara Stadium,Pune Warriors India,Rajasthan Royals,Pune Warriors India,bat,Rajasthan Royals,SR Watson,2012,0,8,10,8,37,0,0.32,0.0,0.4,0.0,0.5303030303030303,1.0,0.5,0.2,141.5
548359,2012-05-08,Hyderabad,Rajiv Gandhi International Stadium,Sunrisers Hyderabad,Punjab Kings,Sunrisers Hyderabad,field,Punjab Kings,Mandeep Singh,2012,0,13,9,13,29,1,0.38571428571428573,0.375,0.07142857142857142,0.4,0.47761194029850745,0.625,1.0,0.6,161.58823529411765
548360,2012-05-09,Mumbai,Wankhede Stadium,Mumbai Indians,Royal Challengers Bengaluru,Royal Challengers Bengaluru,field,Royal Challengers Bengaluru,CH Gayle,2012,0,7,12,12,40,1,0.5714285714285714,0.5555555555555556,0.5555555555555556,0.8,0.5,0.4444444444444444,0.5,0.6,166.984496124031
548361,2012-05-10,Jaipur,Sawai Mansingh Stadium,Rajasthan Royals,Chennai Super Kings,Chennai Super Kings,field,Chennai Super Kings,BW Hilfenhaus,2012,0,10,0,0,32,1,0.5373134328358209,0.4,0.6818181818181818,0.4,0.5833333333333334,0.6,0.5,0.4,161.11363636363637
548329,2012-05-10,Hyderabad,Rajiv Gandhi International Stadium,Sunrisers Hyderabad,Delhi Capitals,Sunrisers Hyderabad,bat,Delhi Capitals,DA Warner,2012,0,13,1,13,29,0,0.38028169014084506,0.4,0.06666666666666667,0.2,0.5373134328358209,0.6,1.0,0.8,161.58823529411765
548362,2012-05-11,Pune,Subrata Roy Sahara Stadium,Pune Warriors India,Royal Challengers Bengaluru,Pune Warriors India,field,Royal Challengers Bengaluru,CH Gayle,2012,0,8,12,8,37,1,0.3076923076923077,0.0,0.3333333333333333,0.0,0.5068493150684932,1.0,0.5,0.6,141.5
548363,2012-05-12,Kolkata,Eden Gardens,Kolkata Knight Riders,Mumbai Indians,Mumbai Indians,bat,Mumbai Indians,RG Sharma,2012,0,5,7,7,10,0,0.49230769230769234,0.125,0.6153846153846154,1.0,0.5633802816901409,0.875,0.6666666666666666,0.6,162.16666666666666
548364,2012-05-12,Chennai,MA Chidambaram Stadium,Chennai Super Kings,Delhi Capitals,Chennai Super Kings,field,Chennai Super Kings,BW Hilfenhaus,2012,1,0,1,0,19,1,0.589041095890411,0.5,0.6785714285714286,0.4,0.5441176470588235,0.5,0.6666666666666666,0.8,158.45698924731184
548365,2012-05-13,Jaipur,Sawai Mansingh Stadium,Rajasthan Royals,Pune Warriors India,Rajasthan Royals,bat,Rajasthan Royals,A Chandila,2012,1,10,8,10,32,0,0.5294117647058824,1.0,0.6521739130434783,0.4,0.2962962962962963,0.0,0.0,0.0,161.11363636363637
548366,2012-05-13,Chandigarh,Punjab Cricket Association Stadium,Punjab Kings,Sunrisers Hyderabad,Sunrisers Hyderabad,bat,Punjab Kings,DJ Hussey,2012,1,9,13,13,28,0,0.4852941176470588,0.6666666666666666,0.5238095238095238,0.6,0.375,0.3333333333333333,0.0,0.2,156.95714285714286
548367,2012-05-14,Bangalore,M Chinnaswamy Stadium,Royal Challengers Bengaluru,Mumbai Indians,Mumbai Indians,field,Mumbai Indians,AT Rayudu,2012,0,12,7,7,17,1,0.5135135135135135,0.5,0.5,0.6,0.5694444444444444,0.5,1.0,0.8,165.54651162790697
548368,2012-05-14,Kolkata,Eden Gardens,Kolkata Knight Riders,Chennai Super Kings,Chennai Super Kings,field,Chennai Super Kings,MEK Hussey,2012,0,5,0,0,10,1,0.48484848484848486,0.375,0.5925925925925926,0.8,0.5945945945945946,0.625,0.6666666666666666,0.6,162.16666666666666
548369,2012-05-15,Delhi,Feroz Shah Kotla,Delhi Capitals,Punjab Kings,Punjab Kings,bat,Delhi Capitals,UT Yadav,2012,1,1,9,9,11,0,0.5362318840579711,0.375,0.48,0.6,0.4927536231884058,0.625,0.6666666666666666,0.8,155.635593220339
548370,2012-05-16,Mumbai,Wankhede Stadium,Mumbai Indians,Kolkata Knight Riders,Mumbai Indians,field,Kolkata Knight Riders,SP Narine,2012,0,7,5,7,40,1,0.5753424657534246,0.8888888888888888,0.5263157894736842,0.8,0.47761194029850745,0.1111111111111111,0.0,0.6,166.984496124031
548371,2012-05-17,Dharamsala,Himachal Pradesh Cricket Association Stadium,Punjab Kings,Chennai Super Kings,Punjab Kings,field,Punjab Kings,AC Gilchrist,2012,1,9,0,9,13,1,0.4857142857142857,0.25,0.4,0.6,0.6,0.75,1.0,0.8,173.10714285714286
548372,2012-05-17,Delhi,Feroz Shah Kotla,Delhi Capitals,Royal Challengers Bengaluru,Delhi Capitals,field,Royal Challengers Bengaluru,CH Gayle,2012,0,1,12,1,11,1,0.5428571428571428,0.625,0.5,0.6,0.5066666666666667,0.375,0.3333333333333333,0.6,155.635593220339
548373,2012-05-18,Hyderabad,Rajiv Gandhi International Stadium,Sunrisers Hyderabad,Rajasthan Royals,Rajasthan Royals,bat,Sunrisers Hyderabad,DW Steyn,2012,1,13,10,10,29,0,0.3698630136986301,0.125,0.0625,0.0,0.5362318840579711,0.875,1.0,0.6,161.58823529411765
548374,2012-05-19,Dharamsala,Himachal Pradesh Cricket Association Stadium,Punjab Kings,Delhi Capitals,Delhi Capitals,field,Delhi Capitals,UT Yadav,2012,0,9,1,1,13,1,0.49295774647887325,0.5555555555555556,0.5,0.6,0.5352112676056338,0.4444444444444444,0.0,0.4,173.10714285714286
548375,2012-05-19,Pune,Subrata Roy Sahara Stadium,Pune Warriors India,Kolkata Knight Riders,Kolkata Knight Riders,bat,Kolkata Knight Riders,Shakib Al Hasan,2012,0,8,5,5,37,0,0.2857142857142857,0.0,0.2857142857142857,0.0,0.4852941176470588,1.0,0.5,0.6,141.5
548376,2012-05-20,Hyderabad,Rajiv Gandhi International Stadium,Sunrisers Hyderabad,Royal Challengers Bengaluru,Royal Challengers Bengaluru,field,Sunrisers Hyderabad,DW Steyn,2012,1,13,12,12,29,1,0.3783783783783784,0.5,0.11764705882352941,0.2,0.5131578947368421,0.5,0.5,0.8,161.58823529411765
548377,2012-05-20,Jaipur,Sawai Mansingh Stadium,Rajasthan Royals,Mumbai Indians,Rajasthan Royals,bat,Mumbai Indians,DR Smith,2012,0,10,7,10,32,0,0.5285714285714286,0.5,0.6666666666666666,0.6,0.5675675675675675,0.5,0.3333333333333333,0.6,161.11363636363637
548378,2012-05-22,Pune,Subrata Roy Sahara Stadium,Delhi Capitals,Kolkata Knight Riders,Kolkata Knight Riders,bat,Kolkata Knight Riders,YK Pathan,2012,0,1,5,5,37,0,0.5416666666666666,0.5,1.0,0.6,0.4927536231884058,0.5,1.0,0.6,141.5
548379,2012-05-23,Bangalore,M Chinnaswamy Stadium,Chennai Super Kings,Mumbai Indians,Mumbai Indians,field,Chennai Super Kings,MS Dhoni,2012,1,0,7,7,17,1,0.5921052631578947,0.4,0.3333333333333333,0.6,0.5733333333333334,0.6,1.0,0.6,165.54651162790697
548380,2012-05-25,Chennai,MA Chidambaram Stadium,Delhi Capitals,Chennai Super Kings,Delhi Capitals,field,Chennai Super Kings,M Vijay,2012,0,1,0,1,19,1,0.5342465753424658,0.4444444444444444,0.5,0.4,0.5974025974025974,0.5555555555555556,0.6896551724137931,0.8,158.45698924731184
548381,2012-05-27,Chennai,MA Chidambaram Stadium,Kolkata Knight Riders,Chennai Super Kings,Chennai Super Kings,bat,Kolkata Knight Riders,MS Bisla,2012,1,5,0,0,19,0,0.5,0.3333333333333333,0.25,0.6,0.6025641025641025,0.6666666666666666,0.7,0.8,158.45698924731184
597998,2013-04-03,Kolkata,Eden Gardens,Kolkata Knight Riders,Delhi Capitals,Kolkata Knight Riders,field,Kolkata Knight Riders,SP Narine,2013,1,5,1,5,10,1,0.5070422535211268,0.5555555555555556,0.5714285714285714,0.8,0.527027027027027,0.4444444444444444,0.3333333333333333,0.4,162.16666666666666
597999,2013-04-04,Bangalore,M Chinnaswamy Stadium,Royal Challengers Bengaluru,Mumbai Indians,Mumbai Indians,field,Royal Challengers Bengaluru,CH Gayle,2013,1,12,7,7,17,1,0.5064935064935064,0.45454545454545453,0.48148148148148145,0.6,0.5657894736842105,0.5454545454545454,0.8,0.6,165.54651162790697
598000,2013-04-05,Hyderabad,Rajiv Gandhi International Stadium,Sunrisers Hyderabad,Pune Warriors India,Pune Warriors India,field,Sunrisers Hyderabad,A Mishra,2013,1,13,8,8,29,1,0.38666666666666666,0.75,0.16666666666666666,0.4,0.27586206896551724,0.25,1.0,0.0,161.58823529411765
598001,2013-04-06,Delhi,Feroz Shah Kotla,Delhi Capitals,Rajasthan Royals,Rajasthan Royals,bat,Rajasthan Royals,R Dravid,2013,0,1,10,10,11,0,0.52,0.6,0.48148148148148145,0.2,0.5211267605633803,0.4,0.0,0.4,155.635593220339
598002,2013-04-06,Chennai,MA Chidambaram Stadium,Chennai Super Kings,Mumbai Indians,Mumbai Indians,bat,Mumbai Indians,KA Pollard,2013,0,0,7,7,19,0,0.5949367088607594,0.45454545454545453,0.6774193548387096,0.6,0.5584415584415584,0.5454545454545454,0.25,0.4,158.45698924731184
598003,2013-04-07,Pune,Subrata Roy Sahara Stadium,Pune Warriors India,Punjab Kings,Pune Warriors India,bat,Punjab Kings,M Vohra,2013,0,8,9,8,37,0,0.26666666666666666,0.75,0.25,0.0,0.4861111111111111,0.25,0.0,0.6,141.5
598005,2013-04-08,Jaipur,Sawai Mansingh Stadium,Rajasthan Royals,Kolkata Knight Riders,Kolkata Knight Riders,field,Rajasthan Royals,SK Trivedi,2013,1,10,5,5,32,1,0.5277777777777778,0.4444444444444444,0.64,0.4,0.5138888888888888,0.5555555555555556,0.3333333333333333,1.0,161.11363636363637
598048,2013-04-09,Bangalore,M Chinnaswamy Stadium,Royal Challengers Bengaluru,Sunrisers Hyderabad,Sunrisers Hyderabad,bat,Royal Challengers Bengaluru,V Kohli,2013,1,12,13,13,17,0,0.5128205128205128,0.45454545454545453,0.5,0.6,0.39473684210526316,0.5454545454545454,0.3333333333333333,0.6,165.54651162790697
598006,2013-04-09,Mumbai,Wankhede Stadium,Mumbai Indians,Delhi Capitals,Mumbai Indians,bat,Mumbai Indians,KD Karthik,2013,1,7,1,7,40,0,0.5641025641025641,0.5,0.5,0.4,0.5131578947368421,0.5,0.3333333333333333,0.2,166.984496124031
598007,2013-04-10,Chandigarh,Punjab Cricket Association Stadium,Punjab Kings,Chennai Super Kings,Chennai Super Kings,field,Chennai Super Kings,MEK Hussey,2013,0,9,0,0,28,1,0.4931506849315068,0.3333333333333333,0.5454545454545454,0.6,0.5875,0.6666666666666666,0.5,0.4,156.95714285714286
598008,2013-04-11,Bangalore,M Chinnaswamy Stadium,Royal Challengers Bengaluru,Kolkata Knight Riders,Royal Challengers Bengaluru,field,Royal Challengers Bengaluru,CH Gayle,2013,1,12,5,12,17,1,0.5189873417721519,0.5,0.5172413793103449,0.6,0.5068493150684932,0.5,0.5,0.8,165.54651162790697
598009,2013-04-11,Pune,Subrata Roy Sahara Stadium,Pune Warriors India,Rajasthan Royals,Rajasthan Royals,bat,Pune Warriors India,AJ Finch,2013,1,8,10,10,37,0,0.25806451612903225,0.0,0.2222222222222222,0.0,0.5342465753424658,1.0,1.0,0.6,141.5
598010,2013-04-12,Delhi,Feroz Shah Kotla,Delhi Capitals,Sunrisers Hyderabad,Delhi Capitals,bat,Sunrisers Hyderabad,A Mishra,2013,0,1,13,1,11,0,0.5064935064935064,0.6363636363636364,0.4642857142857143,0.0,0.38961038961038963,0.36363636363636365,0.5,0.6,155.635593220339
598012,2013-04-13,Chennai,MA Chidambaram Stadium,Chennai Super Kings,Royal Challengers Bengaluru,Chennai Super Kings,field,Chennai Super Kings,RA Jadeja,2013,1,0,12,0,19,1,0.5925925925925926,0.5833333333333334,0.65625,0.6,0.525,0.4166666666666667,0.3333333333333333,0.8,158.45698924731184
598011,2013-04-13,Mumbai,Wankhede Stadium,Mumbai Indians,Pune Warriors India,Mumbai Indians,bat,Mumbai Indians,RG Sharma,2013,1,7,8,7,40,0,0.569620253164557,0.75,0.5238095238095238,0.6,0.28125,0.25,0.5,0.2,166.984496124031
598013,2013-04-14,Kolkata,Eden Gardens,Kolkata Knight Riders,Sunrisers Hyderabad,Kolkata Knight Riders,bat,Kolkata Knight Riders,G Gambhir,2013,1,5,13,5,10,0,0.5,0.7777777777777778,0.5862068965517241,0.6,0.3974358974358974,0.2222222222222222,0.0,0.8,162.16666666666666
598014,2013-04-14,Jaipur,Sawai Mansingh Stadium,Rajasthan Royals,Punjab Kings,Rajasthan Royals,field,Rajasthan Royals,JP Faulkner,2013,1,10,9,10,32,1,0.527027027027027,0.6666666666666666,0.6538461538461539,0.4,0.4864864864864865,0.3333333333333333,0.0,0.4,161.11363636363637
598015,2013-04-15,Chennai,MA Chidambaram Stadium,Chennai Super Kings,Pune Warriors India,Pune Warriors India,bat,Pune Warriors India,SPD Smith,2013,0,0,8,8,19,0,0.5975609756097561,0.75,0.6666666666666666,0.6,0.2727272727272727,0.25,0.0,0.2,158.45698924731184
598016,2013-04-16,Chandigarh,Punjab Cricket Association Stadium,Punjab Kings,Kolkata Knight Riders,Kolkata Knight Riders,field,Punjab Kings,MS Gony,2013,1,9,5,5,28,1,0.48,0.4444444444444444,0.5217391304347826,0.4,0.5066666666666667,0.5555555555555556,0.6666666666666666,0.6,156.95714285714286
598018,2013-04-17,Pune,Maharashtra Cricket Association Stadium,Pune Warriors India,Sunrisers Hyderabad,Pune Warriors India,field,Sunrisers Hyderabad,A Mishra,2013,0,8,13,8,21,1,0.29411764705882354,0.2,0.5,0.4,0.3924050632911392,0.8,0.5,0.6,158.78571428571428
598019,2013-04-17,Jaipur,Sawai Mansingh Stadium,Rajasthan Royals,Mumbai Indians,Rajasthan Royals,bat,Rajasthan Royals,AM Rahane,2013,1,10,7,10,32,0,0.5333333333333333,0.4444444444444444,0.6666666666666666,0.6,0.575,0.5555555555555556,0.5,0.6,161.11363636363637
598020,2013-04-18,Delhi,Feroz Shah Kotla,Delhi Capitals,Chennai Super Kings,Chennai Super Kings,bat,Chennai Super Kings,MEK Hussey,2013,0,1,0,0,11,0,0.5,0.4,0.4482758620689655,0.0,0.5903614457831325,0.6,0.6666666666666666,0.4,155.635593220339
598021,2013-04-19,Hyderabad,Rajiv Gandhi International Stadium,Sunrisers Hyderabad,Punjab Kings,Punjab Kings,bat,Sunrisers Hyderabad,GH Vihari,2013,1,13,9,9,29,0,0.4,0.3,0.21052631578947367,0.6,0.4868421052631579,0.7,1.0,0.4,161.58823529411765
598022,2013-04-20,Kolkata,Eden Gardens,Kolkata Knight Riders,Chennai Super Kings,Kolkata Knight Riders,bat,Chennai Super Kings,RA Jadeja,2013,0,5,0,5,10,0,0.5,0.4,0.6,0.4,0.5952380952380952,0.6,0.75,0.6,162.16666666666666
598023,2013-04-20,Bangalore,M Chinnaswamy Stadium,Royal Challengers Bengaluru,Rajasthan Royals,Royal Challengers Bengaluru,field,Royal Challengers Bengaluru,R Vinay Kumar,2013,1,12,10,12,17,1,0.5185185185185185,0.5555555555555556,0.5333333333333333,0.6,0.5394736842105263,0.4444444444444444,0.6666666666666666,0.8,165.54651162790697
598024,2013-04-21,Delhi,Feroz Shah Kotla,Delhi Capitals,Mumbai Indians,Mumbai Indians,bat,Delhi Capitals,V Sehwag,2013,1,1,7,7,11,0,0.4936708860759494,0.45454545454545453,0.43333333333333335,0.0,0.5679012345679012,0.5454545454545454,0.5,0.6,155.635593220339
598025,2013-04-21,Chandigarh,Punjab Cricket Association Stadium,Punjab Kings,Pune Warriors India,Punjab Kings,field,Punjab Kings,DA Miller,2013,1,9,8,9,28,1,0.4805194805194805,0.4,0.5416666666666666,0.4,0.2857142857142857,0.6,0.5,0.4,156.95714285714286
598026,2013-04-22,Chennai,MA Chidambaram Stadium,Chennai Super Kings,Rajasthan Royals,Rajasthan Royals,bat,Chennai Super Kings,MEK Hussey,2013,1,0,10,10,19,0,0.6,0.6363636363636364,0.6470588235294118,0.8,0.5324675324675324,0.36363636363636365,0.25,0.6,158.45698924731184
598059,2013-04-23,Delhi,Feroz Shah Kotla,Delhi Capitals,Punjab Kings,Punjab Kings,field,Punjab Kings,Harmeet Singh,2013,0,1,9,9,11,1,0.5,0.5,0.45161290322580644,0.2,0.48717948717948717,0.5,0.5,0.4,155.635593220339
598027,2013-04-23,Bangalore,M Chinnaswamy Stadium,Royal Challengers Bengaluru,Pune Warriors India,Pune Warriors India,field,Royal Challengers Bengaluru,CH Gayle,2013,1,12,8,8,17,1,0.524390243902439,1.0,0.5483870967741935,0.8,0.2777777777777778,0.0,0.0,0.4,165.54651162790697
598029,2013-04-24,Kolkata,Eden Gardens,Kolkata Knight Riders,Mumbai Indians,Kolkata Knight Riders,bat,Mumbai Indians,DR Smith,2013,0,5,7,5,10,0,0.4935064935064935,0.2,0.5806451612903226,0.2,0.5609756097560976,0.8,0.75,0.6,162.16666666666666
598030,2013-04-25,Chennai,MA Chidambaram Stadium,Chennai Super Kings,Sunrisers Hyderabad,Sunrisers Hyderabad,bat,Chennai Super Kings,MS Dhoni,2013,1,0,13,13,19,0,0.6046511627906976,0.6,0.6571428571428571,0.8,0.4074074074074074,0.4,0.5,0.6,158.45698924731184
598031,2013-04-26,Kolkata,Eden Gardens,Kolkata Knight Riders,Punjab Kings,Punjab Kings,bat,Kolkata Knight Riders,JH Kallis,2013,1,5,9,9,10,0,0.48717948717948717,0.5,0.5625,0.2,0.4936708860759494,0.5,0.5,0.6,162.16666666666666
598032,2013-04-27,Jaipur,Sawai Mansingh Stadium,Rajasthan Royals,Sunrisers Hyderabad,Sunrisers Hyderabad,bat,Rajasthan Royals,JP Faulkner,2013,1,10,13,13,32,0,0.5256410256410257,0.7777777777777778,0.6785714285714286,0.4,0.4024390243902439,0.2222222222222222,0.0,0.6,161.11363636363637
598033,2013-04-27,Mumbai,Wankhede Stadium,Mumbai Indians,Royal Challengers Bengaluru,Mumbai Indians,bat,Mumbai Indians,DR Smith,2013,1,7,12,7,40,0,0.5662650602409639,0.5,0.5454545454545454,0.6,0.5301204819277109,0.5,0.6666666666666666,0.8,166.984496124031
598034,2013-04-28,Chennai,MA Chidambaram Stadium,Chennai Super Kings,Kolkata Knight Riders,Kolkata Knight Riders,field,Chennai Super Kings,MEK Hussey,2013,1,0,5,5,19,1,0.6091954022988506,0.6363636363636364,0.6666666666666666,0.8,0.4936708860759494,0.36363636363636365,0.4,0.4,158.45698924731184
598035,2013-04-28,Raipur,Shaheed Veer Narayan Singh International Stadium,Delhi Capitals,Pune Warriors India,Pune Warriors India,field,Delhi Capitals,DA Warner,2013,1,1,8,8,33,1,0.49382716049382713,0.6666666666666666,0.5,0.2,0.2702702702702703,0.3333333333333333,0.5,0.2,145.08333333333334
598036,2013-04-29,Jaipur,Sawai Mansingh Stadium,Rajasthan Royals,Royal Challengers Bengaluru,Rajasthan Royals,field,Rajasthan Royals,SV Samson,2013,1,10,12,10,32,1,0.5316455696202531,0.4,0.6896551724137931,0.6,0.5238095238095238,0.6,0.75,0.6,161.11363636363637
598037,2013-04-29,Mumbai,Wankhede Stadium,Mumbai Indians,Punjab Kings,Mumbai Indians,bat,Mumbai Indians,RG Sharma,2013,1,7,9,7,40,0,0.5714285714285714,0.4,0.5652173913043478,0.6,0.4875,0.6,0.5,0.6,166.984496124031
598038,2013-04-30,Pune,Subrata Roy Sahara Stadium,Pune Warriors India,Chennai Super Kings,Chennai Super Kings,bat,Chennai Super Kings,MS Dhoni,2013,0,8,0,0,37,0,0.2631578947368421,0.4,0.3,0.2,0.6136363636363636,0.6,0.0,1.0,141.5
598039,2013-05-01,Hyderabad,Rajiv Gandhi International Stadium,Sunrisers Hyderabad,Mumbai Indians,Mumbai Indians,bat,Sunrisers Hyderabad,I Sharma,2013,1,13,7,7,29,0,0.39759036144578314,0.4,0.25,0.4,0.5764705882352941,0.6,1.0,0.6,161.58823529411765
598040,2013-05-01,Raipur,Shaheed Veer Narayan Singh International Stadium,Delhi Capitals,Kolkata Knight Riders,Kolkata Knight Riders,bat,Delhi Capitals,DA Warner,2013,1,1,5,5,33,0,0.5,0.4,1.0,0.4,0.4875,0.6,0.5,0.2,145.08333333333334
598041,2013-05-02,Chennai,MA Chidambaram Stadium,Chennai Super Kings,Punjab Kings,Chennai Super Kings,bat,Chennai Super Kings,SK Raina,2013,1,0,9,0,19,0,0.6179775280898876,0.7,0.6756756756756757,1.0,0.48148148148148145,0.3,0.5,0.4,158.45698924731184
598042,2013-05-02,Pune,Subrata Roy Sahara Stadium,Pune Warriors India,Royal Challengers Bengaluru,Royal Challengers Bengaluru,bat,Royal Challengers Bengaluru,AB de Villiers,2013,0,8,12,12,37,0,0.2564102564102564,0.0,0.2727272727272727,0.0,0.5176470588235295,1.0,1.0,0.4,141.5
598043,2013-05-03,Kolkata,Eden Gardens,Kolkata Knight Riders,Rajasthan Royals,Rajasthan Royals,bat,Kolkata Knight Riders,YK Pathan,2013,1,5,10,10,10,0,0.48148148148148145,0.5,0.5757575757575758,0.2,0.5375,0.5,0.25,0.6,162.16666666666666
598044,2013-05-04,Hyderabad,Rajiv Gandhi International Stadium,Sunrisers Hyderabad,Delhi Capitals,Delhi Capitals,bat,Sunrisers Hyderabad,DJG Sammy,2013,1,13,1,1,29,0,0.40476190476190477,0.4166666666666667,0.2857142857142857,0.6,0.5060240963855421,0.5833333333333334,1.0,0.6,161.58823529411765
598046,2013-05-05,Mumbai,Wankhede Stadium,Mumbai Indians,Chennai Super Kings,Mumbai Indians,bat,Mumbai Indians,MG Johnson,2013,1,7,0,7,40,0,0.5697674418604651,0.5833333333333334,0.5833333333333334,0.6,0.6222222222222222,0.4166666666666667,0.4,1.0,166.984496124031
598047,2013-05-05,Jaipur,Sawai Mansingh Stadium,Rajasthan Royals,Pune Warriors India,Pune Warriors India,bat,Rajasthan Royals,AM Rahane,2013,1,10,8,8,32,0,0.5308641975308642,0.75,0.7,0.4,0.25,0.25,0.0,0.0,161.11363636363637
598064,2013-05-06,Chandigarh,Punjab Cricket Association Stadium,Punjab Kings,Royal Challengers Bengaluru,Punjab Kings,field,Punjab Kings,DA Miller,2013,1,9,12,9,28,1,0.47560975609756095,0.5,0.56,0.4,0.5232558139534884,0.5,0.6666666666666666,0.6,156.95714285714286
598049,2013-05-07,Jaipur,Sawai Mansingh Stadium,Rajasthan Royals,Delhi Capitals,Delhi Capitals,bat,Rajasthan Royals,AM Rahane,2013,1,10,1,1,32,0,0.5365853658536586,0.45454545454545453,0.7096774193548387,0.6,0.5,0.5454545454545454,0.3333333333333333,0.6,161.11363636363637
598050,2013-05-07,Mumbai,Wankhede Stadium,Mumbai Indians,Kolkata Knight Riders,Mumbai Indians,bat,Mumbai Indians,SR Tendulkar,2013,1,7,5,7,40,0,0.5747126436781609,0.8181818181818182,0.6,0.8,0.4878048780487805,0.18181818181818182,0.3333333333333333,0.4,166.984496124031
598051,2013-05-08,Hyderabad,Rajiv Gandhi International Stadium,Sunrisers Hyderabad,Chennai Super Kings,Sunrisers Hyderabad,field,Chennai Super Kings,SK Raina,2013,0,13,0,13,29,1,0.4117647058823529,0.36363636363636365,0.3181818181818182,0.6,0.6153846153846154,0.6363636363636364,1.0,0.8,161.58823529411765
598052,2013-05-09,Chandigarh,Punjab Cricket Association Stadium,Punjab Kings,Rajasthan Royals,Rajasthan Royals,field,Rajasthan Royals,KK Cooper,2013,0,9,10,10,28,1,0.4819277108433735,0.3,0.5769230769230769,0.4,0.5421686746987951,0.7,0.5,0.8,156.95714285714286
598053,2013-05-09,Pune,Subrata Roy Sahara Stadium,Pune Warriors India,Kolkata Knight Riders,Kolkata Knight Riders,bat,Kolkata Knight Riders,G Gambhir,2013,0,8,5,5,37,0,0.24390243902439024,0.0,0.25,0.0,0.4819277108433735,1.0,1.0,0.4,141.5
598054,2013-05-10,Delhi,Feroz Shah Kotla,Delhi Capitals,Royal Challengers Bengaluru,Delhi Capitals,field,Royal Challengers Bengaluru,JD Unadkat,2013,0,1,12,1,11,1,0.49411764705882355,0.5555555555555556,0.4375,0.4,0.5172413793103449,0.4444444444444444,0.5,0.4,155.635593220339
598055,2013-05-11,Pune,Subrata Roy Sahara Stadium,Pune Warriors India,Mumbai Indians,Pune Warriors India,bat,Mumbai Indians,MG Johnson,2013,0,8,7,8,37,0,0.23809523809523808,0.2,0.23076923076923078,0.0,0.5795454545454546,0.8,1.0,0.8,141.5
598056,2013-05-11,Chandigarh,Punjab Cricket Association Stadium,Punjab Kings,Sunrisers Hyderabad,Punjab Kings,field,Sunrisers Hyderabad,PA Patel,2013,0,9,13,9,28,1,0.47619047619047616,0.6363636363636364,0.5555555555555556,0.2,0.4069767441860465,0.36363636363636365,0.0,0.4,156.95714285714286
598057,2013-05-12,Ranchi,JSCA International Stadium Complex,Kolkata Knight Riders,Royal Challengers Bengaluru,Kolkata Knight Riders,field,Kolkata Knight Riders,JH Kallis,2013,1,5,12,5,15,1,0.4880952380952381,0.45454545454545453,0.5,0.4,0.5227272727272727,0.5454545454545454,0.5,0.4,146.85714285714286
598058,2013-05-12,Jaipur,Sawai Mansingh Stadium,Rajasthan Royals,Chennai Super Kings,Rajasthan Royals,field,Rajasthan Royals,SR Watson,2013,1,10,0,10,32,1,0.5476190476190477,0.3333333333333333,0.71875,0.8,0.6195652173913043,0.6666666666666666,0.6666666666666666,0.8,161.11363636363637
598060,2013-05-13,Mumbai,Wankhede Stadium,Mumbai Indians,Sunrisers Hyderabad,Sunrisers Hyderabad,bat,Mumbai Indians,KA Pollard,2013,1,7,13,13,40,0,0.5842696629213483,0.5454545454545454,0.6153846153846154,0.8,0.41379310344827586,0.45454545454545453,0.5,0.6,166.984496124031
598062,2013-05-14,Chennai,MA Chidambaram Stadium,Chennai Super Kings,Delhi Capitals,Chennai Super Kings,bat,Chennai Super Kings,MS Dhoni,2013,1,0,1,0,19,0,0.6129032258064516,0.6363636363636364,0.6842105263157895,0.6,0.4883720930232558,0.36363636363636365,0.4,0.4,158.45698924731184
598045,2013-05-14,Bangalore,M Chinnaswamy Stadium,Royal Challengers Bengaluru,Punjab Kings,Punjab Kings,field,Punjab Kings,AC Gilchrist,2013,0,12,9,9,17,1,0.5168539325842697,0.45454545454545453,0.5625,0.4,0.47058823529411764,0.5454545454545454,0.5,0.2,165.54651162790697
598063,2013-05-15,Mumbai,Wankhede Stadium,Mumbai Indians,Rajasthan Royals,Rajasthan Royals,field,Mumbai Indians,AP Tare,2013,1,7,10,10,40,1,0.5888888888888889,0.5,0.6296296296296297,0.8,0.5529411764705883,0.5,0.6666666666666666,0.8,166.984496124031
598061,2013-05-15,Ranchi,JSCA International Stadium Complex,Kolkata Knight Riders,Pune Warriors India,Kolkata Knight Riders,field,Pune Warriors India,MK Pandey,2013,0,5,8,5,15,1,0.49411764705882355,1.0,1.0,0.6,0.23255813953488372,0.0,0.5,0.0,146.85714285714286
598028,2013-05-16,Dharamsala,Himachal Pradesh Cricket Association Stadium,Punjab Kings,Delhi Capitals,Delhi Capitals,field,Punjab Kings,DA Miller,2013,1,9,1,1,13,1,0.47674418604651164,0.5454545454545454,0.42857142857142855,0.4,0.4827586206896552,0.45454545454545453,0.5,0.2,173.10714285714286
598065,2013-05-17,Hyderabad,Rajiv Gandhi International Stadium,Sunrisers Hyderabad,Rajasthan Royals,Sunrisers Hyderabad,bat,Sunrisers Hyderabad,A Mishra,2013,1,13,10,13,29,0,0.4090909090909091,0.2,0.30434782608695654,0.6,0.5465116279069767,0.8,0.6666666666666666,0.8,161.58823529411765
598066,2013-05-18,Dharamsala,Himachal Pradesh Cricket Association Stadium,Punjab Kings,Mumbai Indians,Mumbai Indians,field,Punjab Kings,Azhar Mahmood,2013,1,9,7,7,13,1,0.4827586206896552,0.5454545454545454,0.5,0.6,0.5934065934065934,0.45454545454545453,0.5,1.0,173.10714285714286
598068,2013-05-18,Bangalore,M Chinnaswamy Stadium,Royal Challengers Bengaluru,Chennai Super Kings,Chennai Super Kings,field,Royal Challengers Bengaluru,V Kohli,2013,1,12,0,0,17,1,0.5111111111111111,0.38461538461538464,0.5454545454545454,0.4,0.6170212765957447,0.6153846153846154,0.5,0.6,165.54651162790697
598067,2013-05-19,Pune,Subrata Roy Sahara Stadium,Pune Warriors India,Delhi Capitals,Pune Warriors India,bat,Pune Warriors India,LJ Wright,2013,1,8,1,8,37,0,0.25,0.25,0.21428571428571427,0.2,0.4772727272727273,0.75,0.5,0.0,141.5
598069,2013-05-19,Hyderabad,Rajiv Gandhi International Stadium,Sunrisers Hyderabad,Kolkata Knight Riders,Kolkata Knight Riders,bat,Sunrisers Hyderabad,PA Patel,2013,1,13,5,5,29,0,0.4157303370786517,0.2,0.3333333333333333,0.6,0.4883720930232558,0.8,1.0,0.6,161.58823529411765
598070,2013-05-21,Delhi,Feroz Shah Kotla,Chennai Super Kings,Mumbai Indians,Chennai Super Kings,bat,Chennai Super Kings,MEK Hussey,2013,1,0,7,0,11,0,0.6105263157894737,0.38461538461538464,0.75,0.4,0.5869565217391305,0.6153846153846154,0.4,0.8,155.635593220339
598071,2013-05-22,Delhi,Feroz Shah Kotla,Rajasthan Royals,Sunrisers Hyderabad,Sunrisers Hyderabad,bat,Rajasthan Royals,BJ Hodge,2013,1,10,13,13,11,0,0.5402298850574713,0.7272727272727273,0.25,0.6,0.4222222222222222,0.2727272727272727,0.6,0.6,155.635593220339
598072,2013-05-24,Kolkata,Eden Gardens,Mumbai Indians,Rajasthan Royals,Rajasthan Royals,bat,Mumbai Indians,Harbhajan Singh,2013,1,7,10,10,10,0,0.5806451612903226,0.5454545454545454,0.8,0.6,0.5454545454545454,0.45454545454545453,0.2,0.6,162.16666666666666
598073,2013-05-26,Kolkata,Eden Gardens,Chennai Super Kings,Mumbai Indians,Mumbai Indians,bat,Mumbai Indians,KA Pollard,2013,0,0,7,7,10,0,0.6145833333333334,0.42857142857142855,0.8,0.6,0.5851063829787234,0.5714285714285714,0.8333333333333334,0.6,162.16666666666666
729279,2014-04-16,Abu Dhabi,Sheikh Zayed Stadium,Mumbai Indians,Kolkata Knight Riders,Kolkata Knight Riders,bat,Kolkata Knight Riders,JH Kallis,2014,0,7,5,5,35,0,0.5894736842105263,0.8333333333333334,0.5,0.6,0.4827586206896552,0.16666666666666666,0.5,0.4,151.85185185185185
729281,2014-04-17,Sharjah,Sharjah Cricket Stadium,Delhi Capitals,Royal Challengers Bengaluru,Royal Challengers Bengaluru,field,Royal Challengers Bengaluru,YS Chahal,2014,0,1,12,12,34,1,0.47191011235955055,0.5,0.5,0.0,0.5164835164835165,0.5,0.5,0.4,153.26785714285714
729285,2014-04-18,Abu Dhabi,Sheikh Zayed Stadium,Sunrisers Hyderabad,Rajasthan Royals,Rajasthan Royals,field,Rajasthan Royals,AM Rahane,2014,0,13,10,10,35,1,0.4175824175824176,0.25,0.5,0.6,0.5393258426966292,0.75,0.5,0.4,151.85185185185185
729283,2014-04-18,Abu Dhabi,Sheikh Zayed Stadium,Chennai Super Kings,Punjab Kings,Chennai Super Kings,bat,Punjab Kings,GJ Maxwell,2014,0,0,9,0,35,0,0.6082474226804123,0.7272727272727273,0.5,0.4,0.48863636363636365,0.2727272727272727,0.5,0.6,151.85185185185185
729287,2014-04-19,Dubai,Dubai International Cricket Stadium,Royal Challengers Bengaluru,Mumbai Indians,Royal Challengers Bengaluru,field,Royal Challengers Bengaluru,PA Patel,2014,1,12,7,12,9,1,0.5217391304347826,0.46153846153846156,0.5,0.6,0.5833333333333334,0.5384615384615384,0.5,0.4,154.91860465116278
729289,2014-04-19,Dubai,Dubai International Cricket Stadium,Kolkata Knight Riders,Delhi Capitals,Kolkata Knight Riders,bat,Delhi Capitals,JP Duminy,2014,0,5,1,5,9,0,0.48863636363636365,0.5454545454545454,0.5,0.6,0.4666666666666667,0.45454545454545453,0.5,0.0,154.91860465116278
729291,2014-04-20,Sharjah,Sharjah Cricket Stadium,Rajasthan Royals,Punjab Kings,Punjab Kings,field,Punjab Kings,GJ Maxwell,2014,0,10,9,9,34,1,0.5444444444444444,0.7272727272727273,0.5,0.4,0.4943820224719101,0.2727272727272727,0.5,0.8,153.26785714285714
729293,2014-04-21,Abu Dhabi,Sheikh Zayed Stadium,Chennai Super Kings,Delhi Capitals,Chennai Super Kings,bat,Chennai Super Kings,SK Raina,2014,1,0,1,0,35,0,0.6020408163265306,0.6666666666666666,0.0,0.4,0.4725274725274725,0.3333333333333333,0.5,0.2,151.85185185185185
729295,2014-04-22,Sharjah,Sharjah Cricket Stadium,Punjab Kings,Sunrisers Hyderabad,Sunrisers Hyderabad,field,Punjab Kings,GJ Maxwell,2014,1,9,13,13,34,1,0.5,0.5833333333333334,1.0,1.0,0.41304347826086957,0.4166666666666667,0.5,0.4,153.26785714285714
729297,2014-04-23,Dubai,Dubai International Cricket Stadium,Rajasthan Royals,Chennai Super Kings,Rajasthan Royals,field,Chennai Super Kings,RA Jadeja,2014,0,10,0,10,9,1,0.5384615384615384,0.38461538461538464,0.5,0.4,0.6060606060606061,0.6153846153846154,0.5,0.4,154.91860465116278
729299,2014-04-24,Sharjah,Sharjah Cricket Stadium,Royal Challengers Bengaluru,Kolkata Knight Riders,Royal Challengers Bengaluru,field,Kolkata Knight Riders,CA Lynn,2014,0,12,5,12,34,1,0.5268817204301075,0.5,1.0,0.6,0.48314606741573035,0.5,0.5,0.4,153.26785714285714
729301,2014-04-25,Dubai,Dubai International Cricket Stadium,Sunrisers Hyderabad,Delhi Capitals,Sunrisers Hyderabad,bat,Sunrisers Hyderabad,AJ Finch,2014,1,13,1,13,9,0,0.40860215053763443,0.46153846153846156,0.5,0.4,0.4673913043478261,0.5384615384615384,1.0,0.2,154.91860465116278
729303,2014-04-25,Dubai,Dubai International Cricket Stadium,Chennai Super Kings,Mumbai Indians,Mumbai Indians,bat,Chennai Super Kings,MM Sharma,2014,1,0,7,7,9,0,0.61,0.4,1.0,0.6,0.5773195876288659,0.6,0.0,0.4,154.91860465116278
729305,2014-04-26,Abu Dhabi,Sheikh Zayed Stadium,Rajasthan Royals,Royal Challengers Bengaluru,Rajasthan Royals,field,Rajasthan Royals,PV Tambe,2014,1,10,12,10,35,1,0.532608695652174,0.45454545454545453,1.0,0.4,0.5212765957446809,0.5454545454545454,0.5,0.6,151.85185185185185
729307,2014-04-26,Abu Dhabi,Sheikh Zayed Stadium,Kolkata Knight Riders,Punjab Kings,Kolkata Knight Riders,field,Punjab Kings,Sandeep Sharma,2014,0,5,9,5,35,1,0.4888888888888889,0.5454545454545454,1.0,0.4,0.5054945054945055,0.45454545454545453,1.0,1.0,151.85185185185185
729309,2014-04-27,Sharjah,Sharjah Cricket Stadium,Delhi Capitals,Mumbai Indians,Mumbai Indians,bat,Delhi Capitals,M Vijay,2014,1,1,7,7,34,0,0.46236559139784944,0.5,0.0,0.2,0.5714285714285714,0.5,0.5,0.4,153.26785714285714
729311,2014-04-27,Sharjah,Sharjah Cricket Stadium,Sunrisers Hyderabad,Chennai Super Kings,Sunrisers Hyderabad,bat,Chennai Super Kings,DR Smith,2014,0,13,0,13,34,0,0.4148936170212766,0.3333333333333333,0.0,0.4,0.6138613861386139,0.6666666666666666,0.5,0.6,153.26785714285714
729313,2014-04-28,Dubai,Dubai International Cricket Stadium,Punjab Kings,Royal Challengers Bengaluru,Punjab Kings,field,Punjab Kings,Sandeep Sharma,2014,1,9,12,9,9,1,0.5108695652173914,0.5833333333333334,0.5,1.0,0.5157894736842106,0.4166666666666667,1.0,0.6,154.91860465116278
729317,2014-04-30,Dubai,Dubai International Cricket Stadium,Mumbai Indians,Sunrisers Hyderabad,Mumbai Indians,field,Sunrisers Hyderabad,B Kumar,2014,0,7,13,7,9,1,0.5656565656565656,0.5833333333333334,0.0,0.2,0.4105263157894737,0.4166666666666667,1.0,0.2,154.91860465116278
733971,2014-05-02,Ranchi,JSCA International Stadium Complex,Chennai Super Kings,Kolkata Knight Riders,Chennai Super Kings,bat,Chennai Super Kings,RA Jadeja,2014,1,0,5,0,15,0,0.6176470588235294,0.6666666666666666,0.5,0.8,0.4835164835164835,0.3333333333333333,0.5,0.4,146.85714285714286
733975,2014-05-03,Delhi,Feroz Shah Kotla,Delhi Capitals,Rajasthan Royals,Rajasthan Royals,field,Rajasthan Royals,KK Nair,2014,0,1,10,10,11,1,0.46808510638297873,0.5,0.42424242424242425,0.4,0.5376344086021505,0.5,0.4,0.4,155.635593220339
733973,2014-05-03,Mumbai,Wankhede Stadium,Mumbai Indians,Punjab Kings,Punjab Kings,bat,Mumbai Indians,CJ Anderson,2014,1,7,9,9,40,0,0.56,0.4166666666666667,0.6428571428571429,0.0,0.5161290322580645,0.5833333333333334,0.4,1.0,166.984496124031
733977,2014-05-04,Bangalore,M Chinnaswamy Stadium,Royal Challengers Bengaluru,Sunrisers Hyderabad,Royal Challengers Bengaluru,field,Royal Challengers Bengaluru,AB de Villiers,2014,1,12,13,12,17,1,0.5104166666666666,0.5,0.5588235294117647,0.4,0.4166666666666667,0.5,0.25,0.4,165.54651162790697
733979,2014-05-05,Ahmedabad,Sardar Patel Stadium,Rajasthan Royals,Kolkata Knight Riders,Kolkata Knight Riders,field,Rajasthan Royals,PV Tambe,2014,1,10,5,5,30,1,0.5425531914893617,0.45454545454545453,0.75,0.6,0.4782608695652174,0.5454545454545454,0.0,0.4,152.9090909090909
733981,2014-05-05,Delhi,Feroz Shah Kotla,Delhi Capitals,Chennai Super Kings,Chennai Super Kings,field,Chennai Super Kings,DR Smith,2014,0,1,0,0,11,1,0.4631578947368421,0.3076923076923077,0.4117647058823529,0.4,0.6213592233009708,0.6923076923076923,0.8,1.0,155.635593220339
733983,2014-05-06,Mumbai,Wankhede Stadium,Mumbai Indians,Royal Challengers Bengaluru,Royal Challengers Bengaluru,field,Mumbai Indians,RG Sharma,2014,1,7,12,12,40,1,0.5643564356435643,0.5,0.6551724137931034,0.2,0.5154639175257731,0.5,0.5,0.4,166.984496124031
733985,2014-05-07,Delhi,Feroz Shah Kotla,Delhi Capitals,Kolkata Knight Riders,Delhi Capitals,bat,Kolkata Knight Riders,G Gambhir,2014,0,1,5,1,11,0,0.4583333333333333,0.5,0.4,0.2,0.4731182795698925,0.5,0.6666666666666666,0.2,155.635593220339
733987,2014-05-07,Cuttack,Barabati Stadium,Punjab Kings,Chennai Super Kings,Chennai Super Kings,field,Punjab Kings,GJ Maxwell,2014,1,9,0,0,1,1,0.5106382978723404,0.3333333333333333,0.0,0.8,0.625,0.6666666666666666,0.5,1.0,162.71428571428572
733989,2014-05-08,Ahmedabad,Sardar Patel Stadium,Rajasthan Royals,Sunrisers Hyderabad,Rajasthan Royals,field,Sunrisers Hyderabad,B Kumar,2014,0,10,13,10,30,1,0.5473684210526316,0.7692307692307693,0.8,0.6,0.41237113402061853,0.23076923076923078,0.0,0.4,152.9090909090909
733991,2014-05-09,Bangalore,M Chinnaswamy Stadium,Royal Challengers Bengaluru,Punjab Kings,Royal Challengers Bengaluru,field,Punjab Kings,Sandeep Sharma,2014,0,12,9,12,17,1,0.5102040816326531,0.38461538461538464,0.5714285714285714,0.2,0.5157894736842106,0.6153846153846154,0.6,0.8,165.54651162790697
733993,2014-05-10,Delhi,Feroz Shah Kotla,Delhi Capitals,Sunrisers Hyderabad,Sunrisers Hyderabad,field,Sunrisers Hyderabad,DW Steyn,2014,0,1,13,13,11,1,0.4536082474226804,0.5,0.3888888888888889,0.2,0.41836734693877553,0.5,0.5,0.6,155.635593220339
733995,2014-05-10,Mumbai,Wankhede Stadium,Mumbai Indians,Chennai Super Kings,Chennai Super Kings,field,Chennai Super Kings,DR Smith,2014,0,7,0,0,40,1,0.5686274509803921,0.5625,0.6666666666666666,0.4,0.6190476190476191,0.4375,0.3333333333333333,0.8,166.984496124031
733999,2014-05-11,Bangalore,M Chinnaswamy Stadium,Royal Challengers Bengaluru,Rajasthan Royals,Royal Challengers Bengaluru,bat,Rajasthan Royals,JP Faulkner,2014,0,12,10,12,17,0,0.5050505050505051,0.5,0.5555555555555556,0.2,0.5416666666666666,0.5,0.5,0.6,165.54651162790697
733997,2014-05-11,Cuttack,Barabati Stadium,Punjab Kings,Kolkata Knight Riders,Kolkata Knight Riders,field,Kolkata Knight Riders,G Gambhir,2014,0,9,5,5,1,1,0.5208333333333334,0.5,0.5,0.8,0.4787234042553192,0.5,1.0,0.4,162.71428571428572
734001,2014-05-12,Hyderabad,Rajiv Gandhi International Stadium,Sunrisers Hyderabad,Mumbai Indians,Sunrisers Hyderabad,bat,Mumbai Indians,AT Rayudu,2014,0,13,7,13,29,0,0.42424242424242425,0.46153846153846156,0.36,0.6,0.5631067961165048,0.5384615384615384,0.6666666666666666,0.4,161.58823529411765
734003,2014-05-13,Ranchi,JSCA International Stadium Complex,Chennai Super Kings,Rajasthan Royals,Rajasthan Royals,bat,Chennai Super Kings,RA Jadeja,2014,1,0,10,10,15,0,0.6226415094339622,0.6428571428571429,1.0,0.8,0.5463917525773195,0.35714285714285715,0.5,0.8,146.85714285714286
734005,2014-05-13,Bangalore,M Chinnaswamy Stadium,Royal Challengers Bengaluru,Delhi Capitals,Delhi Capitals,field,Royal Challengers Bengaluru,Yuvraj Singh,2014,1,12,1,1,17,1,0.5,0.5454545454545454,0.5405405405405406,0.2,0.4489795918367347,0.45454545454545453,0.6666666666666666,0.2,165.54651162790697
734009,2014-05-14,Cuttack,Barabati Stadium,Kolkata Knight Riders,Mumbai Indians,Kolkata Knight Riders,field,Kolkata Knight Riders,RV Uthappa,2014,1,5,7,5,1,1,0.4842105263157895,0.23076923076923078,1.0,0.4,0.5673076923076923,0.7692307692307693,0.5,0.6,162.71428571428572
734007,2014-05-14,Hyderabad,Rajiv Gandhi International Stadium,Sunrisers Hyderabad,Punjab Kings,Punjab Kings,field,Punjab Kings,WP Saha,2014,0,13,9,9,29,1,0.42,0.38461538461538464,0.34615384615384615,0.6,0.5154639175257731,0.6153846153846154,0.75,0.6,161.58823529411765
734011,2014-05-15,Ahmedabad,Sardar Patel Stadium,Rajasthan Royals,Delhi Capitals,Delhi Capitals,field,Rajasthan Royals,AM Rahane,2014,1,10,1,1,30,1,0.5408163265306123,0.5384615384615384,0.6666666666666666,0.6,0.4444444444444444,0.46153846153846156,1.0,0.0,152.9090909090909
734013,2014-05-18,Ranchi,JSCA International Stadium Complex,Chennai Super Kings,Royal Challengers Bengaluru,Chennai Super Kings,bat,Royal Challengers Bengaluru,AB de Villiers,2014,0,0,12,0,15,0,0.6261682242990654,0.5714285714285714,1.0,0.8,0.504950495049505,0.42857142857142855,0.0,0.4,146.85714285714286
734015,2014-05-18,Hyderabad,Rajiv Gandhi International Stadium,Sunrisers Hyderabad,Kolkata Knight Riders,Sunrisers Hyderabad,bat,Kolkata Knight Riders,UT Yadav,2014,0,13,5,13,29,0,0.4158415841584158,0.2727272727272727,0.3333333333333333,0.4,0.4895833333333333,0.7272727272727273,0.6666666666666666,0.6,161.58823529411765
734017,2014-05-19,Ahmedabad,Sardar Patel Stadium,Rajasthan Royals,Mumbai Indians,Mumbai Indians,bat,Mumbai Indians,MEK Hussey,2014,0,10,7,7,30,0,0.5454545454545454,0.4166666666666667,0.7142857142857143,0.6,0.5619047619047619,0.5833333333333334,0.5,0.6,152.9090909090909
734019,2014-05-19,Delhi,Feroz Shah Kotla,Delhi Capitals,Punjab Kings,Punjab Kings,field,Punjab Kings,AR Patel,2014,0,1,9,9,11,1,0.44,0.4166666666666667,0.3783783783783784,0.0,0.5204081632653061,0.5833333333333334,0.6,0.6,155.635593220339
734021,2014-05-20,Hyderabad,Rajiv Gandhi International Stadium,Sunrisers Hyderabad,Royal Challengers Bengaluru,Royal Challengers Bengaluru,bat,Sunrisers Hyderabad,DA Warner,2014,1,13,12,12,29,0,0.4117647058823529,0.46153846153846156,0.32142857142857145,0.4,0.5098039215686274,0.5384615384615384,0.3333333333333333,0.4,161.58823529411765
734023,2014-05-20,Kolkata,Eden Gardens,Kolkata Knight Riders,Chennai Super Kings,Kolkata Knight Riders,field,Kolkata Knight Riders,RV Uthappa,2014,1,5,0,5,10,1,0.4948453608247423,0.3076923076923077,0.5882352941176471,0.8,0.6203703703703703,0.6923076923076923,0.6666666666666666,0.6,162.16666666666666
734025,2014-05-21,Chandigarh,Punjab Cricket Association Stadium,Punjab Kings,Mumbai Indians,Mumbai Indians,field,Mumbai Indians,LMP Simmons,2014,0,9,7,7,28,1,0.5252525252525253,0.5384615384615384,0.5357142857142857,0.8,0.5660377358490566,0.46153846153846156,0.25,0.6,156.95714285714286
734027,2014-05-22,Kolkata,Eden Gardens,Kolkata Knight Riders,Royal Challengers Bengaluru,Royal Challengers Bengaluru,field,Kolkata Knight Riders,RV Uthappa,2014,1,5,12,12,10,1,0.5,0.5384615384615384,0.6,1.0,0.5048543689320388,0.46153846153846156,0.25,0.4,162.16666666666666
734029,2014-05-22,Ranchi,JSCA International Stadium Complex,Chennai Super Kings,Sunrisers Hyderabad,Sunrisers Hyderabad,field,Sunrisers Hyderabad,DA Warner,2014,0,0,13,13,15,1,0.6146788990825688,0.6923076923076923,0.6666666666666666,0.4,0.4174757281553398,0.3076923076923077,0.5,0.4,146.85714285714286
734031,2014-05-23,Mumbai,Wankhede Stadium,Mumbai Indians,Delhi Capitals,Delhi Capitals,field,Mumbai Indians,MEK Hussey,2014,1,7,1,1,40,1,0.5700934579439252,0.46153846153846156,0.6451612903225806,0.6,0.43564356435643564,0.5384615384615384,0.25,0.0,166.984496124031
734033,2014-05-23,Chandigarh,Punjab Cricket Association Stadium,Punjab Kings,Rajasthan Royals,Rajasthan Royals,field,Punjab Kings,SE Marsh,2014,1,9,10,10,28,1,0.52,0.3333333333333333,0.5172413793103449,0.6,0.54,0.6666666666666666,0.6,0.4,156.95714285714286
734035,2014-05-24,Bangalore,M Chinnaswamy Stadium,Royal Challengers Bengaluru,Chennai Super Kings,Chennai Super Kings,field,Chennai Super Kings,MS Dhoni,2014,0,12,0,0,17,1,0.5,0.4666666666666667,0.5526315789473685,0.4,0.6090909090909091,0.5333333333333333,0.4,0.4,165.54651162790697
734037,2014-05-24,Kolkata,Eden Gardens,Kolkata Knight Riders,Sunrisers Hyderabad,Kolkata Knight Riders,field,Kolkata Knight Riders,YK Pathan,2014,1,5,13,5,10,1,0.5050505050505051,0.75,0.6111111111111112,1.0,0.4230769230769231,0.25,0.0,0.4,162.16666666666666
734039,2014-05-25,Chandigarh,Punjab Cricket Association Stadium,Punjab Kings,Delhi Capitals,Punjab Kings,field,Punjab Kings,M Vohra,2014,1,9,1,9,28,1,0.5247524752475248,0.6153846153846154,0.5333333333333333,0.6,0.43137254901960786,0.38461538461538464,0.5,0.0,156.95714285714286
734041,2014-05-25,Mumbai,Wankhede Stadium,Mumbai Indians,Rajasthan Royals,Mumbai Indians,field,Mumbai Indians,CJ Anderson,2014,1,7,10,7,40,1,0.5740740740740741,0.6153846153846154,0.65625,0.8,0.5346534653465347,0.38461538461538464,0.5,0.4,166.984496124031
734043,2014-05-27,Kolkata,Eden Gardens,Punjab Kings,Kolkata Knight Riders,Punjab Kings,field,Kolkata Knight Riders,UT Yadav,2014,0,9,5,9,10,1,0.5294117647058824,0.46153846153846156,0.4,0.8,0.51,0.5384615384615384,0.6216216216216216,1.0,162.16666666666666
734045,2014-05-28,Mumbai,Brabourne Stadium,Chennai Super Kings,Mumbai Indians,Chennai Super Kings,field,Chennai Super Kings,SK Raina,2014,1,0,7,0,4,1,0.6126126126126126,0.47058823529411764,0.0,0.4,0.5779816513761468,0.5294117647058824,0.8571428571428571,0.8,172.3148148148148
734047,2014-05-30,Mumbai,Wankhede Stadium,Chennai Super Kings,Punjab Kings,Chennai Super Kings,field,Punjab Kings,V Sehwag,2014,0,0,9,0,40,1,0.6160714285714286,0.6153846153846154,0.42857142857142855,0.4,0.5242718446601942,0.38461538461538464,0.3333333333333333,0.6,166.984496124031
734049,2014-06-01,Bangalore,M Chinnaswamy Stadium,Kolkata Knight Riders,Punjab Kings,Kolkata Knight Riders,field,Kolkata Knight Riders,MK Pandey,2014,1,5,9,5,17,1,0.5148514851485149,0.5714285714285714,0.4,1.0,0.5288461538461539,0.42857142857142855,0.6666666666666666,0.6,165.54651162790697
829705,2015-04-08,Kolkata,Eden Gardens,Kolkata Knight Riders,Mumbai Indians,Kolkata Knight Riders,field,Kolkata Knight Riders,M Morkel,2015,1,5,7,5,10,1,0.5196078431372549,0.2857142857142857,0.631578947368421,1.0,0.5727272727272728,0.7142857142857143,0.8571428571428571,0.8,162.16666666666666
829707,2015-04-09,Chennai,MA Chidambaram Stadium,Chennai Super Kings,Delhi Capitals,Delhi Capitals,field,Chennai Super Kings,A Nehra,2015,1,0,1,1,19,1,0.6106194690265486,0.7142857142857143,0.6923076923076923,0.4,0.42718446601941745,0.2857142857142857,0.3333333333333333,0.0,158.45698924731184
829709,2015-04-10,Pune,Maharashtra Cricket Association Stadium,Punjab Kings,Rajasthan Royals,Punjab Kings,field,Rajasthan Royals,JP Faulkner,2015,0,9,10,9,21,1,0.5238095238095238,0.38461538461538464,0.5,0.6,0.5294117647058824,0.6153846153846154,0.5,0.2,158.78571428571428
829711,2015-04-11,Chennai,MA Chidambaram Stadium,Chennai Super Kings,Sunrisers Hyderabad,Chennai Super Kings,bat,Chennai Super Kings,BB McCullum,2015,1,0,13,0,19,0,0.6140350877192983,0.6428571428571429,0.7,0.6,0.41904761904761906,0.35714285714285715,0.4,0.4,158.45698924731184
829713,2015-04-11,Kolkata,Eden Gardens,Kolkata Knight Riders,Royal Challengers Bengaluru,Royal Challengers Bengaluru,field,Royal Challengers Bengaluru,CH Gayle,2015,0,5,12,12,10,1,0.5242718446601942,0.5714285714285714,0.6410256410256411,1.0,0.49523809523809526,0.42857142857142855,0.2,0.4,162.16666666666666
829715,2015-04-12,Delhi,Feroz Shah Kotla,Delhi Capitals,Rajasthan Royals,Rajasthan Royals,field,Rajasthan Royals,DJ Hooda,2015,0,1,10,10,11,1,0.4230769230769231,0.42857142857142855,0.3684210526315789,0.0,0.5339805825242718,0.5714285714285714,0.5,0.4,155.635593220339
829717,2015-04-12,Mumbai,Wankhede Stadium,Mumbai Indians,Punjab Kings,Mumbai Indians,field,Punjab Kings,GJ Bailey,2015,0,7,9,7,40,1,0.5675675675675675,0.5,0.6666666666666666,0.6,0.5188679245283019,0.5,0.42857142857142855,0.4,166.984496124031
829719,2015-04-13,Bangalore,M Chinnaswamy Stadium,Royal Challengers Bengaluru,Sunrisers Hyderabad,Sunrisers Hyderabad,field,Sunrisers Hyderabad,DA Warner,2015,0,12,13,13,17,1,0.5,0.5,0.5384615384615384,0.4,0.41509433962264153,0.5,0.2,0.4,165.54651162790697
829721,2015-04-14,Ahmedabad,Sardar Patel Stadium,Rajasthan Royals,Mumbai Indians,Mumbai Indians,bat,Rajasthan Royals,SPD Smith,2015,1,10,7,7,30,0,0.5384615384615384,0.35714285714285715,0.625,0.4,0.5625,0.6428571428571429,1.0,0.4,152.9090909090909
829725,2015-04-15,Pune,Maharashtra Cricket Association Stadium,Punjab Kings,Delhi Capitals,Punjab Kings,bat,Delhi Capitals,MA Agarwal,2015,0,9,1,9,21,0,0.5233644859813084,0.6428571428571429,0.0,0.4,0.41904761904761906,0.35714285714285715,0.5,0.0,158.78571428571428
829727,2015-04-16,Visakhapatnam,Dr. Y.S. Rajasekhara Reddy ACA-VDCA Cricket Stadium,Sunrisers Hyderabad,Rajasthan Royals,Rajasthan Royals,field,Rajasthan Royals,AM Rahane,2015,0,13,10,10,8,1,0.4205607476635514,0.2857142857142857,0.0,0.6,0.5428571428571428,0.7142857142857143,0.5,0.6,155.73529411764707
829729,2015-04-17,Mumbai,Wankhede Stadium,Mumbai Indians,Chennai Super Kings,Mumbai Indians,bat,Chennai Super Kings,A Nehra,2015,0,7,0,7,40,0,0.5575221238938053,0.5,0.6470588235294118,0.2,0.6173913043478261,0.5,0.375,0.8,166.984496124031
829733,2015-04-18,Pune,Maharashtra Cricket Association Stadium,Punjab Kings,Kolkata Knight Riders,Kolkata Knight Riders,field,Kolkata Knight Riders,AD Russell,2015,0,9,5,5,21,1,0.5185185185185185,0.4,0.0,0.4,0.5192307692307693,0.6,0.5,0.8,158.78571428571428
829731,2015-04-18,Visakhapatnam,Dr. Y.S. Rajasekhara Reddy ACA-VDCA Cricket Stadium,Sunrisers Hyderabad,Delhi Capitals,Delhi Capitals,bat,Delhi Capitals,JP Duminy,2015,0,13,1,1,8,0,0.4166666666666667,0.5333333333333333,0.0,0.4,0.42452830188679247,0.4666666666666667,0.5,0.2,155.73529411764707
829735,2015-04-19,Ahmedabad,Sardar Patel Stadium,Rajasthan Royals,Chennai Super Kings,Chennai Super Kings,bat,Rajasthan Royals,AM Rahane,2015,1,10,0,0,30,0,0.5471698113207547,0.3333333333333333,0.6666666666666666,0.8,0.6206896551724138,0.6666666666666666,0.0,0.8,152.9090909090909
829737,2015-04-19,Bangalore,M Chinnaswamy Stadium,Royal Challengers Bengaluru,Mumbai Indians,Royal Challengers Bengaluru,field,Mumbai Indians,Harbhajan Singh,2015,0,12,7,12,17,1,0.4953271028037383,0.4666666666666667,0.525,0.2,0.5526315789473685,0.5333333333333333,0.6666666666666666,0.0,165.54651162790697
829739,2015-04-20,Delhi,Feroz Shah Kotla,Delhi Capitals,Kolkata Knight Riders,Kolkata Knight Riders,field,Kolkata Knight Riders,UT Yadav,2015,0,1,5,5,11,1,0.42990654205607476,0.46153846153846156,0.358974358974359,0.4,0.5238095238095238,0.5384615384615384,0.75,0.8,155.635593220339
829743,2015-04-22,Visakhapatnam,Dr. Y.S. Rajasekhara Reddy ACA-VDCA Cricket Stadium,Sunrisers Hyderabad,Kolkata Knight Riders,Kolkata Knight Riders,field,Sunrisers Hyderabad,DA Warner,2015,1,13,5,5,8,1,0.41284403669724773,0.23076923076923078,0.0,0.2,0.5283018867924528,0.7692307692307693,0.5,0.8,155.73529411764707
829745,2015-04-22,Bangalore,M Chinnaswamy Stadium,Royal Challengers Bengaluru,Chennai Super Kings,Royal Challengers Bengaluru,field,Chennai Super Kings,SK Raina,2015,0,12,0,12,17,1,0.49074074074074076,0.4375,0.5121951219512195,0.2,0.6153846153846154,0.5625,0.5,0.6,165.54651162790697
829747,2015-04-23,Delhi,Feroz Shah Kotla,Delhi Capitals,Mumbai Indians,Mumbai Indians,field,Delhi Capitals,SS Iyer,2015,1,1,7,7,11,1,0.42592592592592593,0.5,0.35,0.4,0.5565217391304348,0.5,0.3333333333333333,0.2,155.635593220339
829749,2015-04-24,Ahmedabad,Sardar Patel Stadium,Rajasthan Royals,Royal Challengers Bengaluru,Royal Challengers Bengaluru,field,Royal Challengers Bengaluru,MA Starc,2015,0,10,12,12,30,1,0.5514018691588785,0.5384615384615384,0.7,1.0,0.48623853211009177,0.46153846153846156,0.5,0.2,152.9090909090909
829751,2015-04-25,Mumbai,Wankhede Stadium,Mumbai Indians,Sunrisers Hyderabad,Mumbai Indians,bat,Mumbai Indians,SL Malinga,2015,1,7,13,7,40,0,0.5517241379310345,0.5714285714285714,0.6285714285714286,0.2,0.41818181818181815,0.42857142857142855,0.3333333333333333,0.4,166.984496124031
829753,2015-04-25,Chennai,MA Chidambaram Stadium,Chennai Super Kings,Punjab Kings,Chennai Super Kings,bat,Chennai Super Kings,BB McCullum,2015,1,0,9,0,19,0,0.6186440677966102,0.5714285714285714,0.7073170731707317,0.8,0.5137614678899083,0.42857142857142855,0.3333333333333333,0.2,158.45698924731184
829757,2015-04-26,Delhi,Feroz Shah Kotla,Delhi Capitals,Royal Challengers Bengaluru,Royal Challengers Bengaluru,field,Royal Challengers Bengaluru,VR Aaron,2015,0,1,12,12,11,1,0.43119266055045874,0.4166666666666667,0.36585365853658536,0.6,0.4909090909090909,0.5833333333333334,0.6,0.4,155.635593220339
829759,2015-04-27,Chandigarh,Punjab Cricket Association Stadium,Punjab Kings,Sunrisers Hyderabad,Punjab Kings,field,Sunrisers Hyderabad,TA Boult,2015,0,9,13,9,28,1,0.509090909090909,0.6428571428571429,0.5483870967741935,0.2,0.4144144144144144,0.35714285714285715,0.3333333333333333,0.4,156.95714285714286
829765,2015-04-28,Chennai,MA Chidambaram Stadium,Chennai Super Kings,Kolkata Knight Riders,Kolkata Knight Riders,field,Chennai Super Kings,DJ Bravo,2015,1,0,5,5,19,1,0.6218487394957983,0.6428571428571429,0.7142857142857143,0.8,0.5233644859813084,0.35714285714285715,0.3333333333333333,0.6,158.45698924731184
829723,2015-04-30,Kolkata,Eden Gardens,Kolkata Knight Riders,Chennai Super Kings,Kolkata Knight Riders,field,Kolkata Knight Riders,AD Russell,2015,1,5,0,5,10,1,0.5185185185185185,0.3333333333333333,0.625,0.4,0.625,0.6666666666666666,0.5714285714285714,0.8,162.16666666666666
829769,2015-05-01,Mumbai,Wankhede Stadium,Mumbai Indians,Rajasthan Royals,Rajasthan Royals,field,Mumbai Indians,AT Rayudu,2015,1,7,10,10,40,1,0.5555555555555556,0.6,0.6388888888888888,0.4,0.5462962962962963,0.4,0.4,0.8,166.984496124031
829767,2015-05-01,Delhi,Feroz Shah Kotla,Delhi Capitals,Punjab Kings,Delhi Capitals,field,Delhi Capitals,NM Coulter-Nile,2015,1,1,9,1,11,1,0.42727272727272725,0.4,0.35714285714285715,0.6,0.5045045045045045,0.6,0.6666666666666666,0.2,155.635593220339
829771,2015-05-02,Bangalore,M Chinnaswamy Stadium,Royal Challengers Bengaluru,Kolkata Knight Riders,Royal Challengers Bengaluru,field,Royal Challengers Bengaluru,Mandeep Singh,2015,1,12,5,12,17,1,0.4954954954954955,0.4666666666666667,0.5,0.4,0.5229357798165137,0.5333333333333333,0.5,0.6,165.54651162790697
829773,2015-05-02,Hyderabad,Rajiv Gandhi International Stadium,Sunrisers Hyderabad,Chennai Super Kings,Chennai Super Kings,field,Sunrisers Hyderabad,DA Warner,2015,1,13,0,0,29,1,0.41964285714285715,0.3333333333333333,0.3448275862068966,0.4,0.6198347107438017,0.6666666666666666,1.0,0.6,161.58823529411765
829775,2015-05-03,Chandigarh,Punjab Cricket Association Stadium,Punjab Kings,Mumbai Indians,Mumbai Indians,bat,Mumbai Indians,LMP Simmons,2015,0,9,7,7,28,0,0.5,0.5333333333333333,0.53125,0.0,0.559322033898305,0.4666666666666667,0.4,0.6,156.95714285714286
829777,2015-05-03,Mumbai,Brabourne Stadium,Rajasthan Royals,Delhi Capitals,Delhi Capitals,field,Rajasthan Royals,AM Rahane,2015,1,10,1,1,4,1,0.5412844036697247,0.6,0.0,0.6,0.43243243243243246,0.4,0.0,0.6,172.3148148148148
829779,2015-05-04,Chennai,MA Chidambaram Stadium,Chennai Super Kings,Royal Challengers Bengaluru,Chennai Super Kings,bat,Chennai Super Kings,SK Raina,2015,1,0,12,0,19,0,0.6147540983606558,0.5882352941176471,0.7209302325581395,0.6,0.5,0.4117647058823529,0.2857142857142857,0.6,158.45698924731184
829781,2015-05-04,Kolkata,Eden Gardens,Kolkata Knight Riders,Sunrisers Hyderabad,Sunrisers Hyderabad,field,Kolkata Knight Riders,UT Yadav,2015,1,5,13,13,10,1,0.5181818181818182,0.7142857142857143,0.6341463414634146,0.4,0.4247787610619469,0.2857142857142857,0.0,0.6,162.16666666666666
829783,2015-05-05,Mumbai,Wankhede Stadium,Mumbai Indians,Delhi Capitals,Delhi Capitals,bat,Mumbai Indians,Harbhajan Singh,2015,1,7,1,1,40,0,0.5630252100840336,0.4666666666666667,0.6486486486486487,0.8,0.42857142857142855,0.5333333333333333,0.2,0.4,166.984496124031
829785,2015-05-06,Bangalore,M Chinnaswamy Stadium,Royal Challengers Bengaluru,Punjab Kings,Punjab Kings,field,Royal Challengers Bengaluru,CH Gayle,2015,1,12,9,9,17,1,0.49557522123893805,0.35714285714285715,0.5116279069767442,0.6,0.49557522123893805,0.6428571428571429,0.5714285714285714,0.0,165.54651162790697
829761,2015-05-07,Kolkata,Eden Gardens,Kolkata Knight Riders,Delhi Capitals,Kolkata Knight Riders,bat,Kolkata Knight Riders,PP Chawla,2015,1,5,1,5,10,0,0.5225225225225225,0.5714285714285714,0.6428571428571429,0.4,0.4247787610619469,0.42857142857142855,0.25,0.4,162.16666666666666
829787,2015-05-07,Mumbai,Brabourne Stadium,Rajasthan Royals,Sunrisers Hyderabad,Rajasthan Royals,field,Sunrisers Hyderabad,EJG Morgan,2015,0,10,13,10,4,1,0.5454545454545454,0.7333333333333333,0.5,0.6,0.42105263157894735,0.26666666666666666,0.0,0.6,172.3148148148148
829789,2015-05-08,Chennai,MA Chidambaram Stadium,Chennai Super Kings,Mumbai Indians,Chennai Super Kings,bat,Mumbai Indians,HH Pandya,2015,0,0,7,0,19,0,0.6178861788617886,0.5263157894736842,0.7272727272727273,0.6,0.5666666666666667,0.47368421052631576,0.4,0.8,158.45698924731184
829791,2015-05-09,Kolkata,Eden Gardens,Kolkata Knight Riders,Punjab Kings,Punjab Kings,bat,Kolkata Knight Riders,AD Russell,2015,1,5,9,9,10,0,0.5267857142857143,0.625,0.6511627906976745,0.6,0.49122807017543857,0.375,0.3333333333333333,0.0,162.16666666666666
829793,2015-05-09,Raipur,Shaheed Veer Narayan Singh International Stadium,Delhi Capitals,Sunrisers Hyderabad,Sunrisers Hyderabad,bat,Sunrisers Hyderabad,MC Henriques,2015,0,1,13,13,33,0,0.42105263157894735,0.5,1.0,0.2,0.4260869565217391,0.5,0.5,0.6,145.08333333333334
829795,2015-05-10,Mumbai,Wankhede Stadium,Mumbai Indians,Royal Challengers Bengaluru,Royal Challengers Bengaluru,bat,Royal Challengers Bengaluru,AB de Villiers,2015,0,7,12,12,40,0,0.5702479338842975,0.5625,0.6578947368421053,1.0,0.5,0.4375,0.4,0.8,166.984496124031
829797,2015-05-10,Chennai,MA Chidambaram Stadium,Chennai Super Kings,Rajasthan Royals,Chennai Super Kings,bat,Chennai Super Kings,RA Jadeja,2015,1,0,10,0,19,0,0.6129032258064516,0.625,0.7111111111111111,0.4,0.5405405405405406,0.375,0.2,0.4,158.45698924731184
829799,2015-05-11,Hyderabad,Rajiv Gandhi International Stadium,Sunrisers Hyderabad,Punjab Kings,Sunrisers Hyderabad,bat,Sunrisers Hyderabad,DA Warner,2015,1,13,9,13,29,0,0.43103448275862066,0.4,0.36666666666666664,0.8,0.48695652173913045,0.6,0.8,0.0,161.58823529411765
829801,2015-05-12,Raipur,Shaheed Veer Narayan Singh International Stadium,Delhi Capitals,Chennai Super Kings,Chennai Super Kings,bat,Delhi Capitals,Z Khan,2015,1,1,0,0,33,0,0.41739130434782606,0.26666666666666666,0.6666666666666666,0.2,0.616,0.7333333333333333,0.5,0.4,145.08333333333334
829803,2015-05-13,Chandigarh,Punjab Cricket Association Stadium,Punjab Kings,Royal Challengers Bengaluru,Royal Challengers Bengaluru,field,Punjab Kings,AR Patel,2015,1,9,12,12,28,1,0.4827586206896552,0.6,0.5151515151515151,0.0,0.5043478260869565,0.4,0.5,0.8,156.95714285714286
829805,2015-05-14,Mumbai,Wankhede Stadium,Mumbai Indians,Kolkata Knight Riders,Kolkata Knight Riders,field,Mumbai Indians,HH Pandya,2015,1,7,5,5,40,1,0.5655737704918032,0.6666666666666666,0.6410256410256411,0.8,0.5309734513274337,0.3333333333333333,0.25,0.8,166.984496124031
829807,2015-05-15,Hyderabad,Rajiv Gandhi International Stadium,Sunrisers Hyderabad,Royal Challengers Bengaluru,Sunrisers Hyderabad,bat,Royal Challengers Bengaluru,V Kohli,2015,0,13,12,13,29,0,0.4358974358974359,0.5333333333333333,0.3870967741935484,0.8,0.5,0.4666666666666667,0.25,0.6,161.58823529411765
829811,2015-05-16,Mumbai,Brabourne Stadium,Rajasthan Royals,Kolkata Knight Riders,Rajasthan Royals,bat,Rajasthan Royals,SR Watson,2015,1,10,5,10,4,0,0.5357142857142857,0.5,0.3333333333333333,0.2,0.5263157894736842,0.5,0.0,0.6,172.3148148148148
829809,2015-05-16,Chandigarh,Punjab Cricket Association Stadium,Punjab Kings,Chennai Super Kings,Punjab Kings,bat,Chennai Super Kings,P Negi,2015,0,9,0,9,28,0,0.48717948717948717,0.4,0.5294117647058824,0.2,0.6111111111111112,0.6,0.6666666666666666,0.4,156.95714285714286
829815,2015-05-17,Hyderabad,Rajiv Gandhi International Stadium,Sunrisers Hyderabad,Mumbai Indians,Sunrisers Hyderabad,bat,Mumbai Indians,MJ McClenaghan,2015,0,13,7,13,29,0,0.4322033898305085,0.4,0.375,0.6,0.5691056910569106,0.6,0.75,0.8,161.58823529411765
829817,2015-05-19,Mumbai,Wankhede Stadium,Chennai Super Kings,Mumbai Indians,Mumbai Indians,bat,Mumbai Indians,KA Pollard,2015,0,0,7,7,40,0,0.6141732283464567,0.5,0.4444444444444444,0.6,0.5725806451612904,0.5,0.65,0.8,166.984496124031
829819,2015-05-20,Pune,Maharashtra Cricket Association Stadium,Royal Challengers Bengaluru,Rajasthan Royals,Royal Challengers Bengaluru,bat,Royal Challengers Bengaluru,AB de Villiers,2015,1,12,10,12,21,0,0.5042735042735043,0.5,0.5,0.6,0.5398230088495575,0.5,1.0,0.4,158.78571428571428
829821,2015-05-22,Ranchi,JSCA International Stadium Complex,Chennai Super Kings,Royal Challengers Bengaluru,Chennai Super Kings,field,Chennai Super Kings,A Nehra,2015,1,0,12,0,15,1,0.609375,0.6111111111111112,0.5,0.4,0.5084745762711864,0.3888888888888889,0.5,0.8,146.85714285714286
829823,2015-05-24,Kolkata,Eden Gardens,Mumbai Indians,Chennai Super Kings,Chennai Super Kings,field,Mumbai Indians,RG Sharma,2015,1,7,0,0,10,1,0.576,0.5238095238095238,0.75,0.8,0.6124031007751938,0.47619047619047616,0.5,0.6,162.16666666666666
980901,2016-04-09,Mumbai,Wankhede Stadium,Mumbai Indians,Rising Pune Supergiants,Mumbai Indians,bat,Rising Pune Supergiants,AM Rahane,2016,0,7,11,7,40,0,0.5793650793650794,0.5,0.6585365853658537,0.8,0.5,0.5,0.5,0.5,166.984496124031
980903,2016-04-10,Kolkata,Eden Gardens,Kolkata Knight Riders,Delhi Capitals,Kolkata Knight Riders,field,Kolkata Knight Riders,AD Russell,2016,1,5,1,5,10,1,0.5217391304347826,0.6,0.6590909090909091,0.6,0.4224137931034483,0.4,0.2,0.2,162.16666666666666
980905,2016-04-11,Chandigarh,Punjab Cricket Association IS Bindra Stadium,Punjab Kings,Gujarat Lions,Gujarat Lions,field,Gujarat Lions,AJ Finch,2016,0,9,2,2,27,1,0.4830508474576271,0.5,0.5,0.2,0.5,0.5,0.5,0.5,170.71153846153845
980907,2016-04-12,Bangalore,M Chinnaswamy Stadium,Royal Challengers Bengaluru,Sunrisers Hyderabad,Sunrisers Hyderabad,field,Royal Challengers Bengaluru,AB de Villiers,2016,1,12,13,13,17,1,0.5042016806722689,0.5,0.5227272727272727,0.6,0.42857142857142855,0.5,0.3333333333333333,0.6,165.54651162790697
980909,2016-04-13,Kolkata,Eden Gardens,Kolkata Knight Riders,Mumbai Indians,Mumbai Indians,field,Mumbai Indians,RG Sharma,2016,0,5,7,7,10,1,0.5258620689655172,0.3125,0.6666666666666666,0.6,0.5748031496062992,0.6875,0.7777777777777778,0.8,162.16666666666666
980911,2016-04-14,Rajkot,Saurashtra Cricket Association Stadium,Gujarat Lions,Rising Pune Supergiants,Rising Pune Supergiants,bat,Gujarat Lions,AJ Finch,2016,1,2,11,11,31,0,1.0,0.5,0.5,1.0,1.0,0.5,0.5,1.0,167.22222222222223
980913,2016-04-15,Delhi,Feroz Shah Kotla,Delhi Capitals,Punjab Kings,Delhi Capitals,field,Delhi Capitals,A Mishra,2016,1,1,9,1,11,1,0.4188034188034188,0.4375,0.37209302325581395,0.2,0.4789915966386555,0.5625,0.5714285714285714,0.2,155.635593220339
980915,2016-04-16,Hyderabad,Rajiv Gandhi International Stadium,Sunrisers Hyderabad,Kolkata Knight Riders,Sunrisers Hyderabad,bat,Kolkata Knight Riders,G Gambhir,2016,0,13,5,13,29,0,0.425,0.26666666666666666,0.36363636363636365,0.4,0.5213675213675214,0.7333333333333333,0.75,0.4,161.58823529411765
980917,2016-04-16,Mumbai,Wankhede Stadium,Mumbai Indians,Gujarat Lions,Gujarat Lions,field,Gujarat Lions,AJ Finch,2016,0,7,2,2,40,1,0.578125,0.5,0.6428571428571429,0.8,1.0,0.5,0.5,1.0,166.984496124031
980921,2016-04-17,Bangalore,M Chinnaswamy Stadium,Royal Challengers Bengaluru,Delhi Capitals,Delhi Capitals,field,Delhi Capitals,Q de Kock,2016,0,12,1,1,17,1,0.5083333333333333,0.6153846153846154,0.5333333333333333,0.6,0.423728813559322,0.38461538461538464,0.5,0.4,165.54651162790697
980919,2016-04-17,Chandigarh,Punjab Cricket Association IS Bindra Stadium,Punjab Kings,Rising Pune Supergiants,Rising Pune Supergiants,bat,Punjab Kings,M Vohra,2016,1,9,11,11,27,0,0.475,0.5,0.0,0.2,0.5,0.5,0.5,0.5,170.71153846153845
980923,2016-04-18,Hyderabad,Rajiv Gandhi International Stadium,Sunrisers Hyderabad,Mumbai Indians,Sunrisers Hyderabad,field,Sunrisers Hyderabad,DA Warner,2016,1,13,7,13,29,1,0.4214876033057851,0.375,0.35294117647058826,0.2,0.5736434108527132,0.625,0.8,0.6,161.58823529411765
980925,2016-04-19,Chandigarh,Punjab Cricket Association IS Bindra Stadium,Punjab Kings,Kolkata Knight Riders,Kolkata Knight Riders,field,Kolkata Knight Riders,RV Uthappa,2016,0,9,5,5,27,1,0.4793388429752066,0.35294117647058826,0.5,0.4,0.5254237288135594,0.6470588235294118,0.5,0.4,170.71153846153845
980927,2016-04-20,Mumbai,Wankhede Stadium,Mumbai Indians,Royal Challengers Bengaluru,Mumbai Indians,field,Mumbai Indians,RG Sharma,2016,1,7,12,7,40,1,0.5692307692307692,0.5294117647058824,0.627906976744186,0.4,0.5041322314049587,0.47058823529411764,0.5,0.6,166.984496124031
980929,2016-04-21,Rajkot,Saurashtra Cricket Association Stadium,Gujarat Lions,Sunrisers Hyderabad,Sunrisers Hyderabad,field,Sunrisers Hyderabad,B Kumar,2016,0,2,13,13,31,1,1.0,0.5,1.0,1.0,0.4262295081967213,0.5,0.5,0.2,167.22222222222223
980931,2016-04-22,Pune,Maharashtra Cricket Association Stadium,Rising Pune Supergiants,Royal Challengers Bengaluru,Rising Pune Supergiants,field,Royal Challengers Bengaluru,AB de Villiers,2016,0,11,12,11,21,1,0.3333333333333333,0.5,0.5,0.3333333333333333,0.5,0.5,1.0,0.4,158.78571428571428
980933,2016-04-23,Delhi,Feroz Shah Kotla,Delhi Capitals,Mumbai Indians,Mumbai Indians,field,Delhi Capitals,SV Samson,2016,1,1,7,7,11,1,0.42857142857142855,0.5,0.38636363636363635,0.6,0.5725190839694656,0.5,0.2857142857142857,0.4,155.635593220339
980935,2016-04-23,Hyderabad,Rajiv Gandhi International Stadium,Sunrisers Hyderabad,Punjab Kings,Sunrisers Hyderabad,field,Sunrisers Hyderabad,Mustafizur Rahman,2016,1,13,9,13,29,1,0.43089430894308944,0.4375,0.37142857142857144,0.4,0.47540983606557374,0.5625,0.6666666666666666,0.2,161.58823529411765
980937,2016-04-24,Rajkot,Saurashtra Cricket Association Stadium,Gujarat Lions,Royal Challengers Bengaluru,Royal Challengers Bengaluru,bat,Gujarat Lions,V Kohli,2016,1,2,12,12,31,0,0.75,0.5,0.5,0.75,0.5040650406504065,0.5,0.5,0.4,167.22222222222223
980939,2016-04-24,Pune,Maharashtra Cricket Association Stadium,Rising Pune Supergiants,Kolkata Knight Riders,Kolkata Knight Riders,field,Kolkata Knight Riders,SA Yadav,2016,0,11,5,5,21,1,0.25,0.5,0.0,0.25,0.5294117647058824,0.5,1.0,0.6,158.78571428571428
980941,2016-04-25,Chandigarh,Punjab Cricket Association IS Bindra Stadium,Punjab Kings,Mumbai Indians,Punjab Kings,field,Mumbai Indians,PA Patel,2016,0,9,7,9,27,1,0.4715447154471545,0.5,0.3333333333333333,0.2,0.5681818181818182,0.5,0.5,0.4,170.71153846153845
980943,2016-04-26,Hyderabad,Rajiv Gandhi International Stadium,Sunrisers Hyderabad,Rising Pune Supergiants,Rising Pune Supergiants,field,Rising Pune Supergiants,AB Dinda,2016,0,13,11,11,29,1,0.43548387096774194,0.5,0.3888888888888889,0.6,0.2,0.5,0.5,0.2,161.58823529411765
980945,2016-04-27,Delhi,Feroz Shah Kotla,Delhi Capitals,Gujarat Lions,Delhi Capitals,field,Gujarat Lions,CH Morris,2016,0,1,2,1,11,1,0.43333333333333335,0.5,0.4,0.8,0.8,0.5,0.5,0.8,155.635593220339
980947,2016-04-28,Mumbai,Wankhede Stadium,Mumbai Indians,Kolkata Knight Riders,Mumbai Indians,field,Mumbai Indians,RG Sharma,2016,1,7,5,7,40,1,0.5714285714285714,0.7058823529411765,0.6363636363636364,0.4,0.5333333333333333,0.29411764705882354,0.2,0.8,166.984496124031
980949,2016-04-29,Pune,Maharashtra Cricket Association Stadium,Rising Pune Supergiants,Gujarat Lions,Gujarat Lions,field,Gujarat Lions,DR Smith,2016,0,11,2,2,21,1,0.3333333333333333,0.0,0.0,0.2,0.8333333333333334,1.0,0.5,0.8,158.78571428571428
980951,2016-04-30,Delhi,Feroz Shah Kotla,Delhi Capitals,Kolkata Knight Riders,Kolkata Knight Riders,field,Delhi Capitals,CR Brathwaite,2016,1,1,5,5,11,1,0.4297520661157025,0.375,0.391304347826087,0.6,0.5289256198347108,0.625,0.8,0.6,155.635593220339
980953,2016-04-30,Hyderabad,Rajiv Gandhi International Stadium,Sunrisers Hyderabad,Royal Challengers Bengaluru,Royal Challengers Bengaluru,field,Sunrisers Hyderabad,DA Warner,2016,1,13,12,12,29,1,0.432,0.47058823529411764,0.3783783783783784,0.6,0.5,0.5294117647058824,0.4,0.4,161.58823529411765
980957,2016-05-01,Pune,Maharashtra Cricket Association Stadium,Rising Pune Supergiants,Mumbai Indians,Mumbai Indians,field,Mumbai Indians,RG Sharma,2016,0,11,7,7,21,1,0.2857142857142857,1.0,0.0,0.2,0.5746268656716418,0.0,0.5,0.6,158.78571428571428
980955,2016-05-01,Rajkot,Saurashtra Cricket Association Stadium,Gujarat Lions,Punjab Kings,Gujarat Lions,field,Punjab Kings,AR Patel,2016,0,2,9,2,31,1,0.8571428571428571,1.0,0.6666666666666666,0.8,0.46774193548387094,0.0,0.5,0.2,167.22222222222223
980959,2016-05-02,Bangalore,M Chinnaswamy Stadium,Royal Challengers Bengaluru,Kolkata Knight Riders,Kolkata Knight Riders,field,Kolkata Knight Riders,AD Russell,2016,0,12,5,5,17,1,0.496,0.5,0.5217391304347826,0.2,0.5245901639344263,0.5,0.42857142857142855,0.6,165.54651162790697
980961,2016-05-03,Rajkot,Saurashtra Cricket Association Stadium,Gujarat Lions,Delhi Capitals,Delhi Capitals,field,Delhi Capitals,RR Pant,2016,0,2,1,1,31,1,0.75,1.0,0.5,0.6,0.4344262295081967,0.0,0.5,0.8,167.22222222222223
980963,2016-05-04,Kolkata,Eden Gardens,Kolkata Knight Riders,Punjab Kings,Punjab Kings,field,Kolkata Knight Riders,AD Russell,2016,1,5,9,9,10,1,0.5284552845528455,0.6666666666666666,0.6521739130434783,0.6,0.472,0.3333333333333333,0.2857142857142857,0.4,162.16666666666666
980965,2016-05-05,Delhi,Feroz Shah Kotla,Delhi Capitals,Rising Pune Supergiants,Rising Pune Supergiants,field,Rising Pune Supergiants,AM Rahane,2016,0,1,11,11,11,1,0.43902439024390244,0.5,0.40425531914893614,0.8,0.25,0.5,0.5,0.2,155.635593220339
980967,2016-05-06,Hyderabad,Rajiv Gandhi International Stadium,Sunrisers Hyderabad,Gujarat Lions,Sunrisers Hyderabad,field,Sunrisers Hyderabad,B Kumar,2016,1,13,2,13,29,1,0.4365079365079365,1.0,0.39473684210526316,0.8,0.6666666666666666,0.0,0.5,0.6,161.58823529411765
980969,2016-05-07,Bangalore,M Chinnaswamy Stadium,Royal Challengers Bengaluru,Rising Pune Supergiants,Royal Challengers Bengaluru,field,Royal Challengers Bengaluru,V Kohli,2016,1,12,11,12,17,1,0.49206349206349204,1.0,0.5106382978723404,0.2,0.3333333333333333,0.0,0.5,0.4,165.54651162790697
980971,2016-05-07,Chandigarh,Punjab Cricket Association IS Bindra Stadium,Punjab Kings,Delhi Capitals,Delhi Capitals,field,Punjab Kings,MP Stoinis,2016,1,9,1,1,27,1,0.46825396825396826,0.5294117647058824,0.25,0.2,0.43548387096774194,0.47058823529411764,0.5,0.6,170.71153846153845
980973,2016-05-08,Visakhapatnam,Dr. Y.S. Rajasekhara Reddy ACA-VDCA Cricket Stadium,Mumbai Indians,Sunrisers Hyderabad,Mumbai Indians,field,Sunrisers Hyderabad,A Nehra,2016,0,7,13,7,8,1,0.5777777777777777,0.5882352941176471,1.0,0.8,0.4409448818897638,0.4117647058823529,0.2,0.8,155.73529411764707
980975,2016-05-08,Kolkata,Eden Gardens,Kolkata Knight Riders,Gujarat Lions,Gujarat Lions,field,Gujarat Lions,P Kumar,2016,0,5,2,2,10,1,0.532258064516129,0.5,0.6595744680851063,0.6,0.6,0.5,0.5,0.4,162.16666666666666
980977,2016-05-09,Chandigarh,Punjab Cricket Association IS Bindra Stadium,Punjab Kings,Royal Challengers Bengaluru,Punjab Kings,field,Royal Challengers Bengaluru,SR Watson,2016,0,9,12,9,27,1,0.47244094488188976,0.625,0.4,0.4,0.49606299212598426,0.375,0.5,0.4,170.71153846153845
980979,2016-05-10,Visakhapatnam,Dr. Y.S. Rajasekhara Reddy ACA-VDCA Cricket Stadium,Rising Pune Supergiants,Sunrisers Hyderabad,Sunrisers Hyderabad,bat,Sunrisers Hyderabad,A Zampa,2016,0,11,13,13,8,0,0.3,1.0,0.5,0.4,0.4453125,0.0,0.3333333333333333,0.8,155.73529411764707
980981,2016-05-11,Bangalore,M Chinnaswamy Stadium,Royal Challengers Bengaluru,Mumbai Indians,Mumbai Indians,field,Mumbai Indians,KH Pandya,2016,0,12,7,7,17,1,0.5,0.4444444444444444,0.5208333333333334,0.4,0.5735294117647058,0.5555555555555556,0.7142857142857143,0.6,165.54651162790697
980983,2016-05-12,Hyderabad,Rajiv Gandhi International Stadium,Sunrisers Hyderabad,Delhi Capitals,Delhi Capitals,field,Delhi Capitals,CH Morris,2016,0,13,1,1,29,1,0.4496124031007752,0.5294117647058824,0.41025641025641024,0.8,0.432,0.47058823529411764,0.75,0.4,161.58823529411765
980985,2016-05-13,Visakhapatnam,Dr. Y.S. Rajasekhara Reddy ACA-VDCA Cricket Stadium,Mumbai Indians,Punjab Kings,Mumbai Indians,bat,Punjab Kings,MP Stoinis,2016,0,7,9,7,8,0,0.5766423357664233,0.5294117647058824,0.5,0.8,0.46875,0.47058823529411764,0.5,0.4,155.73529411764707
980987,2016-05-14,Bangalore,M Chinnaswamy Stadium,Royal Challengers Bengaluru,Gujarat Lions,Gujarat Lions,field,Royal Challengers Bengaluru,AB de Villiers,2016,1,12,2,2,17,1,0.49612403100775193,0.0,0.5102040816326531,0.4,0.6363636363636364,1.0,0.5,0.4,165.54651162790697
980989,2016-05-14,Kolkata,Eden Gardens,Kolkata Knight Riders,Rising Pune Supergiants,Rising Pune Supergiants,bat,Kolkata Knight Riders,YK Pathan,2016,1,5,11,11,10,0,0.528,1.0,0.6458333333333334,0.4,0.2727272727272727,0.0,0.5,0.2,162.16666666666666
980993,2016-05-15,Visakhapatnam,Dr. Y.S. Rajasekhara Reddy ACA-VDCA Cricket Stadium,Mumbai Indians,Delhi Capitals,Delhi Capitals,field,Mumbai Indians,KH Pandya,2016,1,7,1,1,8,1,0.572463768115942,0.47058823529411764,0.3333333333333333,0.6,0.4365079365079365,0.5294117647058824,1.0,0.6,155.73529411764707
980991,2016-05-15,Chandigarh,Punjab Cricket Association IS Bindra Stadium,Punjab Kings,Sunrisers Hyderabad,Punjab Kings,bat,Sunrisers Hyderabad,HM Amla,2016,0,9,13,9,27,0,0.4728682170542636,0.5294117647058824,0.3333333333333333,0.6,0.4461538461538462,0.47058823529411764,0.5,0.8,170.71153846153845
980995,2016-05-16,Kolkata,Eden Gardens,Kolkata Knight Riders,Royal Challengers Bengaluru,Royal Challengers Bengaluru,field,Royal Challengers Bengaluru,V Kohli,2016,0,5,12,12,10,1,0.5317460317460317,0.5294117647058824,0.6530612244897959,0.6,0.5,0.47058823529411764,0.3333333333333333,0.6,162.16666666666666
980997,2016-05-17,Visakhapatnam,Dr. Y.S. Rajasekhara Reddy ACA-VDCA Cricket Stadium,Rising Pune Supergiants,Delhi Capitals,Rising Pune Supergiants,field,Rising Pune Supergiants,AB Dinda,2016,1,11,1,11,8,1,0.25,1.0,0.0,0.2,0.4330708661417323,0.0,0.5,0.4,155.73529411764707
980999,2016-05-18,Bangalore,M Chinnaswamy Stadium,Royal Challengers Bengaluru,Punjab Kings,Punjab Kings,field,Royal Challengers Bengaluru,V Kohli,2016,1,12,9,9,17,1,0.5038167938931297,0.4117647058823529,0.52,0.8,0.46923076923076923,0.5882352941176471,0.5,0.4,165.54651162790697
981001,2016-05-19,Kanpur,Green Park,Gujarat Lions,Kolkata Knight Riders,Gujarat Lions,field,Gujarat Lions,DR Smith,2016,1,2,5,2,12,1,0.5833333333333334,1.0,0.5,0.2,0.5275590551181102,0.0,0.5,0.6,162.25
981003,2016-05-20,Raipur,Shaheed Veer Narayan Singh International Stadium,Delhi Capitals,Sunrisers Hyderabad,Delhi Capitals,field,Delhi Capitals,KK Nair,2016,1,1,13,1,33,1,0.4296875,0.5,0.75,0.2,0.45038167938931295,0.5,1.0,0.8,145.08333333333334
981005,2016-05-21,Visakhapatnam,Dr. Y.S. Rajasekhara Reddy ACA-VDCA Cricket Stadium,Rising Pune Supergiants,Punjab Kings,Punjab Kings,bat,Rising Pune Supergiants,MS Dhoni,2016,1,11,9,9,8,0,0.3076923076923077,0.0,0.5,0.4,0.46564885496183206,1.0,1.0,0.4,155.73529411764707
981007,2016-05-21,Kanpur,Green Park,Gujarat Lions,Mumbai Indians,Gujarat Lions,field,Gujarat Lions,SK Raina,2016,1,2,7,2,12,1,0.6153846153846154,1.0,1.0,0.4,0.5755395683453237,0.0,0.5,0.6,162.25
981009,2016-05-22,Kolkata,Eden Gardens,Kolkata Knight Riders,Sunrisers Hyderabad,Sunrisers Hyderabad,field,Kolkata Knight Riders,YK Pathan,2016,1,5,13,13,10,1,0.5234375,0.75,0.64,0.4,0.44696969696969696,0.25,0.0,0.6,162.16666666666666
981011,2016-05-22,Raipur,Shaheed Veer Narayan Singh International Stadium,Delhi Capitals,Royal Challengers Bengaluru,Royal Challengers Bengaluru,field,Royal Challengers Bengaluru,V Kohli,2016,0,1,12,12,33,1,0.43410852713178294,0.42857142857142855,0.8,0.4,0.5075757575757576,0.5714285714285714,0.5,0.8,145.08333333333334
981013,2016-05-24,Bangalore,M Chinnaswamy Stadium,Gujarat Lions,Royal Challengers Bengaluru,Royal Challengers Bengaluru,field,Royal Challengers Bengaluru,AB de Villiers,2016,0,2,12,12,17,1,0.6428571428571429,0.5,0.0,0.6,0.5112781954887218,0.5,0.5294117647058824,0.8,165.54651162790697
981015,2016-05-25,Delhi,Feroz Shah Kotla,Sunrisers Hyderabad,Kolkata Knight Riders,Kolkata Knight Riders,field,Sunrisers Hyderabad,MC Henriques,2016,1,13,5,5,11,1,0.44360902255639095,0.23529411764705882,0.5714285714285714,0.4,0.5271317829457365,0.7647058823529411,0.6666666666666666,0.4,155.635593220339
981017,2016-05-27,Delhi,Feroz Shah Kotla,Gujarat Lions,Sunrisers Hyderabad,Sunrisers Hyderabad,field,Sunrisers Hyderabad,DA Warner,2016,0,2,13,13,11,1,0.6,0.0,1.0,0.6,0.44776119402985076,1.0,0.625,0.4,155.635593220339
981019,2016-05-29,Bangalore,M Chinnaswamy Stadium,Royal Challengers Bengaluru,Sunrisers Hyderabad,Sunrisers Hyderabad,bat,Sunrisers Hyderabad,BCJ Cutting,2016,0,12,13,13,17,0,0.5149253731343284,0.5,0.5384615384615384,1.0,0.45185185185185184,0.5,0.2857142857142857,0.6,165.54651162790697
1082591,2017-04-05,Hyderabad,Rajiv Gandhi International Stadium,Sunrisers Hyderabad,Royal Challengers Bengaluru,Royal Challengers Bengaluru,field,Sunrisers Hyderabad,Yuvraj Singh,2017,1,13,12,12,29,1,0.45588235294117646,0.5263157894736842,0.4,0.6,0.5111111111111111,0.47368421052631576,0.3333333333333333,0.8,161.58823529411765
1082592,2017-04-06,Pune,Maharashtra Cricket Association Stadium,Rising Pune Supergiants,Mumbai Indians,Rising Pune Supergiants,field,Rising Pune Supergiants,SPD Smith,2017,1,11,7,11,21,1,0.35714285714285715,0.5,0.0,0.4,0.5714285714285714,0.5,1.0,0.4,158.78571428571428
1082593,2017-04-07,Rajkot,Saurashtra Cricket Association Stadium,Gujarat Lions,Kolkata Knight Riders,Kolkata Knight Riders,field,Kolkata Knight Riders,CA Lynn,2017,0,2,5,5,31,1,0.5625,1.0,0.4,0.4,0.5230769230769231,0.0,0.5,0.4,167.22222222222223
1082594,2017-04-08,Indore,Holkar Cricket Stadium,Punjab Kings,Rising Pune Supergiants,Punjab Kings,field,Punjab Kings,GJ Maxwell,2017,1,9,11,9,14,1,0.4621212121212121,0.5,1.0,0.2,0.4,0.5,0.5,0.6,159.55555555555554
1082595,2017-04-08,Bengaluru,M.Chinnaswamy Stadium,Royal Challengers Bengaluru,Delhi Capitals,Royal Challengers Bengaluru,bat,Royal Challengers Bengaluru,KM Jadhav,2017,1,12,1,12,18,0,0.5073529411764706,0.6,0.5,0.6,0.4307692307692308,0.4,0.5,0.4,179.42857142857142
1082596,2017-04-09,Hyderabad,Rajiv Gandhi International Stadium,Sunrisers Hyderabad,Gujarat Lions,Sunrisers Hyderabad,field,Sunrisers Hyderabad,Rashid Khan,2017,1,13,2,13,29,1,0.45985401459854014,1.0,0.4146341463414634,0.8,0.5294117647058824,0.0,0.0,0.4,161.58823529411765
1082597,2017-04-09,Mumbai,Wankhede Stadium,Mumbai Indians,Kolkata Knight Riders,Mumbai Indians,field,Mumbai Indians,N Rana,2017,1,7,5,7,40,1,0.5673758865248227,0.7222222222222222,0.6444444444444445,0.4,0.5267175572519084,0.2777777777777778,0.16666666666666666,0.4,166.984496124031
1082598,2017-04-10,Indore,Holkar Cricket Stadium,Punjab Kings,Royal Challengers Bengaluru,Royal Challengers Bengaluru,bat,Punjab Kings,AR Patel,2017,1,9,12,12,14,0,0.46616541353383456,0.5555555555555556,1.0,0.4,0.5109489051094891,0.4444444444444444,0.5,0.6,159.55555555555554
1082599,2017-04-11,Pune,Maharashtra Cricket Association Stadium,Rising Pune Supergiants,Delhi Capitals,Rising Pune Supergiants,field,Delhi Capitals,SV Samson,2017,0,11,1,11,21,1,0.375,1.0,0.2,0.6,0.42748091603053434,0.0,1.0,0.2,158.78571428571428
1082600,2017-04-12,Mumbai,Wankhede Stadium,Mumbai Indians,Sunrisers Hyderabad,Mumbai Indians,field,Mumbai Indians,JJ Bumrah,2017,1,7,13,7,40,1,0.5704225352112676,0.5555555555555556,0.6521739130434783,0.4,0.463768115942029,0.4444444444444444,0.25,1.0,166.984496124031
1082601,2017-04-13,Kolkata,Eden Gardens,Kolkata Knight Riders,Punjab Kings,Kolkata Knight Riders,field,Kolkata Knight Riders,SP Narine,2017,1,5,9,5,10,1,0.5227272727272727,0.6842105263157895,0.6470588235294118,0.4,0.4701492537313433,0.3157894736842105,0.25,0.4,162.16666666666666
1082602,2017-04-14,Bangalore,M Chinnaswamy Stadium,Royal Challengers Bengaluru,Mumbai Indians,Mumbai Indians,field,Mumbai Indians,KA Pollard,2017,0,12,7,7,17,1,0.5072463768115942,0.42105263157894735,0.5283018867924528,0.4,0.5734265734265734,0.5789473684210527,0.75,0.6,165.54651162790697
1082603,2017-04-14,Rajkot,Saurashtra Cricket Association Stadium,Gujarat Lions,Rising Pune Supergiants,Gujarat Lions,field,Gujarat Lions,AJ Tye,2017,1,2,11,2,31,1,0.5,1.0,0.3333333333333333,0.2,0.35294117647058826,0.0,0.0,0.6,167.22222222222223
1082605,2017-04-15,Delhi,Feroz Shah Kotla,Delhi Capitals,Punjab Kings,Delhi Capitals,bat,Delhi Capitals,CJ Anderson,2017,1,1,9,1,11,0,0.4318181818181818,0.4444444444444444,0.3958333333333333,0.4,0.4666666666666667,0.5555555555555556,0.5,0.4,155.635593220339
1082604,2017-04-15,Kolkata,Eden Gardens,Kolkata Knight Riders,Sunrisers Hyderabad,Sunrisers Hyderabad,field,Kolkata Knight Riders,RV Uthappa,2017,1,5,13,13,10,1,0.5263157894736842,0.7222222222222222,0.6538461538461539,0.6,0.460431654676259,0.2777777777777778,0.0,0.8,162.16666666666666
1082607,2017-04-16,Bangalore,M Chinnaswamy Stadium,Royal Challengers Bengaluru,Rising Pune Supergiants,Royal Challengers Bengaluru,field,Rising Pune Supergiants,BA Stokes,2017,0,12,11,12,17,1,0.5035971223021583,1.0,0.5185185185185185,0.2,0.3333333333333333,0.0,0.0,0.4,165.54651162790697
1082606,2017-04-16,Mumbai,Wankhede Stadium,Mumbai Indians,Gujarat Lions,Mumbai Indians,field,Mumbai Indians,N Rana,2017,1,7,2,7,40,1,0.5763888888888888,0.0,0.6595744680851063,0.6,0.5263157894736842,1.0,1.0,0.2,166.984496124031
1082609,2017-04-17,Hyderabad,Rajiv Gandhi International Stadium,Sunrisers Hyderabad,Punjab Kings,Punjab Kings,field,Sunrisers Hyderabad,B Kumar,2017,1,13,9,9,29,1,0.45714285714285713,0.5,0.42857142857142855,0.6,0.4632352941176471,0.5,0.5714285714285714,0.4,161.58823529411765
1082608,2017-04-17,Delhi,Feroz Shah Kotla,Delhi Capitals,Kolkata Knight Riders,Delhi Capitals,bat,Kolkata Knight Riders,NM Coulter-Nile,2017,0,1,5,1,11,0,0.43609022556390975,0.4117647058823529,0.40816326530612246,0.6,0.5298507462686567,0.5882352941176471,0.5714285714285714,0.6,155.635593220339
1082610,2017-04-18,Rajkot,Saurashtra Cricket Association Stadium,Gujarat Lions,Royal Challengers Bengaluru,Gujarat Lions,field,Royal Challengers Bengaluru,CH Gayle,2017,0,2,12,2,31,1,0.5,0.3333333333333333,0.42857142857142855,0.2,0.5,0.6666666666666666,0.0,0.2,167.22222222222223
1082611,2017-04-19,Hyderabad,Rajiv Gandhi International Stadium,Sunrisers Hyderabad,Delhi Capitals,Sunrisers Hyderabad,bat,Sunrisers Hyderabad,KS Williamson,2017,1,13,1,13,29,0,0.46099290780141844,0.47368421052631576,0.4418604651162791,0.6,0.43283582089552236,0.5263157894736842,0.8,0.4,161.58823529411765
1082612,2017-04-20,Indore,Holkar Cricket Stadium,Punjab Kings,Mumbai Indians,Mumbai Indians,field,Mumbai Indians,JC Buttler,2017,0,9,7,7,14,1,0.45985401459854014,0.5,1.0,0.4,0.5793103448275863,0.5,0.5,0.8,159.55555555555554
1082613,2017-04-21,Kolkata,Eden Gardens,Kolkata Knight Riders,Gujarat Lions,Gujarat Lions,field,Gujarat Lions,SK Raina,2017,0,5,2,2,10,1,0.5333333333333333,0.3333333333333333,0.660377358490566,0.8,0.47619047619047616,0.6666666666666666,1.0,0.2,162.16666666666666
1082614,2017-04-22,Mumbai,Wankhede Stadium,Mumbai Indians,Delhi Capitals,Delhi Capitals,field,Mumbai Indians,MJ McClenaghan,2017,1,7,1,1,40,1,0.5821917808219178,0.5,0.6666666666666666,1.0,0.42962962962962964,0.5,0.16666666666666666,0.4,166.984496124031
1082615,2017-04-22,Pune,Maharashtra Cricket Association Stadium,Rising Pune Supergiants,Sunrisers Hyderabad,Rising Pune Supergiants,field,Rising Pune Supergiants,MS Dhoni,2017,1,11,13,11,21,1,0.3684210526315789,0.5,0.16666666666666666,0.4,0.4647887323943662,0.5,1.0,0.6,158.78571428571428
1082616,2017-04-23,Rajkot,Saurashtra Cricket Association Stadium,Gujarat Lions,Punjab Kings,Gujarat Lions,field,Punjab Kings,HM Amla,2017,0,2,9,2,31,1,0.5,0.5,0.375,0.4,0.45652173913043476,0.5,1.0,0.2,167.22222222222223
1082617,2017-04-23,Kolkata,Eden Gardens,Kolkata Knight Riders,Royal Challengers Bengaluru,Royal Challengers Bengaluru,field,Kolkata Knight Riders,NM Coulter-Nile,2017,1,5,12,12,10,1,0.5294117647058824,0.5,0.6481481481481481,0.6,0.5035460992907801,0.5,0.42857142857142855,0.4,162.16666666666666
1082618,2017-04-24,Mumbai,Wankhede Stadium,Mumbai Indians,Rising Pune Supergiants,Mumbai Indians,field,Rising Pune Supergiants,BA Stokes,2017,0,7,11,7,40,1,0.5850340136054422,0.3333333333333333,0.673469387755102,1.0,0.4,0.6666666666666666,1.0,0.4,166.984496124031
1082620,2017-04-26,Pune,Maharashtra Cricket Association Stadium,Rising Pune Supergiants,Kolkata Knight Riders,Kolkata Knight Riders,field,Kolkata Knight Riders,RV Uthappa,2017,0,11,5,5,21,1,0.42857142857142855,0.0,0.2857142857142857,0.6,0.5328467153284672,1.0,1.0,0.8,158.78571428571428
1082621,2017-04-27,Bangalore,M Chinnaswamy Stadium,Royal Challengers Bengaluru,Gujarat Lions,Gujarat Lions,field,Gujarat Lions,AJ Tye,2017,0,12,2,2,17,1,0.5,0.75,0.509090909090909,0.2,0.4782608695652174,0.25,0.0,0.4,165.54651162790697
1082623,2017-04-28,Chandigarh,Punjab Cricket Association IS Bindra Stadium,Punjab Kings,Sunrisers Hyderabad,Punjab Kings,field,Sunrisers Hyderabad,Rashid Khan,2017,0,9,13,9,27,1,0.460431654676259,0.47368421052631576,0.2857142857142857,0.2,0.46153846153846156,0.5263157894736842,1.0,0.4,170.71153846153845
1082622,2017-04-28,Kolkata,Eden Gardens,Kolkata Knight Riders,Delhi Capitals,Kolkata Knight Riders,field,Kolkata Knight Riders,G Gambhir,2017,1,5,1,5,10,1,0.5362318840579711,0.6111111111111112,0.6545454545454545,0.8,0.4264705882352941,0.3888888888888889,0.16666666666666666,0.4,162.16666666666666
1082624,2017-04-29,Pune,Maharashtra Cricket Association Stadium,Rising Pune Supergiants,Royal Challengers Bengaluru,Royal Challengers Bengaluru,field,Rising Pune Supergiants,LH Ferguson,2017,1,11,12,12,21,1,0.4090909090909091,0.3333333333333333,0.25,0.6,0.4965034965034965,0.6666666666666666,1.0,0.2,158.78571428571428
1082626,2017-04-30,Chandigarh,Punjab Cricket Association IS Bindra Stadium,Punjab Kings,Delhi Capitals,Punjab Kings,field,Punjab Kings,Sandeep Sharma,2017,1,9,1,9,27,1,0.45714285714285713,0.5263157894736842,0.25,0.2,0.4233576642335766,0.47368421052631576,0.0,0.2,170.71153846153845
1082627,2017-04-30,Hyderabad,Rajiv Gandhi International Stadium,Sunrisers Hyderabad,Kolkata Knight Riders,Kolkata Knight Riders,field,Sunrisers Hyderabad,DA Warner,2017,1,13,5,5,29,1,0.4652777777777778,0.2631578947368421,0.45454545454545453,0.6,0.539568345323741,0.7368421052631579,0.8,0.8,161.58823529411765
1082628,2017-05-01,Mumbai,Wankhede Stadium,Mumbai Indians,Royal Challengers Bengaluru,Royal Challengers Bengaluru,bat,Mumbai Indians,RG Sharma,2017,1,7,12,12,40,0,0.581081081081081,0.6,0.66,0.8,0.4930555555555556,0.4,0.42857142857142855,0.2,166.984496124031
1082629,2017-05-01,Pune,Maharashtra Cricket Association Stadium,Rising Pune Supergiants,Gujarat Lions,Rising Pune Supergiants,field,Rising Pune Supergiants,BA Stokes,2017,1,11,2,11,21,1,0.43478260869565216,0.0,0.3333333333333333,0.8,0.5,1.0,1.0,0.4,158.78571428571428
1082630,2017-05-02,Delhi,Feroz Shah Kotla,Delhi Capitals,Sunrisers Hyderabad,Delhi Capitals,field,Delhi Capitals,Mohammed Shami,2017,1,1,13,1,11,1,0.42028985507246375,0.5,0.4,0.0,0.4689655172413793,0.5,0.6666666666666666,0.8,155.635593220339
1082631,2017-05-03,Kolkata,Eden Gardens,Kolkata Knight Riders,Rising Pune Supergiants,Rising Pune Supergiants,field,Rising Pune Supergiants,RA Tripathi,2017,0,5,11,11,10,1,0.5357142857142857,1.0,0.6607142857142857,0.6,0.4583333333333333,0.0,0.0,0.8,162.16666666666666
1082632,2017-05-04,Delhi,Feroz Shah Kotla,Delhi Capitals,Gujarat Lions,Delhi Capitals,field,Delhi Capitals,RR Pant,2017,1,1,2,1,11,1,0.4244604316546763,0.5,0.4117647058823529,0.2,0.48,0.5,0.5,0.4,155.635593220339
1082633,2017-05-05,Bangalore,M Chinnaswamy Stadium,Royal Challengers Bengaluru,Punjab Kings,Royal Challengers Bengaluru,field,Punjab Kings,Sandeep Sharma,2017,0,12,9,12,17,1,0.4896551724137931,0.42105263157894735,0.5,0.2,0.46099290780141844,0.5789473684210527,0.4444444444444444,0.4,165.54651162790697
1082634,2017-05-06,Hyderabad,Rajiv Gandhi International Stadium,Sunrisers Hyderabad,Rising Pune Supergiants,Sunrisers Hyderabad,field,Rising Pune Supergiants,JD Unadkat,2017,0,13,11,13,29,1,0.4657534246575342,0.3333333333333333,0.4666666666666667,0.6,0.48,0.6666666666666666,1.0,0.8,161.58823529411765
1082635,2017-05-06,Delhi,Feroz Shah Kotla,Delhi Capitals,Mumbai Indians,Delhi Capitals,field,Mumbai Indians,LMP Simmons,2017,0,1,7,1,11,1,0.42857142857142855,0.47368421052631576,0.4230769230769231,0.4,0.5838926174496645,0.5263157894736842,0.25,0.8,155.635593220339
1082637,2017-05-07,Chandigarh,Punjab Cricket Association IS Bindra Stadium,Punjab Kings,Gujarat Lions,Gujarat Lions,field,Gujarat Lions,DR Smith,2017,0,9,2,2,27,1,0.4647887323943662,0.6666666666666666,0.3333333333333333,0.6,0.46153846153846156,0.3333333333333333,1.0,0.4,170.71153846153845
1082636,2017-05-07,Bangalore,M Chinnaswamy Stadium,Royal Challengers Bengaluru,Kolkata Knight Riders,Kolkata Knight Riders,field,Kolkata Knight Riders,SP Narine,2017,0,12,5,5,17,1,0.4863013698630137,0.47368421052631576,0.49122807017543857,0.0,0.5319148936170213,0.5263157894736842,0.5,0.6,165.54651162790697
1082638,2017-05-08,Hyderabad,Rajiv Gandhi International Stadium,Sunrisers Hyderabad,Mumbai Indians,Mumbai Indians,bat,Sunrisers Hyderabad,S Dhawan,2017,1,13,7,7,29,0,0.46258503401360546,0.42105263157894735,0.45652173913043476,0.4,0.5866666666666667,0.5789473684210527,0.6666666666666666,0.8,161.58823529411765
1082639,2017-05-09,Chandigarh,Punjab Cricket Association IS Bindra Stadium,Punjab Kings,Kolkata Knight Riders,Kolkata Knight Riders,field,Punjab Kings,MM Sharma,2017,1,9,5,5,27,1,0.46153846153846156,0.3,0.3,0.6,0.5352112676056338,0.7,1.0,0.6,170.71153846153845
1082640,2017-05-10,Kanpur,Green Park,Gujarat Lions,Delhi Capitals,Delhi Capitals,field,Delhi Capitals,SS Iyer,2017,0,2,1,1,12,1,0.48148148148148145,0.3333333333333333,1.0,0.4,0.425531914893617,0.6666666666666666,0.5,0.4,162.25
1082641,2017-05-11,Mumbai,Wankhede Stadium,Mumbai Indians,Punjab Kings,Mumbai Indians,field,Punjab Kings,WP Saha,2017,0,7,9,7,40,1,0.5827814569536424,0.5263157894736842,0.6666666666666666,0.6,0.4652777777777778,0.47368421052631576,0.5,0.6,166.984496124031
1082642,2017-05-12,Delhi,Feroz Shah Kotla,Delhi Capitals,Rising Pune Supergiants,Delhi Capitals,bat,Delhi Capitals,KK Nair,2017,1,1,11,1,11,0,0.4295774647887324,0.3333333333333333,0.41509433962264153,0.6,0.5,0.6666666666666666,1.0,0.8,155.635593220339
1082643,2017-05-13,Kanpur,Green Park,Gujarat Lions,Sunrisers Hyderabad,Sunrisers Hyderabad,field,Sunrisers Hyderabad,Mohammed Siraj,2017,0,2,13,13,12,1,0.4642857142857143,0.0,0.6666666666666666,0.4,0.46621621621621623,1.0,0.5,0.6,162.25
1082644,2017-05-13,Kolkata,Eden Gardens,Kolkata Knight Riders,Mumbai Indians,Kolkata Knight Riders,field,Mumbai Indians,AT Rayudu,2017,0,5,7,5,10,1,0.5314685314685315,0.2631578947368421,0.6491228070175439,0.4,0.5789473684210527,0.7368421052631579,0.8,0.4,162.16666666666666
1082646,2017-05-14,Delhi,Feroz Shah Kotla,Delhi Capitals,Royal Challengers Bengaluru,Royal Challengers Bengaluru,bat,Royal Challengers Bengaluru,HV Patel,2017,0,1,12,12,11,0,0.43356643356643354,0.375,0.42592592592592593,0.8,0.48299319727891155,0.625,0.6666666666666666,0.0,155.635593220339
1082645,2017-05-14,Pune,Maharashtra Cricket Association Stadium,Rising Pune Supergiants,Punjab Kings,Rising Pune Supergiants,field,Rising Pune Supergiants,JD Unadkat,2017,1,11,9,11,21,1,0.48148148148148145,0.3333333333333333,0.4,0.8,0.4689655172413793,0.6666666666666666,0.0,0.8,158.78571428571428
1082647,2017-05-16,Mumbai,Wankhede Stadium,Mumbai Indians,Rising Pune Supergiants,Mumbai Indians,field,Rising Pune Supergiants,Washington Sundar,2017,0,7,11,7,40,1,0.5816993464052288,0.25,0.6538461538461539,0.6,0.5,0.75,1.0,0.8,166.984496124031
1082648,2017-05-17,Bangalore,M Chinnaswamy Stadium,Sunrisers Hyderabad,Kolkata Knight Riders,Kolkata Knight Riders,field,Kolkata Knight Riders,NM Coulter-Nile,2017,0,13,5,5,17,1,0.4697986577181208,0.3,0.375,0.6,0.5277777777777778,0.7,0.5555555555555556,0.2,165.54651162790697
1082649,2017-05-19,Bangalore,M Chinnaswamy Stadium,Mumbai Indians,Kolkata Knight Riders,Mumbai Indians,field,Mumbai Indians,KV Sharma,2017,1,7,5,7,17,1,0.577922077922078,0.75,0.7777777777777778,0.4,0.5310344827586206,0.25,0.6,0.4,165.54651162790697
1082650,2017-05-21,Hyderabad,Rajiv Gandhi International Stadium,Mumbai Indians,Rising Pune Supergiants,Mumbai Indians,bat,Mumbai Indians,KH Pandya,2017,1,7,11,7,29,0,0.5806451612903226,0.2,0.5714285714285714,0.4,0.5172413793103449,0.8,1.0,0.8,161.58823529411765
1136561,2018-04-07,Mumbai,Wankhede Stadium,Mumbai Indians,Chennai Super Kings,Chennai Super Kings,field,Chennai Super Kings,DJ Bravo,2018,0,7,0,0,40,1,0.5833333333333334,0.5454545454545454,0.6415094339622641,0.6,0.6076923076923076,0.45454545454545453,0.4,0.4,166.984496124031
1136562,2018-04-08,Chandigarh,Punjab Cricket Association IS Bindra Stadium,Delhi Capitals,Punjab Kings,Punjab Kings,field,Punjab Kings,KL Rahul,2018,0,1,9,9,27,1,0.4305555555555556,0.45,0.0,0.6,0.4657534246575342,0.55,0.36363636363636365,0.6,170.71153846153845
1136563,2018-04-08,Kolkata,Eden Gardens,Royal Challengers Bengaluru,Kolkata Knight Riders,Kolkata Knight Riders,field,Kolkata Knight Riders,SP Narine,2018,0,12,5,5,10,1,0.4864864864864865,0.45,0.375,0.2,0.5273972602739726,0.55,0.6379310344827587,0.4,162.16666666666666
1136564,2018-04-09,Hyderabad,Rajiv Gandhi International Stadium,Rajasthan Royals,Sunrisers Hyderabad,Sunrisers Hyderabad,field,Sunrisers Hyderabad,S Dhawan,2018,0,10,13,13,29,1,0.5350877192982456,0.6875,0.5,0.4,0.4666666666666667,0.3125,0.46808510638297873,0.4,161.58823529411765
1136565,2018-04-10,Chennai,MA Chidambaram Stadium,Kolkata Knight Riders,Chennai Super Kings,Chennai Super Kings,field,Chennai Super Kings,SW Billings,2018,0,5,0,0,19,1,0.5306122448979592,0.375,0.2857142857142857,0.4,0.6106870229007634,0.625,0.717391304347826,0.6,158.45698924731184
1136566,2018-04-11,Jaipur,Sawai Mansingh Stadium,Rajasthan Royals,Delhi Capitals,Delhi Capitals,field,Rajasthan Royals,SV Samson,2018,1,10,1,1,32,1,0.5304347826086957,0.625,0.7272727272727273,0.2,0.42758620689655175,0.375,0.25,0.4,161.11363636363637
1136567,2018-04-12,Hyderabad,Rajiv Gandhi International Stadium,Mumbai Indians,Sunrisers Hyderabad,Sunrisers Hyderabad,field,Sunrisers Hyderabad,Rashid Khan,2018,0,7,13,13,29,1,0.5796178343949044,0.55,0.625,0.6,0.47019867549668876,0.45,0.4791666666666667,0.6,161.58823529411765
1136568,2018-04-13,Bengaluru,M.Chinnaswamy Stadium,Punjab Kings,Royal Challengers Bengaluru,Royal Challengers Bengaluru,field,Royal Challengers Bengaluru,UT Yadav,2018,0,9,12,12,18,1,0.46938775510204084,0.6,0.5,0.6,0.48322147651006714,0.4,1.0,0.2,179.42857142857142
1136569,2018-04-14,Mumbai,Wankhede Stadium,Mumbai Indians,Delhi Capitals,Delhi Capitals,field,Delhi Capitals,JJ Roy,2018,0,7,1,1,40,1,0.5759493670886076,0.55,0.6296296296296297,0.4,0.4246575342465753,0.45,0.14285714285714285,0.4,166.984496124031
1136570,2018-04-14,Kolkata,Eden Gardens,Kolkata Knight Riders,Sunrisers Hyderabad,Sunrisers Hyderabad,field,Sunrisers Hyderabad,B Stanlake,2018,0,5,13,13,10,1,0.527027027027027,0.7142857142857143,0.6440677966101694,0.4,0.47368421052631576,0.2857142857142857,0.0,0.8,162.16666666666666
1136571,2018-04-15,Bengaluru,M.Chinnaswamy Stadium,Rajasthan Royals,Royal Challengers Bengaluru,Royal Challengers Bengaluru,field,Rajasthan Royals,SV Samson,2018,1,10,12,12,18,1,0.5344827586206896,0.4666666666666667,0.5,0.4,0.4866666666666667,0.5333333333333333,1.0,0.4,179.42857142857142
1136572,2018-04-15,Chandigarh,Punjab Cricket Association IS Bindra Stadium,Punjab Kings,Chennai Super Kings,Chennai Super Kings,field,Punjab Kings,CH Gayle,2018,1,9,0,0,27,1,0.46621621621621623,0.375,0.4166666666666667,0.6,0.6136363636363636,0.625,0.5,0.6,170.71153846153845
1136573,2018-04-16,Kolkata,Eden Gardens,Kolkata Knight Riders,Delhi Capitals,Delhi Capitals,field,Kolkata Knight Riders,N Rana,2018,1,5,1,1,10,1,0.5234899328859061,0.631578947368421,0.6333333333333333,0.4,0.42857142857142855,0.3684210526315789,0.14285714285714285,0.4,162.16666666666666
1136574,2018-04-17,Mumbai,Wankhede Stadium,Mumbai Indians,Royal Challengers Bengaluru,Royal Challengers Bengaluru,field,Mumbai Indians,RG Sharma,2018,1,7,12,12,40,1,0.5723270440251572,0.6190476190476191,0.6181818181818182,0.4,0.48344370860927155,0.38095238095238093,0.375,0.4,166.984496124031
1136575,2018-04-18,Jaipur,Sawai Mansingh Stadium,Rajasthan Royals,Kolkata Knight Riders,Kolkata Knight Riders,field,Kolkata Knight Riders,N Rana,2018,0,10,5,5,32,1,0.5384615384615384,0.5384615384615384,0.7352941176470589,0.6,0.5266666666666666,0.46153846153846156,0.25,0.4,161.11363636363637
1136576,2018-04-19,Chandigarh,Punjab Cricket Association IS Bindra Stadium,Punjab Kings,Sunrisers Hyderabad,Punjab Kings,bat,Punjab Kings,CH Gayle,2018,1,9,13,9,27,0,0.4697986577181208,0.45,0.46153846153846156,0.6,0.477124183006536,0.55,1.0,0.8,170.71153846153845
1136577,2018-04-20,Pune,Maharashtra Cricket Association Stadium,Chennai Super Kings,Rajasthan Royals,Rajasthan Royals,field,Chennai Super Kings,SR Watson,2018,1,0,10,10,21,1,0.6090225563909775,0.6470588235294118,0.5,0.6,0.5338983050847458,0.35294117647058826,0.5,0.4,158.78571428571428
1136578,2018-04-21,Kolkata,Eden Gardens,Kolkata Knight Riders,Punjab Kings,Punjab Kings,field,Punjab Kings,KL Rahul,2018,0,5,9,9,10,1,0.5298013245033113,0.6666666666666666,0.639344262295082,0.6,0.47333333333333333,0.3333333333333333,0.2222222222222222,0.6,162.16666666666666
1136579,2018-04-21,Bengaluru,M.Chinnaswamy Stadium,Delhi Capitals,Royal Challengers Bengaluru,Royal Challengers Bengaluru,field,Royal Challengers Bengaluru,AB de Villiers,2018,0,1,12,12,18,1,0.42567567567567566,0.35294117647058826,0.0,0.2,0.48026315789473684,0.6470588235294118,0.6666666666666666,0.4,179.42857142857142
1136581,2018-04-22,Jaipur,Sawai Mansingh Stadium,Mumbai Indians,Rajasthan Royals,Mumbai Indians,bat,Rajasthan Royals,JC Archer,2018,0,7,10,7,32,0,0.575,0.625,0.4,0.4,0.5294117647058824,0.375,0.7142857142857143,0.4,161.11363636363637
1136580,2018-04-22,Hyderabad,Rajiv Gandhi International Stadium,Chennai Super Kings,Sunrisers Hyderabad,Sunrisers Hyderabad,field,Chennai Super Kings,AT Rayudu,2018,1,0,13,13,29,1,0.6119402985074627,0.625,0.6666666666666666,0.6,0.474025974025974,0.375,0.4897959183673469,0.6,161.58823529411765
1136582,2018-04-23,Delhi,Arun Jaitley Stadium,Punjab Kings,Delhi Capitals,Delhi Capitals,field,Punjab Kings,AS Rajpoot,2018,1,9,1,1,0,1,0.4768211920529801,0.5714285714285714,0.5,0.8,0.4228187919463087,0.42857142857142855,0.5,0.2,179.7051282051282
1136583,2018-04-24,Mumbai,Wankhede Stadium,Sunrisers Hyderabad,Mumbai Indians,Mumbai Indians,field,Sunrisers Hyderabad,Rashid Khan,2018,1,13,7,7,40,1,0.47096774193548385,0.47619047619047616,0.2,0.6,0.5714285714285714,0.5238095238095238,0.625,0.2,166.984496124031
1136584,2018-04-25,Bengaluru,M.Chinnaswamy Stadium,Royal Challengers Bengaluru,Chennai Super Kings,Chennai Super Kings,field,Chennai Super Kings,MS Dhoni,2018,0,12,0,0,18,1,0.48366013071895425,0.3684210526315789,0.75,0.4,0.6148148148148148,0.631578947368421,0.5,0.8,179.42857142857142
1136585,2018-04-26,Hyderabad,Rajiv Gandhi International Stadium,Sunrisers Hyderabad,Punjab Kings,Punjab Kings,field,Sunrisers Hyderabad,AS Rajpoot,2018,1,13,9,9,29,1,0.47435897435897434,0.5238095238095238,0.48,0.6,0.48026315789473684,0.47619047619047616,0.5,0.8,161.58823529411765
1136586,2018-04-27,Delhi,Arun Jaitley Stadium,Delhi Capitals,Kolkata Knight Riders,Kolkata Knight Riders,field,Delhi Capitals,SS Iyer,2018,1,1,5,5,0,1,0.42,0.35,0.0,0.2,0.5263157894736842,0.65,0.5,0.4,179.7051282051282
1136587,2018-04-28,Pune,Maharashtra Cricket Association Stadium,Chennai Super Kings,Mumbai Indians,Mumbai Indians,field,Mumbai Indians,RG Sharma,2018,0,0,7,7,21,1,0.6176470588235294,0.4782608695652174,1.0,0.8,0.5679012345679012,0.5217391304347826,0.5,0.2,158.78571428571428
1136588,2018-04-29,Jaipur,Sawai Mansingh Stadium,Sunrisers Hyderabad,Rajasthan Royals,Sunrisers Hyderabad,bat,Sunrisers Hyderabad,KS Williamson,2018,1,13,10,13,32,0,0.47770700636942676,0.35294117647058826,0.0,0.6,0.5333333333333333,0.6470588235294118,0.7222222222222222,0.6,161.11363636363637
1136589,2018-04-29,Bengaluru,M.Chinnaswamy Stadium,Royal Challengers Bengaluru,Kolkata Knight Riders,Kolkata Knight Riders,field,Kolkata Knight Riders,CA Lynn,2018,0,12,5,5,18,1,0.4805194805194805,0.42857142857142855,0.6,0.4,0.5228758169934641,0.5714285714285714,0.5,0.4,179.42857142857142
1136590,2018-04-30,Pune,Maharashtra Cricket Association Stadium,Chennai Super Kings,Delhi Capitals,Delhi Capitals,field,Chennai Super Kings,SR Watson,2018,1,0,1,1,21,1,0.6131386861313869,0.6875,0.5,0.6,0.423841059602649,0.3125,1.0,0.4,158.78571428571428
1136591,2018-05-01,Bengaluru,M.Chinnaswamy Stadium,Royal Challengers Bengaluru,Mumbai Indians,Mumbai Indians,field,Royal Challengers Bengaluru,TG Southee,2018,1,12,7,7,18,1,0.4774193548387097,0.36363636363636365,0.5,0.2,0.5705521472392638,0.6363636363636364,0.5,0.4,179.42857142857142
1136592,2018-05-02,Delhi,Arun Jaitley Stadium,Delhi Capitals,Rajasthan Royals,Rajasthan Royals,field,Delhi Capitals,RR Pant,2018,1,1,10,10,0,1,0.42105263157894735,0.35294117647058826,0.5,0.2,0.5289256198347108,0.6470588235294118,0.5,0.4,179.7051282051282
1136593,2018-05-03,Kolkata,Eden Gardens,Chennai Super Kings,Kolkata Knight Riders,Kolkata Knight Riders,field,Kolkata Knight Riders,SP Narine,2018,0,0,5,5,10,1,0.6159420289855072,0.6470588235294118,0.4444444444444444,0.8,0.525974025974026,0.35294117647058826,0.6290322580645161,0.6,162.16666666666666
1136594,2018-05-04,Indore,Holkar Cricket Stadium,Punjab Kings,Mumbai Indians,Mumbai Indians,field,Mumbai Indians,SA Yadav,2018,0,9,7,7,14,1,0.477124183006536,0.5,0.75,0.8,0.5670731707317073,0.5,1.0,0.4,159.55555555555554
1136595,2018-05-05,Pune,Maharashtra Cricket Association Stadium,Royal Challengers Bengaluru,Chennai Super Kings,Chennai Super Kings,field,Chennai Super Kings,RA Jadeja,2018,0,12,0,0,21,1,0.4807692307692308,0.35,0.6666666666666666,0.4,0.6115107913669064,0.65,0.6666666666666666,0.6,158.78571428571428
1136596,2018-05-05,Hyderabad,Rajiv Gandhi International Stadium,Delhi Capitals,Sunrisers Hyderabad,Delhi Capitals,bat,Sunrisers Hyderabad,Rashid Khan,2018,0,1,13,1,29,0,0.42483660130718953,0.5238095238095238,0.6666666666666666,0.4,0.4810126582278481,0.47619047619047616,0.49019607843137253,0.6,161.58823529411765
1136597,2018-05-06,Mumbai,Wankhede Stadium,Mumbai Indians,Kolkata Knight Riders,Kolkata Knight Riders,field,Mumbai Indians,HH Pandya,2018,1,7,5,5,40,1,0.5696969696969697,0.7619047619047619,0.6140350877192983,0.4,0.5290322580645161,0.23809523809523808,0.14285714285714285,0.6,166.984496124031
1136598,2018-05-06,Indore,Holkar Cricket Stadium,Rajasthan Royals,Punjab Kings,Punjab Kings,field,Punjab Kings,Mujeeb Ur Rahman,2018,0,10,9,9,14,1,0.5245901639344263,0.6428571428571429,0.0,0.2,0.474025974025974,0.35714285714285715,0.6,0.6,159.55555555555554
1136599,2018-05-07,Hyderabad,Rajiv Gandhi International Stadium,Sunrisers Hyderabad,Royal Challengers Bengaluru,Royal Challengers Bengaluru,field,Sunrisers Hyderabad,KS Williamson,2018,1,13,12,12,29,1,0.48427672955974843,0.55,0.5,0.8,0.47770700636942676,0.45,0.2857142857142857,0.4,161.58823529411765
1136600,2018-05-08,Jaipur,Sawai Mansingh Stadium,Rajasthan Royals,Punjab Kings,Rajasthan Royals,bat,Rajasthan Royals,JC Buttler,2018,1,10,9,10,32,0,0.5203252032520326,0.6,0.7027027027027027,0.2,0.4774193548387097,0.4,0.0,0.6,161.11363636363637
1136601,2018-05-09,Kolkata,Eden Gardens,Mumbai Indians,Kolkata Knight Riders,Kolkata Knight Riders,field,Mumbai Indians,Ishan Kishan,2018,1,7,5,5,10,1,0.572289156626506,0.7727272727272727,0.8181818181818182,0.6,0.5256410256410257,0.22727272727272727,0.6349206349206349,0.4,162.16666666666666
1136602,2018-05-10,Delhi,Arun Jaitley Stadium,Delhi Capitals,Sunrisers Hyderabad,Delhi Capitals,bat,Sunrisers Hyderabad,S Dhawan,2018,0,1,13,1,0,0,0.42207792207792205,0.5,0.6666666666666666,0.4,0.4875,0.5,0.5,1.0,179.7051282051282
1136603,2018-05-11,Jaipur,Sawai Mansingh Stadium,Chennai Super Kings,Rajasthan Royals,Chennai Super Kings,bat,Rajasthan Royals,JC Buttler,2018,0,0,10,0,32,0,0.6142857142857143,0.6666666666666666,0.5,0.6,0.5241935483870968,0.3333333333333333,0.7105263157894737,0.4,161.11363636363637
1136605,2018-05-12,Delhi,Arun Jaitley Stadium,Delhi Capitals,Royal Challengers Bengaluru,Royal Challengers Bengaluru,field,Royal Challengers Bengaluru,AB de Villiers,2018,0,1,12,12,0,1,0.41935483870967744,0.3333333333333333,0.5,0.4,0.47468354430379744,0.6666666666666666,0.5,0.2,179.7051282051282
1136604,2018-05-12,Indore,Holkar Cricket Stadium,Kolkata Knight Riders,Punjab Kings,Punjab Kings,field,Kolkata Knight Riders,SP Narine,2018,1,5,9,9,14,1,0.5222929936305732,0.6363636363636364,0.5,0.4,0.47435897435897434,0.36363636363636365,0.6666666666666666,0.4,159.55555555555554
1136606,2018-05-13,Pune,Maharashtra Cricket Association Stadium,Sunrisers Hyderabad,Chennai Super Kings,Chennai Super Kings,field,Chennai Super Kings,AT Rayudu,2018,0,13,0,0,21,1,0.4906832298136646,0.35294117647058826,0.5,1.0,0.6099290780141844,0.6470588235294118,0.75,0.4,158.78571428571428
1136607,2018-05-13,Mumbai,Wankhede Stadium,Mumbai Indians,Rajasthan Royals,Rajasthan Royals,field,Rajasthan Royals,JC Buttler,2018,0,7,10,10,40,1,0.5748502994011976,0.5882352941176471,0.6206896551724138,0.8,0.528,0.4117647058823529,0.3333333333333333,0.4,166.984496124031
1136608,2018-05-14,Indore,Holkar Cricket Stadium,Punjab Kings,Royal Challengers Bengaluru,Royal Challengers Bengaluru,field,Royal Challengers Bengaluru,UT Yadav,2018,0,9,12,12,14,1,0.4713375796178344,0.5714285714285714,0.5714285714285714,0.2,0.4779874213836478,0.42857142857142855,0.0,0.4,159.55555555555554
1136609,2018-05-15,Kolkata,Eden Gardens,Rajasthan Royals,Kolkata Knight Riders,Kolkata Knight Riders,field,Kolkata Knight Riders,Kuldeep Yadav,2018,0,10,5,5,10,1,0.5317460317460317,0.5,0.16666666666666666,0.6,0.5253164556962026,0.5,0.625,0.6,162.16666666666666
1136610,2018-05-16,Mumbai,Wankhede Stadium,Mumbai Indians,Punjab Kings,Punjab Kings,field,Mumbai Indians,JJ Bumrah,2018,1,7,9,9,40,1,0.5714285714285714,0.5238095238095238,0.6101694915254238,0.6,0.46835443037974683,0.47619047619047616,0.5555555555555556,0.2,166.984496124031
1136611,2018-05-17,Bengaluru,M.Chinnaswamy Stadium,Royal Challengers Bengaluru,Sunrisers Hyderabad,Sunrisers Hyderabad,field,Royal Challengers Bengaluru,AB de Villiers,2018,1,12,13,13,18,1,0.48125,0.42857142857142855,0.5714285714285714,0.6,0.4876543209876543,0.5714285714285714,0.5,0.8,179.42857142857142
1136612,2018-05-18,Delhi,Arun Jaitley Stadium,Delhi Capitals,Chennai Super Kings,Chennai Super Kings,field,Delhi Capitals,HV Patel,2018,1,1,0,0,0,1,0.4166666666666667,0.29411764705882354,0.4,0.2,0.6126760563380281,0.7058823529411765,0.5,0.6,179.7051282051282
1136613,2018-05-19,Jaipur,Sawai Mansingh Stadium,Rajasthan Royals,Royal Challengers Bengaluru,Rajasthan Royals,bat,Rajasthan Royals,S Gopal,2018,1,10,12,10,32,0,0.5275590551181102,0.5,0.717948717948718,0.6,0.484472049689441,0.5,0.6,0.6,161.11363636363637
1136614,2018-05-19,Hyderabad,Rajiv Gandhi International Stadium,Sunrisers Hyderabad,Kolkata Knight Riders,Sunrisers Hyderabad,bat,Kolkata Knight Riders,CA Lynn,2018,0,13,5,13,29,0,0.48466257668711654,0.3181818181818182,0.5094339622641509,0.6,0.5283018867924528,0.6818181818181818,0.6666666666666666,0.6,161.58823529411765
1136615,2018-05-20,Delhi,Arun Jaitley Stadium,Delhi Capitals,Mumbai Indians,Delhi Capitals,bat,Delhi Capitals,A Mishra,2018,1,1,7,1,0,0,0.42038216560509556,0.47619047619047616,0.5,0.4,0.5739644970414202,0.5238095238095238,0.5,0.8,179.7051282051282
1136616,2018-05-20,Pune,Maharashtra Cricket Association Stadium,Punjab Kings,Chennai Super Kings,Chennai Super Kings,field,Chennai Super Kings,L Ngidi,2018,0,9,0,0,21,1,0.46540880503144655,0.4117647058823529,0.0,0.2,0.6083916083916084,0.5882352941176471,0.8,0.4,158.78571428571428
1136617,2018-05-22,Mumbai,Wankhede Stadium,Sunrisers Hyderabad,Chennai Super Kings,Chennai Super Kings,field,Chennai Super Kings,F du Plessis,2018,0,13,0,0,40,1,0.4817073170731707,0.3333333333333333,0.3333333333333333,0.4,0.6111111111111112,0.6666666666666666,0.45454545454545453,0.6,166.984496124031
1136618,2018-05-23,Kolkata,Eden Gardens,Kolkata Knight Riders,Rajasthan Royals,Rajasthan Royals,field,Kolkata Knight Riders,AD Russell,2018,1,5,10,10,10,1,0.53125,0.5333333333333333,0.6307692307692307,0.6,0.53125,0.4666666666666667,0.14285714285714285,0.8,162.16666666666666
1136619,2018-05-25,Kolkata,Eden Gardens,Sunrisers Hyderabad,Kolkata Knight Riders,Kolkata Knight Riders,field,Sunrisers Hyderabad,Rashid Khan,2018,1,13,5,5,10,1,0.47878787878787876,0.30434782608695654,0.1111111111111111,0.2,0.5341614906832298,0.6956521739130435,0.6363636363636364,0.8,162.16666666666666
1136620,2018-05-27,Mumbai,Wankhede Stadium,Sunrisers Hyderabad,Chennai Super Kings,Chennai Super Kings,field,Chennai Super Kings,SR Watson,2018,0,13,0,0,40,1,0.4819277108433735,0.3157894736842105,0.2857142857142857,0.2,0.6137931034482759,0.6842105263157895,0.5,0.6,166.984496124031
1175356,2019-03-23,Chennai,MA Chidambaram Stadium,Royal Challengers Bengaluru,Chennai Super Kings,Chennai Super Kings,field,Chennai Super Kings,Harbhajan Singh,2019,0,12,0,0,19,1,0.48148148148148145,0.3333333333333333,0.25,0.6,0.6164383561643836,0.6666666666666666,0.723404255319149,0.8,158.45698924731184
1175357,2019-03-24,Kolkata,Eden Gardens,Sunrisers Hyderabad,Kolkata Knight Riders,Kolkata Knight Riders,field,Kolkata Knight Riders,AD Russell,2019,0,13,5,5,10,1,0.47904191616766467,0.3333333333333333,0.2,0.2,0.5308641975308642,0.6666666666666666,0.6268656716417911,0.8,162.16666666666666
1175358,2019-03-24,Mumbai,Wankhede Stadium,Delhi Capitals,Mumbai Indians,Mumbai Indians,field,Delhi Capitals,RR Pant,2019,1,1,7,7,40,1,0.4240506329113924,0.5,0.25,0.4,0.5705882352941176,0.5,0.6166666666666667,0.6,166.984496124031
1175359,2019-03-25,Jaipur,Sawai Mansingh Stadium,Punjab Kings,Rajasthan Royals,Rajasthan Royals,field,Punjab Kings,CH Gayle,2019,1,9,10,10,32,1,0.4625,0.375,0.0,0.0,0.5271317829457365,0.625,0.725,0.6,161.11363636363637
1175360,2019-03-26,Delhi,Arun Jaitley Stadium,Delhi Capitals,Chennai Super Kings,Delhi Capitals,bat,Chennai Super Kings,SR Watson,2019,0,1,0,1,0,0,0.4276729559748428,0.3333333333333333,0.5714285714285714,0.6,0.6190476190476191,0.6666666666666666,0.0,0.8,179.7051282051282
1175361,2019-03-27,Kolkata,Eden Gardens,Kolkata Knight Riders,Punjab Kings,Punjab Kings,field,Kolkata Knight Riders,AD Russell,2019,1,5,9,9,10,1,0.5337423312883436,0.6521739130434783,0.6323529411764706,0.8,0.4658385093167702,0.34782608695652173,0.3,0.2,162.16666666666666
1175362,2019-03-28,Bengaluru,M.Chinnaswamy Stadium,Mumbai Indians,Royal Challengers Bengaluru,Royal Challengers Bengaluru,field,Mumbai Indians,JJ Bumrah,2019,1,7,12,12,18,1,0.5672514619883041,0.6086956521739131,0.0,0.4,0.4785276073619632,0.391304347826087,0.625,0.6,179.42857142857142
1175363,2019-03-29,Hyderabad,Rajiv Gandhi International Stadium,Rajasthan Royals,Sunrisers Hyderabad,Rajasthan Royals,bat,Sunrisers Hyderabad,Rashid Khan,2019,0,10,13,10,29,0,0.5230769230769231,0.6111111111111112,0.4,0.4,0.47619047619047616,0.3888888888888889,0.5,0.2,161.58823529411765
1175364,2019-03-30,Chandigarh,Punjab Cricket Association IS Bindra Stadium,Mumbai Indians,Punjab Kings,Punjab Kings,field,Punjab Kings,MA Agarwal,2019,0,7,9,9,27,1,0.5697674418604651,0.5454545454545454,1.0,0.4,0.46296296296296297,0.45454545454545453,0.5,0.2,170.71153846153845
1175367,2019-03-31,Chennai,MA Chidambaram Stadium,Chennai Super Kings,Rajasthan Royals,Rajasthan Royals,field,Chennai Super Kings,MS Dhoni,2019,1,0,10,10,19,1,0.6216216216216216,0.631578947368421,0.7291666666666666,1.0,0.5190839694656488,0.3684210526315789,0.16666666666666666,0.2,158.45698924731184
1175366,2019-03-31,Hyderabad,Rajiv Gandhi International Stadium,Sunrisers Hyderabad,Royal Challengers Bengaluru,Royal Challengers Bengaluru,field,Sunrisers Hyderabad,JM Bairstow,2019,1,13,12,12,29,1,0.47928994082840237,0.5454545454545454,0.509090909090909,0.4,0.47560975609756095,0.45454545454545453,0.25,0.4,161.58823529411765
1175368,2019-04-01,Chandigarh,Punjab Cricket Association IS Bindra Stadium,Punjab Kings,Delhi Capitals,Delhi Capitals,field,Punjab Kings,SM Curran,2019,1,9,1,1,27,1,0.4662576687116564,0.5909090909090909,0.5333333333333333,0.4,0.425,0.4090909090909091,0.0,0.6,170.71153846153845
1175369,2019-04-02,Jaipur,Sawai Mansingh Stadium,Royal Challengers Bengaluru,Rajasthan Royals,Rajasthan Royals,field,Rajasthan Royals,S Gopal,2019,0,12,10,10,32,1,0.4727272727272727,0.47058823529411764,0.5,0.2,0.5151515151515151,0.5294117647058824,0.7073170731707317,0.2,161.11363636363637
1175370,2019-04-03,Mumbai,Wankhede Stadium,Mumbai Indians,Chennai Super Kings,Chennai Super Kings,field,Mumbai Indians,HH Pandya,2019,1,7,0,0,40,1,0.5664739884393064,0.5416666666666666,0.6065573770491803,0.4,0.6241610738255033,0.4583333333333333,0.5384615384615384,1.0,166.984496124031
1175371,2019-04-04,Delhi,Arun Jaitley Stadium,Delhi Capitals,Sunrisers Hyderabad,Sunrisers Hyderabad,field,Sunrisers Hyderabad,JM Bairstow,2019,0,1,13,13,0,1,0.422360248447205,0.4782608695652174,0.5,0.6,0.4823529411764706,0.5217391304347826,1.0,0.6,179.7051282051282
1175372,2019-04-05,Bengaluru,M.Chinnaswamy Stadium,Royal Challengers Bengaluru,Kolkata Knight Riders,Kolkata Knight Riders,field,Kolkata Knight Riders,AD Russell,2019,0,12,5,5,18,1,0.46987951807228917,0.4090909090909091,0.5555555555555556,0.0,0.5365853658536586,0.5909090909090909,1.0,0.8,179.42857142857142
1178393,2019-04-06,Chennai,MA Chidambaram Stadium,Chennai Super Kings,Punjab Kings,Chennai Super Kings,bat,Chennai Super Kings,Harbhajan Singh,2019,1,0,9,0,19,0,0.62,0.6111111111111112,0.7346938775510204,0.8,0.4695121951219512,0.3888888888888889,0.25,0.6,158.45698924731184
1178394,2019-04-06,Hyderabad,Rajiv Gandhi International Stadium,Mumbai Indians,Sunrisers Hyderabad,Sunrisers Hyderabad,field,Mumbai Indians,AS Joseph,2019,1,7,13,13,29,1,0.5689655172413793,0.5,0.5555555555555556,0.4,0.4853801169590643,0.5,0.5178571428571429,0.6,161.58823529411765
1178395,2019-04-07,Bengaluru,M.Chinnaswamy Stadium,Royal Challengers Bengaluru,Delhi Capitals,Delhi Capitals,field,Delhi Capitals,K Rabada,2019,0,12,1,1,18,1,0.46706586826347307,0.6842105263157895,0.5,0.0,0.41975308641975306,0.3157894736842105,0.0,0.4,179.42857142857142
1178396,2019-04-07,Jaipur,Sawai Mansingh Stadium,Rajasthan Royals,Kolkata Knight Riders,Kolkata Knight Riders,field,Kolkata Knight Riders,HF Gurney,2019,0,10,5,5,32,1,0.518796992481203,0.4375,0.7142857142857143,0.2,0.5393939393939394,0.5625,0.4,0.8,161.11363636363637
1178397,2019-04-08,Chandigarh,Punjab Cricket Association IS Bindra Stadium,Sunrisers Hyderabad,Punjab Kings,Punjab Kings,field,Punjab Kings,KL Rahul,2019,0,13,9,9,27,1,0.48255813953488375,0.5454545454545454,0.6666666666666666,0.6,0.4666666666666667,0.45454545454545453,0.5625,0.6,170.71153846153845
1178398,2019-04-09,Chennai,MA Chidambaram Stadium,Kolkata Knight Riders,Chennai Super Kings,Chennai Super Kings,field,Chennai Super Kings,DL Chahar,2019,0,5,0,0,19,1,0.5421686746987951,0.3888888888888889,0.25,0.8,0.6225165562913907,0.6111111111111112,0.74,0.8,158.45698924731184
1178399,2019-04-10,Mumbai,Wankhede Stadium,Punjab Kings,Mumbai Indians,Mumbai Indians,field,Mumbai Indians,KA Pollard,2019,0,9,7,7,40,1,0.46987951807228917,0.4782608695652174,0.5,0.6,0.5714285714285714,0.5217391304347826,0.6129032258064516,0.6,166.984496124031
1178400,2019-04-11,Jaipur,Sawai Mansingh Stadium,Rajasthan Royals,Chennai Super Kings,Chennai Super Kings,field,Chennai Super Kings,MS Dhoni,2019,0,10,0,0,32,1,0.5149253731343284,0.35,0.6976744186046512,0.2,0.625,0.65,0.4,0.8,161.11363636363637
1178401,2019-04-12,Kolkata,Eden Gardens,Kolkata Knight Riders,Delhi Capitals,Delhi Capitals,field,Delhi Capitals,S Dhawan,2019,0,5,1,1,10,1,0.5389221556886228,0.6190476190476191,0.6376811594202898,0.8,0.4233128834355828,0.38095238095238093,0.125,0.4,162.16666666666666
1178402,2019-04-13,Mumbai,Wankhede Stadium,Mumbai Indians,Rajasthan Royals,Rajasthan Royals,field,Rajasthan Royals,JC Buttler,2019,0,7,10,10,40,1,0.5738636363636364,0.5555555555555556,0.6190476190476191,0.8,0.5111111111111111,0.4444444444444444,0.42857142857142855,0.2,166.984496124031
1178403,2019-04-13,Chandigarh,Punjab Cricket Association IS Bindra Stadium,Punjab Kings,Royal Challengers Bengaluru,Royal Challengers Bengaluru,field,Royal Challengers Bengaluru,AB de Villiers,2019,0,9,12,12,27,1,0.46706586826347307,0.5454545454545454,0.5882352941176471,0.6,0.4642857142857143,0.45454545454545453,1.0,0.0,170.71153846153845
1178404,2019-04-14,Kolkata,Eden Gardens,Kolkata Knight Riders,Chennai Super Kings,Chennai Super Kings,field,Chennai Super Kings,Imran Tahir,2019,0,5,0,0,10,1,0.5357142857142857,0.3684210526315789,0.6285714285714286,0.6,0.6274509803921569,0.631578947368421,0.4,0.8,162.16666666666666
1178405,2019-04-14,Hyderabad,Rajiv Gandhi International Stadium,Delhi Capitals,Sunrisers Hyderabad,Sunrisers Hyderabad,field,Delhi Capitals,KMA Paul,2019,1,1,13,13,29,1,0.4268292682926829,0.4583333333333333,0.5714285714285714,0.4,0.4797687861271676,0.5416666666666666,0.5087719298245614,0.6,161.58823529411765
1178406,2019-04-15,Mumbai,Wankhede Stadium,Royal Challengers Bengaluru,Mumbai Indians,Mumbai Indians,field,Mumbai Indians,SL Malinga,2019,0,12,7,7,40,1,0.46745562130177515,0.375,0.3333333333333333,0.2,0.5706214689265536,0.625,0.609375,0.6,166.984496124031
1178407,2019-04-16,Chandigarh,Punjab Cricket Association IS Bindra Stadium,Punjab Kings,Rajasthan Royals,Rajasthan Royals,field,Punjab Kings,R Ashwin,2019,1,9,10,10,27,1,0.4642857142857143,0.4117647058823529,0.5555555555555556,0.4,0.5147058823529411,0.5882352941176471,0.5,0.4,170.71153846153845
1178408,2019-04-17,Hyderabad,Rajiv Gandhi International Stadium,Chennai Super Kings,Sunrisers Hyderabad,Chennai Super Kings,bat,Sunrisers Hyderabad,DA Warner,2019,0,0,13,0,29,0,0.6298701298701299,0.7,0.75,0.8,0.47701149425287354,0.3,0.5,0.4,161.58823529411765
1178409,2019-04-18,Delhi,Arun Jaitley Stadium,Mumbai Indians,Delhi Capitals,Mumbai Indians,bat,Mumbai Indians,HH Pandya,2019,1,7,1,7,0,0,0.5730337078651685,0.4782608695652174,0.0,0.8,0.4303030303030303,0.5217391304347826,0.4444444444444444,0.6,179.7051282051282
1178410,2019-04-19,Kolkata,Eden Gardens,Royal Challengers Bengaluru,Kolkata Knight Riders,Kolkata Knight Riders,field,Royal Challengers Bengaluru,V Kohli,2019,1,12,5,5,10,1,0.4647058823529412,0.391304347826087,0.3333333333333333,0.2,0.5325443786982249,0.6086956521739131,0.6197183098591549,0.4,162.16666666666666
1178412,2019-04-20,Delhi,Arun Jaitley Stadium,Punjab Kings,Delhi Capitals,Delhi Capitals,field,Delhi Capitals,SS Iyer,2019,0,9,1,1,0,1,0.46745562130177515,0.6086956521739131,1.0,0.4,0.42771084337349397,0.391304347826087,0.4,0.6,179.7051282051282
1178411,2019-04-20,Jaipur,Sawai Mansingh Stadium,Mumbai Indians,Rajasthan Royals,Rajasthan Royals,field,Rajasthan Royals,SPD Smith,2019,0,7,10,10,32,1,0.5754189944134078,0.5263157894736842,0.3333333333333333,0.8,0.5109489051094891,0.47368421052631576,0.6818181818181818,0.4,161.11363636363637
1178414,2019-04-21,Bengaluru,M.Chinnaswamy Stadium,Royal Challengers Bengaluru,Chennai Super Kings,Chennai Super Kings,field,Royal Challengers Bengaluru,PA Patel,2019,1,12,0,0,18,1,0.4678362573099415,0.3181818181818182,0.45454545454545453,0.4,0.6258064516129033,0.6818181818181818,1.0,0.8,179.42857142857142
1178413,2019-04-21,Hyderabad,Rajiv Gandhi International Stadium,Kolkata Knight Riders,Sunrisers Hyderabad,Sunrisers Hyderabad,field,Sunrisers Hyderabad,KK Ahmed,2019,0,5,13,13,29,1,0.5294117647058824,0.68,0.7142857142857143,0.2,0.48,0.32,0.5084745762711864,0.4,161.58823529411765
1178415,2019-04-22,Jaipur,Sawai Mansingh Stadium,Rajasthan Royals,Delhi Capitals,Delhi Capitals,field,Delhi Capitals,RR Pant,2019,0,10,1,1,32,1,0.5144927536231884,0.6111111111111112,0.6888888888888889,0.4,0.4311377245508982,0.3888888888888889,0.2,0.8,161.11363636363637
1178416,2019-04-23,Chennai,MA Chidambaram Stadium,Sunrisers Hyderabad,Chennai Super Kings,Chennai Super Kings,field,Chennai Super Kings,SR Watson,2019,0,13,0,0,19,1,0.48295454545454547,0.3333333333333333,0.3333333333333333,0.4,0.6217948717948718,0.6666666666666666,0.7450980392156863,0.6,158.45698924731184
1178417,2019-04-24,Bengaluru,M.Chinnaswamy Stadium,Royal Challengers Bengaluru,Punjab Kings,Punjab Kings,field,Royal Challengers Bengaluru,AB de Villiers,2019,1,12,9,9,18,1,0.47093023255813954,0.4782608695652174,0.5,0.6,0.4647058823529412,0.5217391304347826,0.0,0.4,179.42857142857142
1178418,2019-04-25,Kolkata,Eden Gardens,Kolkata Knight Riders,Rajasthan Royals,Rajasthan Royals,field,Rajasthan Royals,VR Aaron,2019,0,5,10,10,10,1,0.5263157894736842,0.5882352941176471,0.6111111111111112,0.0,0.5107913669064749,0.4117647058823529,0.125,0.4,162.16666666666666
1178419,2019-04-26,Chennai,MA Chidambaram Stadium,Mumbai Indians,Chennai Super Kings,Chennai Super Kings,field,Mumbai Indians,RG Sharma,2019,1,7,0,0,19,1,0.5722222222222222,0.56,0.5,0.6,0.6242038216560509,0.44,0.75,0.6,158.45698924731184
1178420,2019-04-27,Jaipur,Sawai Mansingh Stadium,Sunrisers Hyderabad,Rajasthan Royals,Rajasthan Royals,field,Rajasthan Royals,JD Unadkat,2019,0,13,10,10,32,1,0.480225988700565,0.42105263157894735,0.25,0.4,0.5142857142857142,0.5789473684210527,0.6739130434782609,0.6,161.11363636363637
1178421,2019-04-28,Delhi,Arun Jaitley Stadium,Delhi Capitals,Royal Challengers Bengaluru,Delhi Capitals,bat,Delhi Capitals,S Dhawan,2019,1,1,12,1,0,0,0.43452380952380953,0.35,0.45454545454545453,0.8,0.47398843930635837,0.65,1.0,0.8,179.7051282051282
1178422,2019-04-28,Kolkata,Eden Gardens,Kolkata Knight Riders,Mumbai Indians,Mumbai Indians,field,Kolkata Knight Riders,AD Russell,2019,1,5,7,7,10,1,0.5232558139534884,0.21739130434782608,0.6027397260273972,0.0,0.574585635359116,0.782608695652174,0.8333333333333334,0.6,162.16666666666666
1178423,2019-04-29,Hyderabad,Rajiv Gandhi International Stadium,Sunrisers Hyderabad,Punjab Kings,Punjab Kings,field,Sunrisers Hyderabad,DA Warner,2019,1,13,9,9,29,1,0.47752808988764045,0.5217391304347826,0.5166666666666667,0.4,0.4619883040935672,0.4782608695652174,0.4444444444444444,0.2,161.58823529411765
1178425,2019-05-01,Chennai,MA Chidambaram Stadium,Chennai Super Kings,Delhi Capitals,Delhi Capitals,field,Chennai Super Kings,MS Dhoni,2019,1,0,1,1,19,1,0.620253164556962,0.6842105263157895,0.7358490566037735,0.4,0.4378698224852071,0.3157894736842105,0.2857142857142857,0.8,158.45698924731184
1178427,2019-05-03,Chandigarh,Punjab Cricket Association IS Bindra Stadium,Punjab Kings,Kolkata Knight Riders,Kolkata Knight Riders,field,Kolkata Knight Riders,Shubman Gill,2019,0,9,5,5,27,1,0.45930232558139533,0.3333333333333333,0.5789473684210527,0.2,0.5260115606936416,0.6666666666666666,0.5,0.2,170.71153846153845
1178428,2019-05-04,Delhi,Arun Jaitley Stadium,Rajasthan Royals,Delhi Capitals,Rajasthan Royals,bat,Delhi Capitals,A Mishra,2019,0,10,1,10,0,0,0.5177304964539007,0.5789473684210527,0.0,0.6,0.43529411764705883,0.42105263157894735,0.5,0.6,179.7051282051282
1178429,2019-05-04,Bengaluru,M.Chinnaswamy Stadium,Sunrisers Hyderabad,Royal Challengers Bengaluru,Royal Challengers Bengaluru,field,Royal Challengers Bengaluru,SO Hetmyer,2019,0,13,12,12,18,1,0.48044692737430167,0.5652173913043478,0.0,0.6,0.47126436781609193,0.43478260869565216,0.5384615384615384,0.6,179.42857142857142
1178430,2019-05-05,Chandigarh,Punjab Cricket Association IS Bindra Stadium,Chennai Super Kings,Punjab Kings,Punjab Kings,field,Punjab Kings,KL Rahul,2019,0,0,9,9,27,1,0.6226415094339622,0.631578947368421,0.0,0.4,0.45664739884393063,0.3684210526315789,0.55,0.2,170.71153846153845
1178431,2019-05-05,Mumbai,Wankhede Stadium,Kolkata Knight Riders,Mumbai Indians,Mumbai Indians,field,Mumbai Indians,HH Pandya,2019,0,5,7,7,40,1,0.5287356321839081,0.25,0.125,0.4,0.5714285714285714,0.75,0.6153846153846154,0.6,166.984496124031
1181764,2019-05-07,Chennai,MA Chidambaram Stadium,Chennai Super Kings,Mumbai Indians,Chennai Super Kings,bat,Mumbai Indians,SA Yadav,2019,0,0,7,0,19,0,0.61875,0.4230769230769231,0.7407407407407407,0.4,0.5737704918032787,0.5769230769230769,0.5714285714285714,0.6,158.45698924731184
1181766,2019-05-08,Visakhapatnam,Dr. Y.S. Rajasekhara Reddy ACA-VDCA Cricket Stadium,Sunrisers Hyderabad,Delhi Capitals,Delhi Capitals,field,Delhi Capitals,RR Pant,2019,0,13,1,1,8,1,0.4777777777777778,0.52,0.42857142857142855,0.4,0.43859649122807015,0.48,0.3333333333333333,0.8,155.73529411764707
1181767,2019-05-10,Visakhapatnam,Dr. Y.S. Rajasekhara Reddy ACA-VDCA Cricket Stadium,Delhi Capitals,Chennai Super Kings,Chennai Super Kings,field,Chennai Super Kings,F du Plessis,2019,0,1,0,0,8,1,0.4418604651162791,0.3,0.5,0.8,0.6149068322981367,0.7,1.0,0.4,155.73529411764707
1181768,2019-05-12,Hyderabad,Rajiv Gandhi International Stadium,Mumbai Indians,Chennai Super Kings,Mumbai Indians,bat,Mumbai Indians,JJ Bumrah,2019,1,7,0,7,29,0,0.5760869565217391,0.5925925925925926,0.6,0.6,0.6172839506172839,0.4074074074074074,0.6,0.4,161.58823529411765
1216492,2020-09-19,Abu Dhabi,Sheikh Zayed Stadium,Mumbai Indians,Chennai Super Kings,Chennai Super Kings,field,Chennai Super Kings,AT Rayudu,2020,0,7,0,0,35,1,0.5783783783783784,0.6071428571428571,0.0,0.8,0.6134969325153374,0.39285714285714285,0.5,0.4,151.85185185185185
1216534,2020-09-21,Dubai,Dubai International Cricket Stadium,Royal Challengers Bengaluru,Sunrisers Hyderabad,Sunrisers Hyderabad,field,Royal Challengers Bengaluru,YS Chahal,2020,1,12,13,13,9,1,0.4742857142857143,0.4583333333333333,0.5,0.8,0.47513812154696133,0.5416666666666666,1.0,0.2,154.91860465116278
1216496,2020-09-22,Sharjah,Sharjah Cricket Stadium,Rajasthan Royals,Chennai Super Kings,Chennai Super Kings,field,Rajasthan Royals,SV Samson,2020,1,10,0,0,34,1,0.5140845070422535,0.3333333333333333,0.0,0.6,0.6158536585365854,0.6666666666666666,1.0,0.4,153.26785714285714
1216508,2020-09-23,Abu Dhabi,Sheikh Zayed Stadium,Mumbai Indians,Kolkata Knight Riders,Kolkata Knight Riders,field,Mumbai Indians,RG Sharma,2020,1,7,5,5,35,1,0.5752688172043011,0.76,0.0,0.6,0.5257142857142857,0.24,0.5,0.4,151.85185185185185
1216510,2020-09-24,Dubai,Dubai International Cricket Stadium,Punjab Kings,Royal Challengers Bengaluru,Royal Challengers Bengaluru,field,Punjab Kings,KL Rahul,2020,1,9,12,12,9,1,0.45977011494252873,0.5,1.0,0.2,0.4772727272727273,0.5,0.6666666666666666,0.8,154.91860465116278
1216539,2020-09-25,Dubai,Dubai International Cricket Stadium,Delhi Capitals,Chennai Super Kings,Chennai Super Kings,field,Delhi Capitals,PP Shaw,2020,1,1,0,0,9,1,0.4393063583815029,0.2857142857142857,0.5,0.6,0.6121212121212121,0.7142857142857143,1.0,0.4,154.91860465116278
1216545,2020-09-26,Abu Dhabi,Sheikh Zayed Stadium,Sunrisers Hyderabad,Kolkata Knight Riders,Sunrisers Hyderabad,bat,Kolkata Knight Riders,Shubman Gill,2020,0,13,5,13,35,0,0.4725274725274725,0.34615384615384615,0.0,0.2,0.5227272727272727,0.6538461538461539,0.3333333333333333,0.4,151.85185185185185
1216527,2020-09-27,Sharjah,Sharjah Cricket Stadium,Punjab Kings,Rajasthan Royals,Rajasthan Royals,field,Rajasthan Royals,SV Samson,2020,0,9,10,10,34,1,0.46285714285714286,0.4444444444444444,1.0,0.4,0.5174825174825175,0.5555555555555556,0.5,0.6,153.26785714285714
1216532,2020-09-29,Abu Dhabi,Sheikh Zayed Stadium,Sunrisers Hyderabad,Delhi Capitals,Delhi Capitals,field,Sunrisers Hyderabad,Rashid Khan,2020,1,13,1,1,35,1,0.46994535519125685,0.5,0.0,0.2,0.4425287356321839,0.5,0.0,0.6,151.85185185185185
1216504,2020-09-30,Dubai,Dubai International Cricket Stadium,Kolkata Knight Riders,Rajasthan Royals,Rajasthan Royals,field,Kolkata Knight Riders,Shivam Mavi,2020,1,5,10,10,9,1,0.5254237288135594,0.5555555555555556,0.0,0.6,0.5208333333333334,0.4444444444444444,0.0,0.8,154.91860465116278
1216503,2020-10-01,Abu Dhabi,Sheikh Zayed Stadium,Mumbai Indians,Punjab Kings,Punjab Kings,field,Mumbai Indians,KA Pollard,2020,1,7,9,9,35,1,0.5775401069518716,0.5416666666666666,0.3333333333333333,0.8,0.4602272727272727,0.4583333333333333,1.0,0.4,151.85185185185185
1216516,2020-10-02,Dubai,Dubai International Cricket Stadium,Sunrisers Hyderabad,Chennai Super Kings,Sunrisers Hyderabad,bat,Sunrisers Hyderabad,PK Garg,2020,1,13,0,13,9,0,0.47282608695652173,0.3181818181818182,0.6666666666666666,0.2,0.608433734939759,0.6818181818181818,0.6666666666666666,0.4,154.91860465116278
1216515,2020-10-03,Sharjah,Sharjah Cricket Stadium,Delhi Capitals,Kolkata Knight Riders,Kolkata Knight Riders,field,Delhi Capitals,SS Iyer,2020,1,1,5,5,34,1,0.44,0.4090909090909091,0.5,0.6,0.5280898876404494,0.5909090909090909,1.0,0.6,153.26785714285714
1216514,2020-10-03,Abu Dhabi,Sheikh Zayed Stadium,Rajasthan Royals,Royal Challengers Bengaluru,Rajasthan Royals,bat,Royal Challengers Bengaluru,YS Chahal,2020,0,10,12,10,35,0,0.5172413793103449,0.5555555555555556,1.0,0.6,0.4745762711864407,0.4444444444444444,0.0,0.6,151.85185185185185
1216513,2020-10-04,Dubai,Dubai International Cricket Stadium,Punjab Kings,Chennai Super Kings,Punjab Kings,bat,Chennai Super Kings,SR Watson,2020,0,9,0,9,9,0,0.4576271186440678,0.4,1.0,0.4,0.6047904191616766,0.6,0.5,0.2,154.91860465116278
1216538,2020-10-04,Sharjah,Sharjah Cricket Stadium,Mumbai Indians,Sunrisers Hyderabad,Mumbai Indians,bat,Mumbai Indians,TA Boult,2020,1,7,13,7,34,0,0.5797872340425532,0.5217391304347826,0.0,0.8,0.4756756756756757,0.4782608695652174,0.0,0.4,153.26785714285714
1216519,2020-10-05,Dubai,Dubai International Cricket Stadium,Delhi Capitals,Royal Challengers Bengaluru,Royal Challengers Bengaluru,field,Delhi Capitals,AR Patel,2020,1,1,12,12,9,1,0.4431818181818182,0.38095238095238093,0.6666666666666666,0.6,0.47752808988764045,0.6190476190476191,0.5,0.6,154.91860465116278
1216511,2020-10-06,Abu Dhabi,Sheikh Zayed Stadium,Mumbai Indians,Rajasthan Royals,Mumbai Indians,bat,Mumbai Indians,SA Yadav,2020,1,7,10,7,35,0,0.582010582010582,0.5,0.5,0.8,0.5136986301369864,0.5,0.6666666666666666,0.4,151.85185185185185
1216501,2020-10-07,Abu Dhabi,Sheikh Zayed Stadium,Kolkata Knight Riders,Chennai Super Kings,Kolkata Knight Riders,bat,Kolkata Knight Riders,RA Tripathi,2020,1,5,0,5,35,0,0.5251396648044693,0.35,0.5,0.4,0.6071428571428571,0.65,0.6666666666666666,0.4,151.85185185185185
1216542,2020-10-08,Dubai,Dubai International Cricket Stadium,Sunrisers Hyderabad,Punjab Kings,Sunrisers Hyderabad,bat,Sunrisers Hyderabad,JM Bairstow,2020,1,13,9,13,9,0,0.4731182795698925,0.5416666666666666,0.75,0.4,0.4550561797752809,0.4583333333333333,0.6666666666666666,0.4,154.91860465116278
1216500,2020-10-09,Sharjah,Sharjah Cricket Stadium,Delhi Capitals,Rajasthan Royals,Rajasthan Royals,field,Delhi Capitals,R Ashwin,2020,1,1,10,10,34,1,0.4463276836158192,0.45,0.6666666666666666,0.6,0.5102040816326531,0.55,0.6666666666666666,0.4,153.26785714285714
1216525,2020-10-10,Dubai,Dubai International Cricket Stadium,Royal Challengers Bengaluru,Chennai Super Kings,Royal Challengers Bengaluru,bat,Royal Challengers Bengaluru,V Kohli,2020,1,12,0,12,9,0,0.4748603351955307,0.34782608695652173,0.4,0.6,0.6035502958579881,0.6521739130434783,0.6,0.2,154.91860465116278
1216523,2020-10-10,Abu Dhabi,Sheikh Zayed Stadium,Kolkata Knight Riders,Punjab Kings,Kolkata Knight Riders,bat,Kolkata Knight Riders,KD Karthik,2020,1,5,9,5,35,0,0.5277777777777778,0.68,0.6,0.6,0.45251396648044695,0.32,0.6666666666666666,0.2,151.85185185185185
1216507,2020-10-11,Dubai,Dubai International Cricket Stadium,Sunrisers Hyderabad,Rajasthan Royals,Sunrisers Hyderabad,bat,Rajasthan Royals,R Tewatia,2020,0,13,10,13,9,0,0.47593582887700536,0.4,0.8,0.6,0.5067567567567568,0.6,0.0,0.2,154.91860465116278
1216529,2020-10-11,Abu Dhabi,Sheikh Zayed Stadium,Delhi Capitals,Mumbai Indians,Delhi Capitals,bat,Mumbai Indians,Q de Kock,2020,0,1,7,1,35,0,0.449438202247191,0.5,0.0,0.8,0.5842105263157895,0.5,0.6,0.8,151.85185185185185
1216540,2020-10-12,Sharjah,Sharjah Cricket Stadium,Royal Challengers Bengaluru,Kolkata Knight Riders,Royal Challengers Bengaluru,bat,Royal Challengers Bengaluru,AB de Villiers,2020,1,12,5,12,34,0,0.4777777777777778,0.4166666666666667,0.5,0.6,0.5303867403314917,0.5833333333333334,0.5,0.8,153.26785714285714
1216528,2020-10-13,Dubai,Dubai International Cricket Stadium,Chennai Super Kings,Sunrisers Hyderabad,Chennai Super Kings,bat,Chennai Super Kings,RA Jadeja,2020,1,0,13,0,9,0,0.6,0.6521739130434783,0.5,0.2,0.4734042553191489,0.34782608695652173,0.6666666666666666,0.6,154.91860465116278
1216543,2020-10-14,Dubai,Dubai International Cricket Stadium,Delhi Capitals,Rajasthan Royals,Delhi Capitals,bat,Delhi Capitals,A Nortje,2020,1,1,10,1,9,0,0.44692737430167595,0.47619047619047616,0.75,0.6,0.5100671140939598,0.5238095238095238,0.3333333333333333,0.2,154.91860465116278
1216531,2020-10-15,Sharjah,Sharjah Cricket Stadium,Royal Challengers Bengaluru,Punjab Kings,Royal Challengers Bengaluru,bat,Punjab Kings,KL Rahul,2020,0,12,9,12,34,0,0.48066298342541436,0.48,0.6666666666666666,0.6,0.45,0.52,0.6666666666666666,0.0,153.26785714285714
1216526,2020-10-16,Abu Dhabi,Sheikh Zayed Stadium,Kolkata Knight Riders,Mumbai Indians,Kolkata Knight Riders,bat,Mumbai Indians,Q de Kock,2020,0,5,7,5,35,0,0.5274725274725275,0.23076923076923078,0.6666666666666666,0.6,0.5863874345549738,0.7692307692307693,0.6666666666666666,1.0,151.85185185185185
1216522,2020-10-17,Dubai,Dubai International Cricket Stadium,Rajasthan Royals,Royal Challengers Bengaluru,Rajasthan Royals,bat,Royal Challengers Bengaluru,AB de Villiers,2020,0,10,12,10,9,0,0.5066666666666667,0.5263157894736842,0.25,0.2,0.47802197802197804,0.47368421052631576,0.5,0.6,154.91860465116278
1216509,2020-10-17,Sharjah,Sharjah Cricket Stadium,Chennai Super Kings,Delhi Capitals,Chennai Super Kings,bat,Delhi Capitals,S Dhawan,2020,0,0,1,0,34,0,0.6023391812865497,0.6818181818181818,0.5,0.4,0.45,0.3181818181818182,0.75,0.8,153.26785714285714
1216533,2020-10-19,Abu Dhabi,Sheikh Zayed Stadium,Chennai Super Kings,Rajasthan Royals,Chennai Super Kings,bat,Rajasthan Royals,JC Buttler,2020,0,0,10,0,35,0,0.5988372093023255,0.6363636363636364,0.5,0.4,0.5033112582781457,0.36363636363636365,0.5,0.2,151.85185185185185
1216546,2020-10-20,Dubai,Dubai International Cricket Stadium,Delhi Capitals,Punjab Kings,Delhi Capitals,bat,Punjab Kings,S Dhawan,2020,0,1,9,1,9,0,0.4530386740331492,0.4166666666666667,0.8,0.8,0.4530386740331492,0.5833333333333334,0.5,0.2,154.91860465116278
1216494,2020-10-21,Abu Dhabi,Sheikh Zayed Stadium,Kolkata Knight Riders,Royal Challengers Bengaluru,Kolkata Knight Riders,bat,Royal Challengers Bengaluru,Mohammed Siraj,2020,0,5,12,5,35,0,0.5245901639344263,0.56,0.5714285714285714,0.4,0.4808743169398907,0.44,0.5,0.6,151.85185185185185
1216518,2020-10-22,Dubai,Dubai International Cricket Stadium,Rajasthan Royals,Sunrisers Hyderabad,Sunrisers Hyderabad,field,Sunrisers Hyderabad,MK Pandey,2020,0,10,13,13,9,1,0.506578947368421,0.6190476190476191,0.2,0.4,0.4708994708994709,0.38095238095238093,0.5714285714285714,0.4,154.91860465116278
1216521,2020-10-23,Sharjah,Sharjah Cricket Stadium,Chennai Super Kings,Mumbai Indians,Mumbai Indians,field,Mumbai Indians,TA Boult,2020,0,0,7,7,34,1,0.5953757225433526,0.41379310344827586,0.3333333333333333,0.2,0.5885416666666666,0.5862068965517241,0.5,1.0,153.26785714285714
1216498,2020-10-24,Dubai,Dubai International Cricket Stadium,Punjab Kings,Sunrisers Hyderabad,Sunrisers Hyderabad,field,Punjab Kings,CJ Jordan,2020,1,9,13,13,9,1,0.45604395604395603,0.44,0.6,0.4,0.47368421052631576,0.56,0.625,0.4,154.91860465116278
1216497,2020-10-24,Abu Dhabi,Sheikh Zayed Stadium,Kolkata Knight Riders,Delhi Capitals,Delhi Capitals,field,Kolkata Knight Riders,CV Varun,2020,1,5,1,1,35,1,0.5217391304347826,0.5652173913043478,0.5,0.4,0.45054945054945056,0.43478260869565216,0.0,0.6,151.85185185185185
1216544,2020-10-25,Dubai,Dubai International Cricket Stadium,Royal Challengers Bengaluru,Chennai Super Kings,Royal Challengers Bengaluru,bat,Chennai Super Kings,RD Gaikwad,2020,0,12,0,12,9,0,0.483695652173913,0.375,0.5714285714285714,0.8,0.5919540229885057,0.625,0.5714285714285714,0.2,154.91860465116278
1216541,2020-10-25,Abu Dhabi,Sheikh Zayed Stadium,Mumbai Indians,Rajasthan Royals,Mumbai Indians,bat,Rajasthan Royals,BA Stokes,2020,0,7,10,7,35,0,0.5906735751295337,0.5238095238095238,0.7142857142857143,1.0,0.5032679738562091,0.47619047619047616,0.6,0.4,151.85185185185185
1216520,2020-10-26,Sharjah,Sharjah Cricket Stadium,Kolkata Knight Riders,Punjab Kings,Punjab Kings,field,Punjab Kings,CH Gayle,2020,0,5,9,9,34,1,0.5243243243243243,0.6923076923076923,0.3333333333333333,0.4,0.45901639344262296,0.3076923076923077,0.75,0.6,153.26785714285714
1216524,2020-10-27,Dubai,Dubai International Cricket Stadium,Sunrisers Hyderabad,Delhi Capitals,Delhi Capitals,field,Sunrisers Hyderabad,WP Saha,2020,1,13,1,1,9,1,0.4712041884816754,0.5185185185185185,0.5555555555555556,0.4,0.44808743169398907,0.48148148148148145,0.6666666666666666,0.4,154.91860465116278
1216499,2020-10-28,Abu Dhabi,Sheikh Zayed Stadium,Royal Challengers Bengaluru,Mumbai Indians,Mumbai Indians,field,Mumbai Indians,SA Yadav,2020,0,12,7,7,35,1,0.4810810810810811,0.36,0.6666666666666666,0.6,0.5876288659793815,0.64,0.625,0.8,151.85185185185185
1216536,2020-10-29,Dubai,Dubai International Cricket Stadium,Kolkata Knight Riders,Chennai Super Kings,Chennai Super Kings,field,Chennai Super Kings,RD Gaikwad,2020,0,5,0,0,9,1,0.521505376344086,0.38095238095238093,0.5,0.2,0.5942857142857143,0.6190476190476191,0.625,0.4,154.91860465116278
1216537,2020-10-30,Abu Dhabi,Sheikh Zayed Stadium,Punjab Kings,Rajasthan Royals,Rajasthan Royals,field,Rajasthan Royals,BA Stokes,2020,0,9,10,10,35,1,0.46195652173913043,0.42105263157894735,0.5,0.8,0.5064935064935064,0.5789473684210527,0.6666666666666666,0.4,151.85185185185185
1216502,2020-10-31,Sharjah,Sharjah Cricket Stadium,Royal Challengers Bengaluru,Sunrisers Hyderabad,Sunrisers Hyderabad,field,Sunrisers Hyderabad,Sandeep Sharma,2020,0,12,13,13,34,1,0.478494623655914,0.48,0.5,0.4,0.4739583333333333,0.52,0.0,0.4,153.26785714285714
1216535,2020-10-31,Dubai,Dubai International Cricket Stadium,Delhi Capitals,Mumbai Indians,Mumbai Indians,field,Mumbai Indians,Ishan Kishan,2020,0,1,7,7,9,1,0.44565217391304346,0.48,0.5714285714285714,0.4,0.5897435897435898,0.52,0.0,0.8,154.91860465116278
1216530,2020-11-01,Dubai,Dubai International Cricket Stadium,Kolkata Knight Riders,Rajasthan Royals,Rajasthan Royals,field,Kolkata Knight Riders,PJ Cummins,2020,1,5,10,10,9,1,0.5187165775401069,0.5789473684210527,0.3333333333333333,0.2,0.5096774193548387,0.42105263157894735,0.16666666666666666,0.6,154.91860465116278
1216506,2020-11-01,Abu Dhabi,Sheikh Zayed Stadium,Punjab Kings,Chennai Super Kings,Chennai Super Kings,field,Chennai Super Kings,RD Gaikwad,2020,0,9,0,0,35,1,0.4594594594594595,0.38095238095238093,0.4,0.8,0.5965909090909091,0.6190476190476191,0.4,0.4,151.85185185185185
1216505,2020-11-02,Abu Dhabi,Sheikh Zayed Stadium,Royal Challengers Bengaluru,Delhi Capitals,Delhi Capitals,field,Delhi Capitals,A Nortje,2020,0,12,1,1,35,1,0.47593582887700536,0.5909090909090909,0.5,0.4,0.44324324324324327,0.4090909090909091,0.0,0.2,151.85185185185185
1216495,2020-11-03,Sharjah,Sharjah Cricket Stadium,Mumbai Indians,Sunrisers Hyderabad,Sunrisers Hyderabad,field,Sunrisers Hyderabad,S Nadeem,2020,0,7,13,13,34,1,0.5918367346938775,0.5416666666666666,0.6666666666666666,0.8,0.47668393782383417,0.4583333333333333,0.25,0.6,153.26785714285714
1237177,2020-11-05,Dubai,Dubai International Cricket Stadium,Mumbai Indians,Delhi Capitals,Delhi Capitals,field,Mumbai Indians,JJ Bumrah,2020,1,7,1,1,9,1,0.5888324873096447,0.5384615384615384,0.25,0.6,0.44623655913978494,0.46153846153846156,0.5,0.2,154.91860465116278
1237178,2020-11-06,Abu Dhabi,Sheikh Zayed Stadium,Royal Challengers Bengaluru,Sunrisers Hyderabad,Sunrisers Hyderabad,field,Sunrisers Hyderabad,KS Williamson,2020,0,12,13,13,35,1,0.4734042553191489,0.46153846153846156,0.4,0.2,0.4793814432989691,0.5384615384615384,0.3333333333333333,0.8,151.85185185185185
1237180,2020-11-08,Abu Dhabi,Sheikh Zayed Stadium,Delhi Capitals,Sunrisers Hyderabad,Delhi Capitals,bat,Delhi Capitals,MP Stoinis,2020,1,1,13,1,35,0,0.44385026737967914,0.4642857142857143,0.2,0.2,0.48205128205128206,0.5357142857142857,0.5,0.8,151.85185185185185
1237181,2020-11-10,Dubai,Dubai International Cricket Stadium,Delhi Capitals,Mumbai Indians,Delhi Capitals,bat,Mumbai Indians,TA Boult,2020,0,1,7,1,9,0,0.44680851063829785,0.4444444444444444,0.4444444444444444,0.4,0.5909090909090909,0.5555555555555556,0.4,0.6,154.91860465116278
1254058,2021-04-09,Chennai,MA Chidambaram Stadium,Mumbai Indians,Royal Challengers Bengaluru,Royal Challengers Bengaluru,field,Royal Challengers Bengaluru,HV Patel,2021,0,7,12,12,19,1,0.592964824120603,0.6538461538461539,0.625,0.8,0.4708994708994709,0.34615384615384615,0.2222222222222222,0.0,158.45698924731184
1254059,2021-04-10,Mumbai,Wankhede Stadium,Chennai Super Kings,Delhi Capitals,Delhi Capitals,field,Delhi Capitals,S Dhawan,2021,0,0,1,1,40,1,0.5988700564971752,0.6521739130434783,0.5,0.6,0.4444444444444444,0.34782608695652173,0.3333333333333333,0.4,166.984496124031
1254060,2021-04-11,Chennai,MA Chidambaram Stadium,Kolkata Knight Riders,Sunrisers Hyderabad,Sunrisers Hyderabad,field,Kolkata Knight Riders,N Rana,2021,1,5,13,13,19,1,0.5212765957446809,0.6666666666666666,0.2222222222222222,0.4,0.47959183673469385,0.3333333333333333,0.2857142857142857,0.8,158.45698924731184
1254061,2021-04-12,Mumbai,Wankhede Stadium,Punjab Kings,Rajasthan Royals,Rajasthan Royals,field,Punjab Kings,SV Samson,2021,1,9,10,10,40,1,0.45698924731182794,0.4,0.45454545454545453,0.6,0.5064102564102564,0.6,0.5,0.6,166.984496124031
1254062,2021-04-13,Chennai,MA Chidambaram Stadium,Mumbai Indians,Kolkata Knight Riders,Kolkata Knight Riders,field,Mumbai Indians,RD Chahar,2021,1,7,5,5,19,1,0.59,0.7777777777777778,0.5555555555555556,0.6,0.5238095238095238,0.2222222222222222,0.3,0.6,158.45698924731184
1254063,2021-04-14,Chennai,MA Chidambaram Stadium,Royal Challengers Bengaluru,Sunrisers Hyderabad,Sunrisers Hyderabad,field,Royal Challengers Bengaluru,GJ Maxwell,2021,1,12,13,13,19,1,0.47368421052631576,0.4444444444444444,0.3,0.2,0.47715736040609136,0.5555555555555556,0.25,0.6,158.45698924731184
1254064,2021-04-15,Mumbai,Wankhede Stadium,Delhi Capitals,Rajasthan Royals,Rajasthan Royals,field,Rajasthan Royals,JD Unadkat,2021,0,1,10,10,40,1,0.4473684210526316,0.5,0.4,0.6,0.5031847133757962,0.5,0.4444444444444444,0.4,166.984496124031
1254065,2021-04-16,Mumbai,Wankhede Stadium,Punjab Kings,Chennai Super Kings,Chennai Super Kings,field,Chennai Super Kings,DL Chahar,2021,0,9,0,0,40,1,0.45989304812834225,0.36363636363636365,0.5,0.6,0.5955056179775281,0.6363636363636364,0.4666666666666667,0.6,166.984496124031
1254066,2021-04-17,Chennai,MA Chidambaram Stadium,Mumbai Indians,Sunrisers Hyderabad,Mumbai Indians,bat,Mumbai Indians,KA Pollard,2021,1,7,13,7,19,0,0.5920398009950248,0.52,0.6,0.6,0.47474747474747475,0.48,0.2222222222222222,0.4,158.45698924731184
1254067,2021-04-18,Chennai,MA Chidambaram Stadium,Royal Challengers Bengaluru,Kolkata Knight Riders,Royal Challengers Bengaluru,bat,Royal Challengers Bengaluru,AB de Villiers,2021,1,12,5,12,19,0,0.47643979057591623,0.46153846153846156,0.36363636363636365,0.4,0.5210526315789473,0.5384615384615384,0.2727272727272727,0.4,158.45698924731184
1254068,2021-04-18,Mumbai,Wankhede Stadium,Punjab Kings,Delhi Capitals,Delhi Capitals,field,Delhi Capitals,S Dhawan,2021,0,9,1,1,40,1,0.4574468085106383,0.6,0.46153846153846156,0.4,0.44502617801047123,0.4,0.36363636363636365,0.4,166.984496124031
1254069,2021-04-19,Mumbai,Wankhede Stadium,Chennai Super Kings,Rajasthan Royals,Rajasthan Royals,field,Chennai Super Kings,MM Ali,2021,1,0,10,10,40,1,0.5977653631284916,0.6086956521739131,0.5,0.8,0.5063291139240507,0.391304347826087,0.5,0.6,166.984496124031
1254070,2021-04-20,Chennai,MA Chidambaram Stadium,Mumbai Indians,Delhi Capitals,Mumbai Indians,bat,Delhi Capitals,A Mishra,2021,0,7,1,7,19,0,0.594059405940594,0.5714285714285714,0.6363636363636364,0.8,0.4479166666666667,0.42857142857142855,0.25,0.6,158.45698924731184
1254072,2021-04-21,Mumbai,Wankhede Stadium,Chennai Super Kings,Kolkata Knight Riders,Kolkata Knight Riders,field,Chennai Super Kings,F du Plessis,2021,1,0,5,5,40,1,0.6,0.6363636363636364,0.5294117647058824,0.8,0.518324607329843,0.36363636363636365,0.1111111111111111,0.4,166.984496124031
1254071,2021-04-21,Chennai,MA Chidambaram Stadium,Punjab Kings,Sunrisers Hyderabad,Punjab Kings,bat,Sunrisers Hyderabad,JM Bairstow,2021,0,9,13,9,19,0,0.455026455026455,0.46153846153846156,0.2,0.2,0.4723618090452261,0.5384615384615384,0.2,0.2,158.45698924731184
1254073,2021-04-22,Mumbai,Wankhede Stadium,Rajasthan Royals,Royal Challengers Bengaluru,Royal Challengers Bengaluru,field,Royal Challengers Bengaluru,D Padikkal,2021,0,10,12,12,40,1,0.5031446540880503,0.5,0.45454545454545453,0.4,0.4791666666666667,0.5,0.3,0.6,166.984496124031
1254074,2021-04-23,Chennai,MA Chidambaram Stadium,Mumbai Indians,Punjab Kings,Punjab Kings,field,Punjab Kings,KL Rahul,2021,0,7,9,9,19,1,0.5911330049261084,0.56,0.5833333333333334,0.6,0.45263157894736844,0.44,0.16666666666666666,0.2,158.45698924731184
1254075,2021-04-24,Mumbai,Wankhede Stadium,Kolkata Knight Riders,Rajasthan Royals,Rajasthan Royals,field,Rajasthan Royals,CH Morris,2021,0,5,10,10,40,1,0.515625,0.6,0.1,0.4,0.5,0.4,0.4166666666666667,0.2,166.984496124031
1254076,2021-04-25,Mumbai,Wankhede Stadium,Chennai Super Kings,Royal Challengers Bengaluru,Chennai Super Kings,bat,Chennai Super Kings,RA Jadeja,2021,1,0,12,0,40,0,0.6022099447513812,0.64,0.5555555555555556,0.8,0.48186528497409326,0.36,0.36363636363636365,0.8,166.984496124031
1254078,2021-04-26,Ahmedabad,Narendra Modi Stadium,Punjab Kings,Kolkata Knight Riders,Kolkata Knight Riders,field,Kolkata Knight Riders,EJG Morgan,2021,0,9,5,5,22,1,0.45549738219895286,0.3333333333333333,0.5,0.4,0.5129533678756477,0.6666666666666666,0.5,0.2,177.82432432432432
1254079,2021-04-27,Ahmedabad,Narendra Modi Stadium,Royal Challengers Bengaluru,Delhi Capitals,Delhi Capitals,field,Royal Challengers Bengaluru,AB de Villiers,2021,1,12,1,1,22,1,0.4793814432989691,0.5652173913043478,0.5,0.8,0.45077720207253885,0.43478260869565216,0.5,0.6,177.82432432432432
1254080,2021-04-28,Delhi,Arun Jaitley Stadium,Sunrisers Hyderabad,Chennai Super Kings,Sunrisers Hyderabad,bat,Chennai Super Kings,RD Gaikwad,2021,0,13,0,13,0,0,0.475,0.3333333333333333,1.0,0.2,0.6043956043956044,0.6666666666666666,0.5,0.8,179.7051282051282
1254082,2021-04-29,Ahmedabad,Narendra Modi Stadium,Kolkata Knight Riders,Delhi Capitals,Delhi Capitals,field,Delhi Capitals,PP Shaw,2021,0,5,1,1,22,1,0.5154639175257731,0.5833333333333334,1.0,0.2,0.4484536082474227,0.4166666666666667,0.0,0.6,177.82432432432432
1254081,2021-04-29,Delhi,Arun Jaitley Stadium,Rajasthan Royals,Mumbai Indians,Mumbai Indians,field,Mumbai Indians,Q de Kock,2021,0,10,7,7,0,1,0.5031055900621118,0.5,0.0,0.4,0.5882352941176471,0.5,0.5,0.4,179.7051282051282
1254083,2021-04-30,Ahmedabad,Narendra Modi Stadium,Punjab Kings,Royal Challengers Bengaluru,Royal Challengers Bengaluru,field,Punjab Kings,Harpreet Brar,2021,1,9,12,12,22,1,0.453125,0.5384615384615384,0.0,0.2,0.48205128205128206,0.46153846153846156,1.0,0.8,177.82432432432432
1254084,2021-05-01,Delhi,Arun Jaitley Stadium,Chennai Super Kings,Mumbai Indians,Mumbai Indians,field,Mumbai Indians,KA Pollard,2021,0,0,7,7,0,1,0.6065573770491803,0.4,0.6666666666666666,1.0,0.5902439024390244,0.6,0.6666666666666666,0.6,179.7051282051282
1254085,2021-05-02,Delhi,Arun Jaitley Stadium,Rajasthan Royals,Sunrisers Hyderabad,Sunrisers Hyderabad,field,Rajasthan Royals,JC Buttler,2021,1,10,13,13,0,1,0.5,0.5909090909090909,0.0,0.4,0.472636815920398,0.4090909090909091,0.6666666666666666,0.2,179.7051282051282
1254086,2021-05-02,Ahmedabad,Narendra Modi Stadium,Punjab Kings,Delhi Capitals,Delhi Capitals,field,Delhi Capitals,MA Agarwal,2021,0,9,1,1,22,1,0.45595854922279794,0.5769230769230769,0.5,0.4,0.4512820512820513,0.4230769230769231,0.5,0.6,177.82432432432432
1254104,2021-09-19,Dubai,Dubai International Cricket Stadium,Chennai Super Kings,Mumbai Indians,Chennai Super Kings,bat,Chennai Super Kings,RD Gaikwad,2021,1,0,7,0,9,0,0.6032608695652174,0.3870967741935484,0.6666666666666666,0.8,0.5922330097087378,0.6129032258064516,0.5,0.6,154.91860465116278
1254087,2021-09-20,Abu Dhabi,Zayed Cricket Stadium,Royal Challengers Bengaluru,Kolkata Knight Riders,Royal Challengers Bengaluru,bat,Kolkata Knight Riders,CV Varun,2021,0,12,5,12,41,0,0.47959183673469385,0.48148148148148145,0.5,0.6,0.5128205128205128,0.5185185185185185,0.5,0.2,154.6875
1254111,2021-09-21,Dubai,Dubai International Cricket Stadium,Rajasthan Royals,Punjab Kings,Punjab Kings,field,Rajasthan Royals,Kartik Tyagi,2021,1,10,9,9,9,1,0.5030674846625767,0.5714285714285714,0.14285714285714285,0.4,0.4536082474226804,0.42857142857142855,0.6666666666666666,0.4,154.91860465116278
1254105,2021-09-22,Dubai,Dubai International Cricket Stadium,Sunrisers Hyderabad,Delhi Capitals,Sunrisers Hyderabad,bat,Delhi Capitals,A Nortje,2021,0,13,1,13,9,0,0.47029702970297027,0.5172413793103449,0.6,0.2,0.45408163265306123,0.4827586206896552,0.4,0.8,154.91860465116278
1254096,2021-09-23,Abu Dhabi,Zayed Cricket Stadium,Mumbai Indians,Kolkata Knight Riders,Kolkata Knight Riders,field,Kolkata Knight Riders,SP Narine,2021,0,7,5,5,41,1,0.5893719806763285,0.7857142857142857,0.5,0.4,0.5153061224489796,0.21428571428571427,1.0,0.4,154.6875
1254113,2021-09-24,Sharjah,Sharjah Cricket Stadium,Royal Challengers Bengaluru,Chennai Super Kings,Chennai Super Kings,field,Chennai Super Kings,DJ Bravo,2021,0,12,0,0,34,1,0.47715736040609136,0.34615384615384615,0.4,0.4,0.6054054054054054,0.6538461538461539,0.25,0.8,153.26785714285714
1254107,2021-09-25,Sharjah,Sharjah Cricket Stadium,Punjab Kings,Sunrisers Hyderabad,Sunrisers Hyderabad,field,Punjab Kings,JO Holder,2021,1,9,13,13,34,1,0.4512820512820513,0.4444444444444444,0.8,0.4,0.46798029556650245,0.5555555555555556,0.4,0.2,153.26785714285714
1254097,2021-09-25,Abu Dhabi,Zayed Cricket Stadium,Delhi Capitals,Rajasthan Royals,Rajasthan Royals,field,Delhi Capitals,SS Iyer,2021,1,1,10,10,41,1,0.45685279187817257,0.4782608695652174,0.5,0.8,0.5060975609756098,0.5217391304347826,0.5,0.6,154.6875
1254108,2021-09-26,Dubai,Dubai International Cricket Stadium,Royal Challengers Bengaluru,Mumbai Indians,Mumbai Indians,field,Royal Challengers Bengaluru,GJ Maxwell,2021,1,12,7,7,9,1,0.47474747474747475,0.37037037037037035,0.5,0.2,0.5865384615384616,0.6296296296296297,0.42857142857142855,0.4,154.91860465116278
1254098,2021-09-26,Abu Dhabi,Zayed Cricket Stadium,Kolkata Knight Riders,Chennai Super Kings,Kolkata Knight Riders,bat,Chennai Super Kings,RA Jadeja,2021,0,5,0,5,41,0,0.5177664974619289,0.34782608695652173,1.0,0.6,0.6075268817204301,0.6521739130434783,0.5,0.8,154.6875
1254100,2021-09-27,Dubai,Dubai International Cricket Stadium,Rajasthan Royals,Sunrisers Hyderabad,Rajasthan Royals,bat,Sunrisers Hyderabad,JJ Roy,2021,0,10,13,10,9,0,0.503030303030303,0.6086956521739131,0.25,0.6,0.46568627450980393,0.391304347826087,0.5454545454545454,0.2,154.91860465116278
1254099,2021-09-28,Abu Dhabi,Zayed Cricket Stadium,Punjab Kings,Mumbai Indians,Mumbai Indians,field,Mumbai Indians,KA Pollard,2021,0,9,7,7,41,1,0.45408163265306123,0.46153846153846156,0.5,0.4,0.583732057416268,0.5384615384615384,0.0,0.4,154.6875
1254092,2021-09-28,Sharjah,Sharjah Cricket Stadium,Delhi Capitals,Kolkata Knight Riders,Kolkata Knight Riders,field,Kolkata Knight Riders,SP Narine,2021,0,1,5,5,34,1,0.4595959595959596,0.44,0.8,0.8,0.5151515151515151,0.56,0.25,0.6,153.26785714285714
1254103,2021-09-29,Dubai,Dubai International Cricket Stadium,Rajasthan Royals,Royal Challengers Bengaluru,Royal Challengers Bengaluru,field,Royal Challengers Bengaluru,YS Chahal,2021,0,10,12,12,9,1,0.5,0.47619047619047616,0.2222222222222222,0.4,0.47738693467336685,0.5238095238095238,0.5555555555555556,0.4,154.91860465116278
1254091,2021-09-30,Sharjah,Sharjah Cricket Stadium,Sunrisers Hyderabad,Chennai Super Kings,Chennai Super Kings,field,Chennai Super Kings,JR Hazlewood,2021,0,13,0,0,34,1,0.4682926829268293,0.32,0.3333333333333333,0.2,0.6096256684491979,0.68,0.4,0.8,153.26785714285714
1254102,2021-10-01,Dubai,Dubai International Cricket Stadium,Kolkata Knight Riders,Punjab Kings,Punjab Kings,field,Punjab Kings,KL Rahul,2021,0,5,9,9,9,1,0.5175879396984925,0.6785714285714286,0.5,0.6,0.4517766497461929,0.32142857142857145,0.5714285714285714,0.4,154.91860465116278
1254112,2021-10-02,Sharjah,Sharjah Cricket Stadium,Mumbai Indians,Delhi Capitals,Delhi Capitals,field,Delhi Capitals,AR Patel,2021,0,7,1,1,34,1,0.5857142857142857,0.5517241379310345,0.5,0.4,0.457286432160804,0.4482758620689655,0.6666666666666666,0.8,153.26785714285714
1254089,2021-10-02,Abu Dhabi,Zayed Cricket Stadium,Chennai Super Kings,Rajasthan Royals,Rajasthan Royals,field,Rajasthan Royals,RD Gaikwad,2021,0,0,10,10,41,1,0.6117021276595744,0.625,1.0,0.8,0.49700598802395207,0.375,0.0,0.4,154.6875
1254090,2021-10-03,Sharjah,Sharjah Cricket Stadium,Royal Challengers Bengaluru,Punjab Kings,Royal Challengers Bengaluru,bat,Royal Challengers Bengaluru,GJ Maxwell,2021,1,12,9,12,34,0,0.48,0.4444444444444444,0.3333333333333333,0.4,0.45454545454545453,0.5555555555555556,0.8333333333333334,0.4,153.26785714285714
1254109,2021-10-03,Dubai,Dubai International Cricket Stadium,Sunrisers Hyderabad,Kolkata Knight Riders,Sunrisers Hyderabad,bat,Kolkata Knight Riders,Shubman Gill,2021,0,13,5,13,9,0,0.46601941747572817,0.32142857142857145,0.5833333333333334,0.2,0.515,0.6785714285714286,0.4,0.6,154.91860465116278
1254110,2021-10-04,Dubai,Dubai International Cricket Stadium,Chennai Super Kings,Delhi Capitals,Delhi Capitals,field,Delhi Capitals,AR Patel,2021,0,0,1,1,9,1,0.6084656084656085,0.625,0.7,0.8,0.46,0.375,0.45454545454545453,0.8,154.91860465116278
1254093,2021-10-05,Sharjah,Sharjah Cricket Stadium,Rajasthan Royals,Mumbai Indians,Mumbai Indians,field,Mumbai Indians,NM Coulter-Nile,2021,0,10,7,7,34,1,0.5,0.4782608695652174,0.5,0.4,0.5829383886255924,0.5217391304347826,0.4,0.2,153.26785714285714
1254095,2021-10-06,Abu Dhabi,Zayed Cricket Stadium,Sunrisers Hyderabad,Royal Challengers Bengaluru,Royal Challengers Bengaluru,field,Sunrisers Hyderabad,KS Williamson,2021,1,13,12,12,41,1,0.463768115942029,0.5357142857142857,0.5,0.2,0.48258706467661694,0.4642857142857143,0.0,0.6,154.6875
1254094,2021-10-07,Dubai,Dubai International Cricket Stadium,Chennai Super Kings,Punjab Kings,Punjab Kings,field,Punjab Kings,KL Rahul,2021,0,0,9,9,9,1,0.6052631578947368,0.6521739130434783,0.6363636363636364,0.6,0.45226130653266333,0.34782608695652173,0.625,0.4,154.91860465116278
1254106,2021-10-07,Sharjah,Sharjah Cricket Stadium,Kolkata Knight Riders,Rajasthan Royals,Rajasthan Royals,field,Kolkata Knight Riders,Shivam Mavi,2021,1,5,10,10,34,1,0.5174129353233831,0.5714285714285714,0.4,0.6,0.4970414201183432,0.42857142857142855,0.4,0.2,153.26785714285714
1254088,2021-10-08,Abu Dhabi,Zayed Cricket Stadium,Mumbai Indians,Sunrisers Hyderabad,Mumbai Indians,bat,Mumbai Indians,Ishan Kishan,2021,1,7,13,7,41,0,0.5849056603773585,0.5384615384615384,0.5,0.4,0.46634615384615385,0.46153846153846156,1.0,0.4,154.6875
1254101,2021-10-08,Dubai,Dubai International Cricket Stadium,Delhi Capitals,Royal Challengers Bengaluru,Royal Challengers Bengaluru,field,Royal Challengers Bengaluru,KS Bharat,2021,0,1,12,12,9,1,0.4626865671641791,0.4166666666666667,0.5,0.8,0.4801980198019802,0.5833333333333334,0.6,0.6,154.91860465116278
1254114,2021-10-10,Dubai,Dubai International Cricket Stadium,Delhi Capitals,Chennai Super Kings,Chennai Super Kings,field,Chennai Super Kings,RD Gaikwad,2021,0,1,0,0,9,1,0.4603960396039604,0.4,0.46153846153846156,0.6,0.6020942408376964,0.6,0.5833333333333334,0.4,154.91860465116278
1254115,2021-10-11,Sharjah,Sharjah Cricket Stadium,Royal Challengers Bengaluru,Kolkata Knight Riders,Royal Challengers Bengaluru,bat,Kolkata Knight Riders,SP Narine,2021,0,12,5,12,34,0,0.4827586206896552,0.4642857142857143,0.42857142857142855,0.8,0.5198019801980198,0.5357142857142857,0.5,0.6,153.26785714285714
1254116,2021-10-13,Sharjah,Sharjah Cricket Stadium,Delhi Capitals,Kolkata Knight Riders,Kolkata Knight Riders,field,Kolkata Knight Riders,VR Iyer,2021,0,1,5,5,34,1,0.458128078817734,0.4230769230769231,0.7142857142857143,0.4,0.5221674876847291,0.5769230769230769,0.5714285714285714,0.8,153.26785714285714
1254117,2021-10-15,Dubai,Dubai International Cricket Stadium,Chennai Super Kings,Kolkata Knight Riders,Kolkata Knight Riders,field,Chennai Super Kings,F du Plessis,2021,1,0,5,5,9,1,0.6041666666666666,0.6666666666666666,0.6153846153846154,0.4,0.5245098039215687,0.3333333333333333,0.5,0.8,154.91860465116278
1304047,2022-03-26,Mumbai,Wankhede Stadium,Chennai Super Kings,Kolkata Knight Riders,Kolkata Knight Riders,field,Kolkata Knight Riders,UT Yadav,2022,0,0,5,5,40,1,0.6062176165803109,0.68,0.5789473684210527,0.4,0.5219512195121951,0.32,0.09090909090909091,0.8,166.984496124031
1304048,2022-03-27,Mumbai,Brabourne Stadium,Mumbai Indians,Delhi Capitals,Delhi Capitals,field,Delhi Capitals,Kuldeep Yadav,2022,0,7,1,1,4,1,0.5868544600938967,0.5333333333333333,0.75,0.6,0.45588235294117646,0.4666666666666667,0.0,0.4,172.3148148148148
1304049,2022-03-27,Mumbai,Dr DY Patil Sports Academy,Royal Challengers Bengaluru,Punjab Kings,Punjab Kings,field,Punjab Kings,OF Smith,2022,0,12,9,9,7,1,0.4803921568627451,0.4642857142857143,0.5,0.6,0.455,0.5357142857142857,0.0,0.6,153.82432432432432
1304050,2022-03-28,Mumbai,Wankhede Stadium,Lucknow Super Giants,Gujarat Titans,Gujarat Titans,field,Gujarat Titans,Mohammed Shami,2022,0,6,3,3,40,1,0.5,0.5,0.5,0.5,0.5,0.5,0.5,0.5,166.984496124031
1304051,2022-03-29,Pune,Maharashtra Cricket Association Stadium,Rajasthan Royals,Sunrisers Hyderabad,Sunrisers Hyderabad,field,Rajasthan Royals,SV Samson,2022,1,10,13,13,21,1,0.49411764705882355,0.5833333333333334,0.3333333333333333,0.2,0.46411483253588515,0.4166666666666667,0.3333333333333333,0.4,158.78571428571428
1304052,2022-03-30,Mumbai,Dr DY Patil Sports Academy,Kolkata Knight Riders,Royal Challengers Bengaluru,Royal Challengers Bengaluru,field,Royal Challengers Bengaluru,PWH de Silva,2022,0,5,12,12,7,1,0.5242718446601942,0.5517241379310345,1.0,0.8,0.47804878048780486,0.4482758620689655,0.3333333333333333,0.4,153.82432432432432
1304053,2022-03-31,Mumbai,Brabourne Stadium,Chennai Super Kings,Lucknow Super Giants,Lucknow Super Giants,field,Lucknow Super Giants,E Lewis,2022,0,0,6,6,4,1,0.6030927835051546,0.5,0.5,0.4,0.0,0.5,0.5,0.0,172.3148148148148
1304054,2022-04-01,Mumbai,Wankhede Stadium,Punjab Kings,Kolkata Knight Riders,Kolkata Knight Riders,field,Kolkata Knight Riders,UT Yadav,2022,0,9,5,5,40,1,0.4577114427860697,0.3448275862068966,0.42857142857142855,0.6,0.5217391304347826,0.6551724137931034,0.16666666666666666,0.6,166.984496124031
1304056,2022-04-02,Pune,Maharashtra Cricket Association Stadium,Gujarat Titans,Delhi Capitals,Delhi Capitals,field,Gujarat Titans,LH Ferguson,2022,1,3,1,1,21,1,1.0,0.5,0.5,1.0,0.4585365853658537,0.5,0.6666666666666666,0.4,158.78571428571428
1304055,2022-04-02,Mumbai,Dr DY Patil Sports Academy,Rajasthan Royals,Mumbai Indians,Mumbai Indians,field,Rajasthan Royals,JC Buttler,2022,1,10,7,7,7,1,0.49707602339181284,0.4583333333333333,0.5,0.4,0.5841121495327103,0.5416666666666666,0.7142857142857143,0.6,153.82432432432432
1304057,2022-04-03,Mumbai,Brabourne Stadium,Punjab Kings,Chennai Super Kings,Chennai Super Kings,field,Punjab Kings,LS Livingstone,2022,1,9,0,0,4,1,0.45544554455445546,0.375,0.0,0.6,0.6,0.625,0.3333333333333333,0.4,172.3148148148148
1304058,2022-04-04,Mumbai,Dr DY Patil Sports Academy,Lucknow Super Giants,Sunrisers Hyderabad,Sunrisers Hyderabad,field,Lucknow Super Giants,Avesh Khan,2022,1,6,13,13,7,1,0.5,0.5,0.5,0.5,0.46190476190476193,0.5,0.3333333333333333,0.2,153.82432432432432
1304059,2022-04-05,Mumbai,Wankhede Stadium,Rajasthan Royals,Royal Challengers Bengaluru,Royal Challengers Bengaluru,field,Royal Challengers Bengaluru,KD Karthik,2022,0,10,12,12,40,1,0.5,0.45454545454545453,0.46153846153846156,0.6,0.48058252427184467,0.5454545454545454,0.3333333333333333,0.4,166.984496124031
1304060,2022-04-06,Pune,Maharashtra Cricket Association Stadium,Mumbai Indians,Kolkata Knight Riders,Kolkata Knight Riders,field,Kolkata Knight Riders,PJ Cummins,2022,0,7,5,5,21,1,0.5813953488372093,0.7586206896551724,0.6666666666666666,0.4,0.5240384615384616,0.2413793103448276,1.0,0.6,158.78571428571428
1304061,2022-04-07,Mumbai,Dr DY Patil Sports Academy,Delhi Capitals,Lucknow Super Giants,Lucknow Super Giants,field,Lucknow Super Giants,Q de Kock,2022,0,1,6,6,7,1,0.4563106796116505,0.5,0.5,0.2,0.6666666666666666,0.5,1.0,0.6666666666666666,153.82432432432432
1304062,2022-04-08,Mumbai,Brabourne Stadium,Punjab Kings,Gujarat Titans,Gujarat Titans,field,Gujarat Titans,Shubman Gill,2022,0,9,3,3,4,1,0.458128078817734,0.5,0.5,0.6,1.0,0.5,0.5,1.0,172.3148148148148
1304063,2022-04-09,Mumbai,Dr DY Patil Sports Academy,Chennai Super Kings,Sunrisers Hyderabad,Sunrisers Hyderabad,field,Sunrisers Hyderabad,Abhishek Sharma,2022,0,0,13,13,7,1,0.5969387755102041,0.6923076923076923,0.75,0.4,0.4597156398104265,0.3076923076923077,0.2857142857142857,0.2,153.82432432432432
1304064,2022-04-09,Pune,Maharashtra Cricket Association Stadium,Mumbai Indians,Royal Challengers Bengaluru,Royal Challengers Bengaluru,field,Royal Challengers Bengaluru,Anuj Rawat,2022,0,7,12,12,21,1,0.5787037037037037,0.6071428571428571,0.5,0.4,0.4830917874396135,0.39285714285714285,0.5,0.6,158.78571428571428
1304065,2022-04-10,Mumbai,Brabourne Stadium,Delhi Capitals,Kolkata Knight Riders,Kolkata Knight Riders,field,Delhi Capitals,Kuldeep Yadav,2022,1,1,5,5,4,1,0.45410628019323673,0.4074074074074074,0.3333333333333333,0.2,0.5263157894736842,0.5925925925925926,0.0,0.6,172.3148148148148
1304066,2022-04-10,Mumbai,Wankhede Stadium,Rajasthan Royals,Lucknow Super Giants,Lucknow Super Giants,field,Rajasthan Royals,YS Chahal,2022,1,10,6,6,40,1,0.49710982658959535,0.5,0.42857142857142855,0.4,0.75,0.5,0.0,0.75,166.984496124031
1304067,2022-04-11,Mumbai,Dr DY Patil Sports Academy,Gujarat Titans,Sunrisers Hyderabad,Sunrisers Hyderabad,field,Sunrisers Hyderabad,KS Williamson,2022,0,3,13,13,7,1,1.0,0.5,0.5,1.0,0.46226415094339623,0.5,0.375,0.4,153.82432432432432
1304068,2022-04-12,Mumbai,Dr DY Patil Sports Academy,Chennai Super Kings,Royal Challengers Bengaluru,Royal Challengers Bengaluru,field,Chennai Super Kings,S Dube,2022,1,0,12,12,7,1,0.5939086294416244,0.6666666666666666,0.6,0.2,0.4855769230769231,0.3333333333333333,0.5,0.6,153.82432432432432
1304069,2022-04-13,Pune,Maharashtra Cricket Association Stadium,Punjab Kings,Mumbai Indians,Mumbai Indians,field,Punjab Kings,MA Agarwal,2022,1,9,7,7,21,1,0.45588235294117646,0.4444444444444444,0.0,0.6,0.576036866359447,0.5555555555555556,0.4,0.2,158.78571428571428
1304070,2022-04-14,Mumbai,Dr DY Patil Sports Academy,Gujarat Titans,Rajasthan Royals,Rajasthan Royals,field,Gujarat Titans,HH Pandya,2022,1,3,10,10,7,1,0.75,0.5,0.0,0.75,0.5,0.5,0.6666666666666666,0.6,153.82432432432432
1304071,2022-04-15,Mumbai,Brabourne Stadium,Kolkata Knight Riders,Sunrisers Hyderabad,Sunrisers Hyderabad,field,Sunrisers Hyderabad,RA Tripathi,2022,0,5,13,13,4,1,0.5238095238095238,0.6896551724137931,0.0,0.6,0.4647887323943662,0.3103448275862069,0.5,0.4,172.3148148148148
1304072,2022-04-16,Mumbai,Brabourne Stadium,Lucknow Super Giants,Mumbai Indians,Mumbai Indians,field,Lucknow Super Giants,KL Rahul,2022,1,6,7,7,4,1,0.6,0.5,1.0,0.6,0.573394495412844,0.5,0.6666666666666666,0.0,172.3148148148148
1304073,2022-04-16,Mumbai,Wankhede Stadium,Royal Challengers Bengaluru,Delhi Capitals,Delhi Capitals,field,Royal Challengers Bengaluru,KD Karthik,2022,1,12,1,1,40,1,0.48325358851674644,0.6,0.38461538461538464,0.6,0.4567307692307692,0.4,0.4166666666666667,0.4,166.984496124031
1304074,2022-04-17,Mumbai,Dr DY Patil Sports Academy,Punjab Kings,Sunrisers Hyderabad,Sunrisers Hyderabad,field,Sunrisers Hyderabad,Umran Malik,2022,0,9,13,13,7,1,0.4585365853658537,0.4642857142857143,0.5,0.6,0.4672897196261682,0.5357142857142857,0.4444444444444444,0.6,153.82432432432432
1304075,2022-04-17,Pune,Maharashtra Cricket Association Stadium,Chennai Super Kings,Gujarat Titans,Gujarat Titans,field,Gujarat Titans,DA Miller,2022,0,0,3,3,21,1,0.5959595959595959,0.5,0.8333333333333334,0.2,0.8,0.5,1.0,0.8,158.78571428571428
1304076,2022-04-18,Mumbai,Brabourne Stadium,Rajasthan Royals,Kolkata Knight Riders,Kolkata Knight Riders,field,Rajasthan Royals,YS Chahal,2022,1,10,5,5,4,1,0.49714285714285716,0.4090909090909091,0.5,0.6,0.5213270142180095,0.5909090909090909,0.0,0.4,172.3148148148148
1304077,2022-04-19,Mumbai,Dr DY Patil Sports Academy,Royal Challengers Bengaluru,Lucknow Super Giants,Lucknow Super Giants,field,Royal Challengers Bengaluru,F du Plessis,2022,1,12,6,6,7,1,0.4857142857142857,0.5,0.4,0.8,0.6666666666666666,0.5,1.0,0.8,153.82432432432432
1304078,2022-04-20,Mumbai,Brabourne Stadium,Punjab Kings,Delhi Capitals,Delhi Capitals,field,Delhi Capitals,Kuldeep Yadav,2022,0,9,1,1,4,1,0.4563106796116505,0.5555555555555556,0.3333333333333333,0.4,0.45454545454545453,0.4444444444444444,0.5,0.4,172.3148148148148
1304079,2022-04-21,Navi Mumbai,Dr DY Patil Sports Academy,Mumbai Indians,Chennai Super Kings,Chennai Super Kings,field,Chennai Super Kings,Mukesh Choudhary,2022,0,7,0,0,7,1,0.5707762557077626,0.59375,0.625,0.0,0.592964824120603,0.40625,0.6666666666666666,0.2,153.82432432432432
1304080,2022-04-22,Mumbai,Wankhede Stadium,Rajasthan Royals,Delhi Capitals,Delhi Capitals,field,Rajasthan Royals,JC Buttler,2022,1,10,1,1,40,1,0.5,0.5,0.4666666666666667,0.6,0.45714285714285713,0.5,0.38461538461538464,0.4,166.984496124031
1304081,2022-04-23,Navi Mumbai,Dr DY Patil Sports Academy,Gujarat Titans,Kolkata Knight Riders,Gujarat Titans,bat,Gujarat Titans,Rashid Khan,2022,1,3,5,3,7,0,0.8333333333333334,0.5,0.5,0.8,0.5188679245283019,0.5,0.6666666666666666,0.4,153.82432432432432
1304082,2022-04-23,Mumbai,Brabourne Stadium,Royal Challengers Bengaluru,Sunrisers Hyderabad,Sunrisers Hyderabad,field,Sunrisers Hyderabad,M Jansen,2022,0,12,13,13,4,1,0.4881516587677725,0.4482758620689655,1.0,0.8,0.4697674418604651,0.5517241379310345,0.6666666666666666,0.8,172.3148148148148
1304083,2022-04-24,Mumbai,Wankhede Stadium,Lucknow Super Giants,Mumbai Indians,Mumbai Indians,field,Lucknow Super Giants,KL Rahul,2022,1,6,7,7,40,1,0.5714285714285714,1.0,0.0,0.6,0.5681818181818182,0.0,0.6212121212121212,0.0,166.984496124031
1304084,2022-04-25,Mumbai,Wankhede Stadium,Punjab Kings,Chennai Super Kings,Chennai Super Kings,field,Punjab Kings,S Dhawan,2022,1,9,0,0,40,1,0.45410628019323673,0.4,0.4,0.4,0.595,0.6,0.55,0.4,166.984496124031
1304085,2022-04-26,Pune,Maharashtra Cricket Association Stadium,Rajasthan Royals,Royal Challengers Bengaluru,Royal Challengers Bengaluru,field,Rajasthan Royals,R Parag,2022,1,10,12,12,21,1,0.5028248587570622,0.43478260869565216,0.5,0.6,0.4858490566037736,0.5652173913043478,0.6,0.6,158.78571428571428
1304086,2022-04-27,Mumbai,Wankhede Stadium,Sunrisers Hyderabad,Gujarat Titans,Gujarat Titans,field,Gujarat Titans,Umran Malik,2022,0,13,3,3,40,1,0.4722222222222222,1.0,0.25,1.0,0.8571428571428571,0.0,1.0,0.8,166.984496124031
1304087,2022-04-28,Mumbai,Wankhede Stadium,Kolkata Knight Riders,Delhi Capitals,Delhi Capitals,field,Delhi Capitals,Kuldeep Yadav,2022,0,5,1,1,40,1,0.5164319248826291,0.5714285714285714,0.23076923076923078,0.2,0.4549763033175355,0.42857142857142855,0.35714285714285715,0.4,166.984496124031
1304088,2022-04-29,Pune,Maharashtra Cricket Association Stadium,Lucknow Super Giants,Punjab Kings,Punjab Kings,field,Lucknow Super Giants,KH Pandya,2022,1,6,9,9,21,1,0.625,0.5,0.5,0.6,0.4567307692307692,0.5,0.16666666666666666,0.4,158.78571428571428
1304089,2022-04-30,Mumbai,Brabourne Stadium,Royal Challengers Bengaluru,Gujarat Titans,Royal Challengers Bengaluru,bat,Gujarat Titans,R Tewatia,2022,0,12,3,12,4,0,0.4835680751173709,0.5,0.5,0.4,0.875,0.5,1.0,0.8,172.3148148148148
1304090,2022-04-30,Navi Mumbai,Dr DY Patil Sports Academy,Rajasthan Royals,Mumbai Indians,Mumbai Indians,field,Mumbai Indians,SA Yadav,2022,0,10,7,7,7,1,0.5056179775280899,0.48,0.5,0.8,0.5656108597285068,0.52,0.5555555555555556,0.0,153.82432432432432
1304091,2022-05-01,Mumbai,Wankhede Stadium,Lucknow Super Giants,Delhi Capitals,Lucknow Super Giants,bat,Lucknow Super Giants,Mohsin Khan,2022,1,6,1,6,40,0,0.6666666666666666,1.0,0.3333333333333333,0.6,0.45754716981132076,0.0,0.4,0.6,166.984496124031
1304092,2022-05-01,Pune,Maharashtra Cricket Association Stadium,Chennai Super Kings,Sunrisers Hyderabad,Sunrisers Hyderabad,field,Chennai Super Kings,RD Gaikwad,2022,1,0,13,13,21,1,0.5920398009950248,0.6666666666666666,0.7142857142857143,0.4,0.4700460829493088,0.3333333333333333,0.25,0.8,158.78571428571428
1304093,2022-05-02,Mumbai,Wankhede Stadium,Rajasthan Royals,Kolkata Knight Riders,Kolkata Knight Riders,field,Kolkata Knight Riders,RK Singh,2022,0,10,5,5,40,1,0.5027932960893855,0.43478260869565216,0.5,0.6,0.514018691588785,0.5652173913043478,0.21428571428571427,0.0,166.984496124031
1304094,2022-05-03,Navi Mumbai,Dr DY Patil Sports Academy,Gujarat Titans,Punjab Kings,Gujarat Titans,bat,Punjab Kings,K Rabada,2022,0,3,9,3,7,0,0.8888888888888888,1.0,0.6666666666666666,1.0,0.45454545454545453,0.0,0.3333333333333333,0.4,153.82432432432432
1304095,2022-05-04,Pune,Maharashtra Cricket Association Stadium,Royal Challengers Bengaluru,Chennai Super Kings,Chennai Super Kings,field,Royal Challengers Bengaluru,HV Patel,2022,1,12,0,0,21,1,0.48130841121495327,0.32142857142857145,0.5,0.4,0.594059405940594,0.6785714285714286,0.75,0.6,158.78571428571428
1304096,2022-05-05,Mumbai,Brabourne Stadium,Delhi Capitals,Sunrisers Hyderabad,Sunrisers Hyderabad,field,Delhi Capitals,DA Warner,2022,1,1,13,13,4,1,0.45539906103286387,0.5,0.6,0.4,0.46788990825688076,0.5,0.75,0.6,172.3148148148148
1304097,2022-05-06,Mumbai,Brabourne Stadium,Mumbai Indians,Gujarat Titans,Gujarat Titans,field,Mumbai Indians,TH David,2022,1,7,3,3,4,1,0.5675675675675675,0.5,0.6,0.2,0.8,0.5,1.0,0.8,172.3148148148148
1304098,2022-05-07,Mumbai,Wankhede Stadium,Punjab Kings,Rajasthan Royals,Punjab Kings,bat,Rajasthan Royals,YBK Jaiswal,2022,0,9,10,9,40,0,0.45714285714285713,0.4090909090909091,0.4375,0.4,0.5,0.5909090909090909,0.47058823529411764,0.6,166.984496124031
1304099,2022-05-07,Pune,Maharashtra Cricket Association Stadium,Lucknow Super Giants,Kolkata Knight Riders,Kolkata Knight Riders,field,Lucknow Super Giants,Avesh Khan,2022,1,6,5,5,21,1,0.7,0.5,1.0,0.8,0.5162790697674419,0.5,1.0,0.2,158.78571428571428
1304100,2022-05-08,Mumbai,Wankhede Stadium,Royal Challengers Bengaluru,Sunrisers Hyderabad,Royal Challengers Bengaluru,bat,Royal Challengers Bengaluru,PWH de Silva,2022,1,12,13,12,40,0,0.48372093023255813,0.43333333333333335,0.42857142857142855,0.4,0.4657534246575342,0.5666666666666667,0.2222222222222222,0.4,166.984496124031
1304101,2022-05-08,Navi Mumbai,Dr DY Patil Sports Academy,Chennai Super Kings,Delhi Capitals,Delhi Capitals,field,Chennai Super Kings,DP Conway,2022,1,0,1,1,7,1,0.5911330049261084,0.6153846153846154,0.7142857142857143,0.4,0.45794392523364486,0.38461538461538464,0.3333333333333333,0.6,153.82432432432432
1304102,2022-05-09,Navi Mumbai,Dr DY Patil Sports Academy,Kolkata Knight Riders,Mumbai Indians,Mumbai Indians,field,Kolkata Knight Riders,JJ Bumrah,2022,1,5,7,7,7,1,0.5138888888888888,0.26666666666666666,0.5,0.2,0.5695067264573991,0.7333333333333333,0.6,0.4,153.82432432432432
1304103,2022-05-10,Pune,Maharashtra Cricket Association Stadium,Gujarat Titans,Lucknow Super Giants,Gujarat Titans,bat,Gujarat Titans,Shubman Gill,2022,1,3,6,3,21,0,0.7272727272727273,1.0,1.0,0.6,0.7272727272727273,0.0,1.0,0.8,158.78571428571428
1304104,2022-05-11,Navi Mumbai,Dr DY Patil Sports Academy,Rajasthan Royals,Delhi Capitals,Delhi Capitals,field,Delhi Capitals,MR Marsh,2022,0,10,1,1,7,1,0.5027624309392266,0.52,0.4,0.6,0.4558139534883721,0.48,0.25,0.4,153.82432432432432
1304105,2022-05-12,Mumbai,Wankhede Stadium,Chennai Super Kings,Mumbai Indians,Mumbai Indians,field,Mumbai Indians,DR Sams,2022,0,0,7,7,40,1,0.5931372549019608,0.42424242424242425,0.5238095238095238,0.6,0.5669642857142857,0.5757575757575758,0.6119402985074627,0.4,166.984496124031
1304106,2022-05-13,Mumbai,Brabourne Stadium,Punjab Kings,Royal Challengers Bengaluru,Royal Challengers Bengaluru,field,Punjab Kings,JM Bairstow,2022,1,9,12,12,4,1,0.4549763033175355,0.5517241379310345,0.25,0.4,0.4861111111111111,0.4482758620689655,0.3333333333333333,0.4,172.3148148148148
1304107,2022-05-14,Pune,Maharashtra Cricket Association Stadium,Kolkata Knight Riders,Sunrisers Hyderabad,Kolkata Knight Riders,bat,Kolkata Knight Riders,AD Russell,2022,1,5,13,5,21,0,0.5161290322580645,0.6666666666666666,0.8,0.4,0.4636363636363636,0.3333333333333333,0.2,0.2,158.78571428571428
1304108,2022-05-15,Mumbai,Wankhede Stadium,Chennai Super Kings,Gujarat Titans,Chennai Super Kings,bat,Gujarat Titans,WP Saha,2022,0,0,3,0,40,0,0.5902439024390244,0.0,0.5,0.4,0.75,1.0,1.0,0.6,166.984496124031
1304109,2022-05-15,Mumbai,Brabourne Stadium,Rajasthan Royals,Lucknow Super Giants,Rajasthan Royals,bat,Rajasthan Royals,TA Boult,2022,1,10,6,10,4,0,0.5,1.0,0.6,0.4,0.6666666666666666,0.0,1.0,0.8,172.3148148148148
1304110,2022-05-16,Navi Mumbai,Dr DY Patil Sports Academy,Delhi Capitals,Punjab Kings,Punjab Kings,field,Delhi Capitals,SN Thakur,2022,1,1,9,9,7,1,0.4583333333333333,0.4642857142857143,0.4,0.6,0.45754716981132076,0.5357142857142857,0.5,0.6,153.82432432432432
1304111,2022-05-17,Mumbai,Wankhede Stadium,Sunrisers Hyderabad,Mumbai Indians,Mumbai Indians,field,Sunrisers Hyderabad,RA Tripathi,2022,1,13,7,7,40,1,0.46153846153846156,0.4444444444444444,0.2,0.0,0.5688888888888889,0.5555555555555556,0.6176470588235294,0.6,166.984496124031
1304112,2022-05-18,Navi Mumbai,Dr DY Patil Sports Academy,Lucknow Super Giants,Kolkata Knight Riders,Lucknow Super Giants,bat,Lucknow Super Giants,Q de Kock,2022,1,6,5,6,7,0,0.6153846153846154,1.0,0.6666666666666666,0.6,0.518348623853211,0.0,0.6,0.6,153.82432432432432
1304113,2022-05-19,Mumbai,Wankhede Stadium,Gujarat Titans,Royal Challengers Bengaluru,Gujarat Titans,bat,Royal Challengers Bengaluru,V Kohli,2022,0,3,12,3,40,0,0.7692307692307693,1.0,1.0,0.6,0.4838709677419355,0.0,0.4666666666666667,0.4,166.984496124031
1304114,2022-05-20,Mumbai,Brabourne Stadium,Chennai Super Kings,Rajasthan Royals,Chennai Super Kings,bat,Rajasthan Royals,R Ashwin,2022,0,0,10,0,4,0,0.587378640776699,0.6,0.25,0.4,0.5027322404371585,0.4,0.6666666666666666,0.4,172.3148148148148
1304115,2022-05-21,Mumbai,Wankhede Stadium,Delhi Capitals,Mumbai Indians,Mumbai Indians,field,Mumbai Indians,JJ Bumrah,2022,0,1,7,7,40,1,0.4608294930875576,0.4838709677419355,0.375,0.6,0.5663716814159292,0.5161290322580645,0.6086956521739131,0.6,166.984496124031
1304116,2022-05-22,Mumbai,Wankhede Stadium,Sunrisers Hyderabad,Punjab Kings,Sunrisers Hyderabad,bat,Punjab Kings,Harpreet Brar,2022,0,13,9,13,40,0,0.46396396396396394,0.5517241379310345,0.2727272727272727,0.2,0.45539906103286387,0.4482758620689655,0.4117647058823529,0.4,166.984496124031
1312197,2022-05-24,Kolkata,Eden Gardens,Rajasthan Royals,Gujarat Titans,Gujarat Titans,field,Gujarat Titans,DA Miller,2022,0,10,3,3,10,1,0.5054347826086957,0.0,0.2222222222222222,0.6,0.7142857142857143,1.0,0.5,0.4,162.16666666666666
1312198,2022-05-25,Kolkata,Eden Gardens,Royal Challengers Bengaluru,Lucknow Super Giants,Lucknow Super Giants,field,Royal Challengers Bengaluru,RM Patidar,2022,1,12,6,6,10,1,0.48623853211009177,1.0,0.4,0.6,0.6428571428571429,0.0,0.5,0.6,162.16666666666666
1312199,2022-05-27,Ahmedabad,Narendra Modi Stadium,Royal Challengers Bengaluru,Rajasthan Royals,Rajasthan Royals,field,Rajasthan Royals,JC Buttler,2022,0,12,10,10,22,1,0.4885844748858447,0.5416666666666666,0.5,0.8,0.5027027027027027,0.4583333333333333,0.5,0.6,177.82432432432432
1312200,2022-05-29,Ahmedabad,Narendra Modi Stadium,Rajasthan Royals,Gujarat Titans,Rajasthan Royals,bat,Gujarat Titans,HH Pandya,2022,0,10,3,10,22,0,0.5053763440860215,0.0,1.0,0.6,0.7333333333333333,1.0,0.5,0.6,177.82432432432432
1359475,2023-03-31,Ahmedabad,Narendra Modi Stadium,Chennai Super Kings,Gujarat Titans,Gujarat Titans,field,Gujarat Titans,Rashid Khan,2023,0,0,3,3,22,1,0.5845410628019324,0.0,0.5,0.2,0.75,1.0,1.0,0.8,177.82432432432432
1359477,2023-04-01,Lucknow,Bharat Ratna Shri Atal Bihari Vajpayee Ekana Cricket Stadium,Lucknow Super Giants,Delhi Capitals,Delhi Capitals,field,Lucknow Super Giants,MA Wood,2023,1,6,1,1,3,1,0.6,1.0,0.5,0.4,0.45871559633027525,0.0,0.5,0.6,169.0
1359476,2023-04-01,Chandigarh,Punjab Cricket Association IS Bindra Stadium,Punjab Kings,Kolkata Knight Riders,Kolkata Knight Riders,field,Punjab Kings,Arshdeep Singh,2023,1,9,5,5,27,1,0.45794392523364486,0.3333333333333333,0.5714285714285714,0.6,0.5159817351598174,0.6666666666666666,0.6666666666666666,0.6,170.71153846153845
1359478,2023-04-02,Hyderabad,Rajiv Gandhi International Stadium,Rajasthan Royals,Sunrisers Hyderabad,Sunrisers Hyderabad,field,Rajasthan Royals,JC Buttler,2023,1,10,13,13,29,1,0.5026737967914439,0.6,0.3333333333333333,0.6,0.4618834080717489,0.4,0.5245901639344263,0.2,161.58823529411765
1359479,2023-04-02,Bengaluru,M Chinnaswamy Stadium,Mumbai Indians,Royal Challengers Bengaluru,Royal Challengers Bengaluru,field,Royal Challengers Bengaluru,F du Plessis,2023,0,7,12,12,17,1,0.5682819383259912,0.5862068965517241,0.8,0.6,0.4863636363636364,0.41379310344827586,0.4827586206896552,0.6,165.54651162790697
1359480,2023-04-03,Chennai,MA Chidambaram Stadium,Chennai Super Kings,Lucknow Super Giants,Lucknow Super Giants,field,Chennai Super Kings,MM Ali,2023,1,0,6,6,19,1,0.5817307692307693,0.0,0.7272727272727273,0.2,0.625,1.0,0.5,0.4,158.45698924731184
1359481,2023-04-04,Delhi,Arun Jaitley Stadium,Delhi Capitals,Gujarat Titans,Gujarat Titans,field,Gujarat Titans,B Sai Sudharsan,2023,0,1,3,3,0,1,0.45662100456621,0.0,0.5384615384615384,0.4,0.7647058823529411,1.0,0.5,0.8,179.7051282051282
1359482,2023-04-05,Guwahati,Barsapara Cricket Stadium,Punjab Kings,Rajasthan Royals,Rajasthan Royals,field,Punjab Kings,NT Ellis,2023,1,9,10,10,2,1,0.4604651162790698,0.391304347826087,0.5,0.6,0.5053191489361702,0.6086956521739131,0.5,0.6,163.25
1359483,2023-04-06,Kolkata,Eden Gardens,Kolkata Knight Riders,Royal Challengers Bengaluru,Royal Challengers Bengaluru,field,Kolkata Knight Riders,SN Thakur,2023,1,5,12,12,10,1,0.5136363636363637,0.5333333333333333,0.6081081081081081,0.4,0.48868778280542985,0.4666666666666667,0.45454545454545453,0.6,162.16666666666666
1359484,2023-04-07,Lucknow,Bharat Ratna Shri Atal Bihari Vajpayee Ekana Cricket Stadium,Sunrisers Hyderabad,Lucknow Super Giants,Sunrisers Hyderabad,bat,Lucknow Super Giants,KH Pandya,2023,0,13,6,13,3,0,0.45982142857142855,0.0,0.5,0.2,0.5882352941176471,1.0,1.0,0.4,169.0
1359486,2023-04-08,Mumbai,Wankhede Stadium,Mumbai Indians,Chennai Super Kings,Chennai Super Kings,field,Chennai Super Kings,RA Jadeja,2023,0,7,0,0,40,1,0.5657894736842105,0.5882352941176471,0.6142857142857143,0.4,0.583732057416268,0.4117647058823529,0.4782608695652174,0.2,166.984496124031
1359485,2023-04-08,Guwahati,Barsapara Cricket Stadium,Rajasthan Royals,Delhi Capitals,Delhi Capitals,field,Rajasthan Royals,YBK Jaiswal,2023,1,10,1,1,2,1,0.5026455026455027,0.5,0.0,0.4,0.45454545454545453,0.5,0.5,0.4,163.25
1359487,2023-04-09,Ahmedabad,Narendra Modi Stadium,Gujarat Titans,Kolkata Knight Riders,Gujarat Titans,bat,Kolkata Knight Riders,RK Singh,2023,0,3,5,3,22,0,0.7777777777777778,1.0,1.0,0.8,0.5158371040723982,0.0,0.5,0.6,177.82432432432432
1359488,2023-04-09,Hyderabad,Rajiv Gandhi International Stadium,Punjab Kings,Sunrisers Hyderabad,Sunrisers Hyderabad,field,Sunrisers Hyderabad,S Dhawan,2023,0,9,13,13,29,1,0.46296296296296297,0.4666666666666667,0.4,0.8,0.4577777777777778,0.5333333333333333,0.5161290322580645,0.2,161.58823529411765
1359489,2023-04-10,Bengaluru,M Chinnaswamy Stadium,Royal Challengers Bengaluru,Lucknow Super Giants,Lucknow Super Giants,field,Lucknow Super Giants,N Pooran,2023,0,12,6,6,17,1,0.4864864864864865,1.0,0.4915254237288136,0.6,0.6111111111111112,0.0,0.5,0.6,165.54651162790697
1359490,2023-04-11,Delhi,Arun Jaitley Stadium,Delhi Capitals,Mumbai Indians,Mumbai Indians,field,Mumbai Indians,RG Sharma,2023,0,1,7,7,0,1,0.45248868778280543,0.46875,0.5,0.2,0.5633187772925764,0.53125,0.75,0.4,179.7051282051282
1359491,2023-04-12,Chennai,MA Chidambaram Stadium,Rajasthan Royals,Chennai Super Kings,Chennai Super Kings,field,Rajasthan Royals,R Ashwin,2023,1,10,0,0,19,1,0.5052631578947369,0.4230769230769231,0.14285714285714285,0.6,0.5857142857142857,0.5769230769230769,0.7321428571428571,0.4,158.45698924731184
1359492,2023-04-13,Chandigarh,Punjab Cricket Association IS Bindra Stadium,Punjab Kings,Gujarat Titans,Gujarat Titans,field,Gujarat Titans,MM Sharma,2023,0,9,3,3,27,1,0.4608294930875576,0.5,0.5909090909090909,0.6,0.7368421052631579,0.5,0.5,0.8,170.71153846153845
1359493,2023-04-14,Kolkata,Eden Gardens,Sunrisers Hyderabad,Kolkata Knight Riders,Kolkata Knight Riders,field,Sunrisers Hyderabad,HC Brook,2023,1,13,5,5,10,1,0.46017699115044247,0.3225806451612903,0.18181818181818182,0.4,0.5180180180180181,0.6774193548387096,0.6133333333333333,0.6,162.16666666666666
1359494,2023-04-15,Bengaluru,M Chinnaswamy Stadium,Royal Challengers Bengaluru,Delhi Capitals,Delhi Capitals,field,Royal Challengers Bengaluru,V Kohli,2023,1,12,1,1,17,1,0.484304932735426,0.6153846153846154,0.48333333333333334,0.4,0.45045045045045046,0.38461538461538464,0.6,0.0,165.54651162790697
1359495,2023-04-15,Lucknow,Bharat Ratna Shri Atal Bihari Vajpayee Ekana Cricket Stadium,Lucknow Super Giants,Punjab Kings,Punjab Kings,field,Punjab Kings,Sikandar Raza,2023,0,6,9,9,3,1,0.631578947368421,1.0,1.0,0.6,0.45871559633027525,0.0,0.5,0.6,169.0
1359496,2023-04-16,Mumbai,Wankhede Stadium,Kolkata Knight Riders,Mumbai Indians,Mumbai Indians,field,Mumbai Indians,VR Iyer,2023,0,5,7,7,40,1,0.515695067264574,0.2903225806451613,0.26666666666666666,0.4,0.5652173913043478,0.7096774193548387,0.6056338028169014,0.4,166.984496124031
1359497,2023-04-16,Ahmedabad,Narendra Modi Stadium,Gujarat Titans,Rajasthan Royals,Rajasthan Royals,field,Rajasthan Royals,SO Hetmyer,2023,0,3,10,10,22,1,0.75,1.0,0.6666666666666666,0.8,0.5078534031413613,0.0,0.5,0.6,177.82432432432432
1359498,2023-04-17,Bengaluru,M Chinnaswamy Stadium,Chennai Super Kings,Royal Challengers Bengaluru,Royal Challengers Bengaluru,field,Chennai Super Kings,DP Conway,2023,1,0,12,12,17,1,0.5829383886255924,0.6551724137931034,0.5714285714285714,0.4,0.48660714285714285,0.3448275862068966,0.4918032786885246,0.4,165.54651162790697
1359499,2023-04-18,Hyderabad,Rajiv Gandhi International Stadium,Mumbai Indians,Sunrisers Hyderabad,Sunrisers Hyderabad,field,Mumbai Indians,C Green,2023,1,7,13,13,29,1,0.5670995670995671,0.5357142857142857,0.6363636363636364,0.6,0.46255506607929514,0.4642857142857143,0.5238095238095238,0.4,161.58823529411765
1359500,2023-04-19,Jaipur,Sawai Mansingh Stadium,Lucknow Super Giants,Rajasthan Royals,Rajasthan Royals,field,Lucknow Super Giants,MP Stoinis,2023,1,6,10,10,32,1,0.6,0.0,0.5,0.6,0.5104166666666666,1.0,0.6808510638297872,0.8,161.11363636363637
1359502,2023-04-20,Delhi,Arun Jaitley Stadium,Kolkata Knight Riders,Delhi Capitals,Delhi Capitals,field,Delhi Capitals,I Sharma,2023,0,5,1,1,0,1,0.5133928571428571,0.5517241379310345,0.0,0.4,0.4484304932735426,0.4482758620689655,0.4666666666666667,0.0,179.7051282051282
1359501,2023-04-20,Chandigarh,Punjab Cricket Association IS Bindra Stadium,Royal Challengers Bengaluru,Punjab Kings,Punjab Kings,field,Royal Challengers Bengaluru,Mohammed Siraj,2023,1,12,9,9,27,1,0.48444444444444446,0.43333333333333335,1.0,0.4,0.4611872146118721,0.5666666666666667,0.5652173913043478,0.6,170.71153846153845
1359503,2023-04-21,Chennai,MA Chidambaram Stadium,Sunrisers Hyderabad,Chennai Super Kings,Chennai Super Kings,field,Chennai Super Kings,RA Jadeja,2023,0,13,0,0,19,1,0.4605263157894737,0.32142857142857145,0.2727272727272727,0.4,0.5849056603773585,0.6785714285714286,0.7192982456140351,0.6,158.45698924731184
1359504,2023-04-22,Lucknow,Bharat Ratna Shri Atal Bihari Vajpayee Ekana Cricket Stadium,Gujarat Titans,Lucknow Super Giants,Gujarat Titans,bat,Gujarat Titans,MM Sharma,2023,1,3,6,3,3,0,0.7142857142857143,1.0,0.5,0.6,0.6190476190476191,0.0,0.6666666666666666,0.6,169.0
1359505,2023-04-22,Mumbai,Wankhede Stadium,Punjab Kings,Mumbai Indians,Mumbai Indians,field,Punjab Kings,SM Curran,2023,1,9,7,7,40,1,0.4590909090909091,0.4642857142857143,0.4444444444444444,0.4,0.5689655172413793,0.5357142857142857,0.6111111111111112,0.6,166.984496124031
1359506,2023-04-23,Bengaluru,M Chinnaswamy Stadium,Royal Challengers Bengaluru,Rajasthan Royals,Rajasthan Royals,field,Royal Challengers Bengaluru,GJ Maxwell,2023,1,12,10,10,17,1,0.48672566371681414,0.52,0.4838709677419355,0.4,0.5077720207253886,0.48,0.6,0.6,165.54651162790697
1359507,2023-04-23,Kolkata,Eden Gardens,Chennai Super Kings,Kolkata Knight Riders,Kolkata Knight Riders,field,Chennai Super Kings,AM Rahane,2023,1,0,5,5,10,1,0.5868544600938967,0.6538461538461539,0.45454545454545453,0.8,0.5111111111111111,0.34615384615384615,0.6052631578947368,0.4,162.16666666666666
1359508,2023-04-24,Hyderabad,Rajiv Gandhi International Stadium,Delhi Capitals,Sunrisers Hyderabad,Delhi Capitals,bat,Delhi Capitals,AR Patel,2023,1,1,13,1,29,0,0.45089285714285715,0.5161290322580645,0.625,0.2,0.4585152838427948,0.4838709677419355,0.515625,0.4,161.58823529411765
1359509,2023-04-25,Ahmedabad,Narendra Modi Stadium,Gujarat Titans,Mumbai Indians,Mumbai Indians,field,Gujarat Titans,A Manohar,2023,1,3,7,7,22,1,0.7272727272727273,0.0,0.5,0.6,0.5665236051502146,1.0,0.5,0.6,177.82432432432432
1359510,2023-04-26,Bengaluru,M Chinnaswamy Stadium,Kolkata Knight Riders,Royal Challengers Bengaluru,Royal Challengers Bengaluru,field,Kolkata Knight Riders,CV Varun,2023,1,5,12,12,17,1,0.5088495575221239,0.5483870967741935,0.5454545454545454,0.2,0.4889867841409692,0.45161290322580644,0.49206349206349204,0.6,165.54651162790697
1359511,2023-04-27,Jaipur,Sawai Mansingh Stadium,Rajasthan Royals,Chennai Super Kings,Rajasthan Royals,bat,Rajasthan Royals,YBK Jaiswal,2023,1,10,0,10,32,0,0.5051546391752577,0.4444444444444444,0.6666666666666666,0.6,0.5887850467289719,0.5555555555555556,0.5,0.8,161.11363636363637
1359512,2023-04-28,Chandigarh,Punjab Cricket Association IS Bindra Stadium,Lucknow Super Giants,Punjab Kings,Punjab Kings,field,Lucknow Super Giants,MP Stoinis,2023,1,6,9,9,27,1,0.5909090909090909,0.5,0.5,0.6,0.46153846153846156,0.5,0.5416666666666666,0.4,170.71153846153845
1359513,2023-04-29,Kolkata,Eden Gardens,Kolkata Knight Riders,Gujarat Titans,Gujarat Titans,field,Gujarat Titans,J Little,2023,0,5,3,3,10,1,0.5110132158590308,0.5,0.5974025974025974,0.2,0.7391304347826086,0.5,1.0,0.6,162.16666666666666
1359514,2023-04-29,Delhi,Arun Jaitley Stadium,Sunrisers Hyderabad,Delhi Capitals,Sunrisers Hyderabad,bat,Sunrisers Hyderabad,MR Marsh,2023,1,13,1,13,0,0,0.45652173913043476,0.46875,0.5,0.4,0.4533333333333333,0.53125,0.5,0.4,179.7051282051282
1359515,2023-04-30,Chennai,MA Chidambaram Stadium,Chennai Super Kings,Punjab Kings,Chennai Super Kings,bat,Punjab Kings,DP Conway,2023,0,0,9,0,19,0,0.586046511627907,0.5769230769230769,0.7241379310344828,0.6,0.4594594594594595,0.4230769230769231,0.2857142857142857,0.4,158.45698924731184
1359516,2023-04-30,Mumbai,Wankhede Stadium,Rajasthan Royals,Mumbai Indians,Rajasthan Royals,bat,Mumbai Indians,YBK Jaiswal,2023,0,10,7,10,40,0,0.5076923076923077,0.46153846153846156,0.5,0.6,0.5641025641025641,0.5384615384615384,0.6027397260273972,0.6,166.984496124031
1359517,2023-05-01,Lucknow,Bharat Ratna Shri Atal Bihari Vajpayee Ekana Cricket Stadium,Royal Challengers Bengaluru,Lucknow Super Giants,Royal Challengers Bengaluru,bat,Royal Challengers Bengaluru,F du Plessis,2023,1,12,6,12,3,0,0.4868421052631579,0.6666666666666666,0.5,0.6,0.6086956521739131,0.3333333333333333,0.5,0.6,169.0
1359518,2023-05-02,Ahmedabad,Narendra Modi Stadium,Delhi Capitals,Gujarat Titans,Delhi Capitals,bat,Delhi Capitals,Mohammed Shami,2023,1,1,3,1,22,0,0.45132743362831856,0.0,0.6666666666666666,0.4,0.75,1.0,0.6,0.8,177.82432432432432
1359520,2023-05-03,Chandigarh,Punjab Cricket Association IS Bindra Stadium,Punjab Kings,Mumbai Indians,Mumbai Indians,field,Mumbai Indians,Ishan Kishan,2023,0,9,7,7,27,1,0.4618834080717489,0.4827586206896552,0.52,0.6,0.5659574468085107,0.5172413793103449,0.5,0.6,170.71153846153845
1359521,2023-05-04,Hyderabad,Rajiv Gandhi International Stadium,Kolkata Knight Riders,Sunrisers Hyderabad,Kolkata Knight Riders,bat,Kolkata Knight Riders,CV Varun,2023,1,5,13,5,29,0,0.5087719298245614,0.65625,0.625,0.2,0.4588744588744589,0.34375,0.5076923076923077,0.4,161.58823529411765
1359522,2023-05-05,Jaipur,Sawai Mansingh Stadium,Rajasthan Royals,Gujarat Titans,Rajasthan Royals,bat,Gujarat Titans,Rashid Khan,2023,0,10,3,10,32,0,0.5051020408163265,0.25,0.673469387755102,0.4,0.72,0.75,0.5,0.6,161.11363636363637
1359523,2023-05-06,Chennai,MA Chidambaram Stadium,Mumbai Indians,Chennai Super Kings,Chennai Super Kings,field,Chennai Super Kings,M Pathirana,2023,0,7,0,0,19,1,0.5677966101694916,0.5714285714285714,0.5384615384615384,0.6,0.5833333333333334,0.42857142857142855,0.711864406779661,0.6,158.45698924731184
1359524,2023-05-06,Delhi,Arun Jaitley Stadium,Royal Challengers Bengaluru,Delhi Capitals,Royal Challengers Bengaluru,bat,Delhi Capitals,PD Salt,2023,0,12,1,12,0,0,0.4890829694323144,0.6296296296296297,0.5,0.6,0.45374449339207046,0.37037037037037035,0.47058823529411764,0.6,179.7051282051282
1359526,2023-05-07,Jaipur,Sawai Mansingh Stadium,Rajasthan Royals,Sunrisers Hyderabad,Rajasthan Royals,bat,Sunrisers Hyderabad,GD Phillips,2023,0,10,13,10,32,0,0.5025380710659898,0.6153846153846154,0.66,0.2,0.45689655172413796,0.38461538461538464,0.2,0.2,161.11363636363637
1359525,2023-05-07,Ahmedabad,Narendra Modi Stadium,Gujarat Titans,Lucknow Super Giants,Lucknow Super Giants,field,Gujarat Titans,Shubman Gill,2023,1,3,6,6,22,1,0.7307692307692307,1.0,0.5,0.8,0.5833333333333334,0.0,0.5,0.4,177.82432432432432
1359527,2023-05-08,Kolkata,Eden Gardens,Punjab Kings,Kolkata Knight Riders,Punjab Kings,bat,Kolkata Knight Riders,AD Russell,2023,0,9,5,9,10,0,0.45982142857142855,0.3548387096774194,0.2727272727272727,0.4,0.5109170305676856,0.6451612903225806,0.5897435897435898,0.4,162.16666666666666
1359528,2023-05-09,Mumbai,Wankhede Stadium,Royal Challengers Bengaluru,Mumbai Indians,Mumbai Indians,field,Mumbai Indians,SA Yadav,2023,0,12,7,7,40,1,0.48695652173913045,0.43333333333333335,0.5,0.6,0.5654008438818565,0.5666666666666667,0.6081081081081081,0.4,166.984496124031
1359529,2023-05-10,Chennai,MA Chidambaram Stadium,Chennai Super Kings,Delhi Capitals,Chennai Super Kings,bat,Chennai Super Kings,RA Jadeja,2023,1,0,1,0,19,0,0.5852534562211982,0.6296296296296297,0.7166666666666667,0.6,0.45614035087719296,0.37037037037037035,0.3333333333333333,0.8,158.45698924731184
1359530,2023-05-11,Kolkata,Eden Gardens,Kolkata Knight Riders,Rajasthan Royals,Rajasthan Royals,field,Rajasthan Royals,YBK Jaiswal,2023,0,5,10,10,10,1,0.5130434782608696,0.5833333333333334,0.5949367088607594,0.6,0.5,0.4166666666666667,0.2,0.2,162.16666666666666
1359531,2023-05-12,Mumbai,Wankhede Stadium,Mumbai Indians,Gujarat Titans,Gujarat Titans,field,Mumbai Indians,SA Yadav,2023,1,7,3,3,40,1,0.5672268907563025,0.5,0.6133333333333333,0.6,0.7407407407407407,0.5,0.75,0.8,166.984496124031
1359532,2023-05-13,Hyderabad,Rajiv Gandhi International Stadium,Sunrisers Hyderabad,Lucknow Super Giants,Sunrisers Hyderabad,bat,Lucknow Super Giants,PN Mankad,2023,0,13,6,13,29,0,0.4592274678111588,0.0,0.5,0.4,0.56,1.0,0.5,0.4,161.58823529411765
1359533,2023-05-13,Delhi,Arun Jaitley Stadium,Punjab Kings,Delhi Capitals,Delhi Capitals,field,Punjab Kings,P Simran Singh,2023,1,9,1,1,0,1,0.4577777777777778,0.5172413793103449,0.5,0.4,0.45414847161572053,0.4827586206896552,0.5,0.6,179.7051282051282
1359534,2023-05-14,Jaipur,Sawai Mansingh Stadium,Royal Challengers Bengaluru,Rajasthan Royals,Royal Challengers Bengaluru,bat,Royal Challengers Bengaluru,WD Parnell,2023,1,12,10,12,32,0,0.48484848484848486,0.5384615384615384,0.42857142857142855,0.4,0.5025125628140703,0.46153846153846156,0.6470588235294118,0.4,161.11363636363637
1359535,2023-05-14,Chennai,MA Chidambaram Stadium,Chennai Super Kings,Kolkata Knight Riders,Chennai Super Kings,bat,Kolkata Knight Riders,RK Singh,2023,0,0,5,0,19,0,0.5871559633027523,0.6666666666666666,0.7213114754098361,0.6,0.5108225108225108,0.3333333333333333,0.25,0.6,158.45698924731184
1359536,2023-05-15,Ahmedabad,Narendra Modi Stadium,Gujarat Titans,Sunrisers Hyderabad,Sunrisers Hyderabad,field,Gujarat Titans,Shubman Gill,2023,1,3,13,13,22,1,0.7142857142857143,0.5,0.5714285714285714,0.6,0.45726495726495725,0.5,0.5,0.4,177.82432432432432
1359537,2023-05-16,Lucknow,Bharat Ratna Shri Atal Bihari Vajpayee Ekana Cricket Stadium,Lucknow Super Giants,Mumbai Indians,Mumbai Indians,field,Lucknow Super Giants,MP Stoinis,2023,1,6,7,7,3,1,0.5769230769230769,1.0,0.4,0.4,0.5690376569037657,0.0,0.5,0.8,169.0
1359538,2023-05-17,Dharamsala,Himachal Pradesh Cricket Association Stadium,Delhi Capitals,Punjab Kings,Punjab Kings,field,Delhi Capitals,RR Rossouw,2023,1,1,9,9,13,1,0.45217391304347826,0.4666666666666667,0.3333333333333333,0.4,0.46017699115044247,0.5333333333333333,0.5555555555555556,0.4,173.10714285714286
1359539,2023-05-18,Hyderabad,Rajiv Gandhi International Stadium,Sunrisers Hyderabad,Royal Challengers Bengaluru,Royal Challengers Bengaluru,field,Royal Challengers Bengaluru,V Kohli,2023,0,13,12,12,29,1,0.4553191489361702,0.5483870967741935,0.4925373134328358,0.4,0.4870689655172414,0.45161290322580644,0.2222222222222222,0.4,161.58823529411765
1359540,2023-05-19,Dharamsala,Himachal Pradesh Cricket Association Stadium,Punjab Kings,Rajasthan Royals,Rajasthan Royals,field,Rajasthan Royals,D Padikkal,2023,0,9,10,10,13,1,0.4581497797356828,0.4166666666666667,0.5,0.4,0.5,0.5833333333333334,0.5,0.2,173.10714285714286
1359541,2023-05-20,Delhi,Arun Jaitley Stadium,Chennai Super Kings,Delhi Capitals,Chennai Super Kings,bat,Chennai Super Kings,RD Gaikwad,2023,1,0,1,0,0,0,0.5844748858447488,0.6428571428571429,0.5,0.4,0.45454545454545453,0.35714285714285715,0.47368421052631576,0.6,179.7051282051282
1359542,2023-05-20,Kolkata,Eden Gardens,Lucknow Super Giants,Kolkata Knight Riders,Kolkata Knight Riders,field,Lucknow Super Giants,N Pooran,2023,1,6,5,5,10,1,0.5925925925925926,1.0,0.0,0.6,0.5129310344827587,0.0,0.5875,0.6,162.16666666666666
1359543,2023-05-21,Mumbai,Wankhede Stadium,Sunrisers Hyderabad,Mumbai Indians,Mumbai Indians,field,Mumbai Indians,C Green,2023,0,13,7,7,40,1,0.4533898305084746,0.4482758620689655,0.25,0.2,0.5666666666666667,0.5517241379310345,0.618421052631579,0.6,166.984496124031
1359544,2023-05-21,Bengaluru,M Chinnaswamy Stadium,Royal Challengers Bengaluru,Gujarat Titans,Gujarat Titans,field,Gujarat Titans,Shubman Gill,2023,0,12,3,3,17,1,0.4892703862660944,0.5,0.484375,0.6,0.7241379310344828,0.5,0.5,0.6,165.54651162790697
1370350,2023-05-23,Chennai,MA Chidambaram Stadium,Chennai Super Kings,Gujarat Titans,Gujarat Titans,field,Chennai Super Kings,RD Gaikwad,2023,1,0,3,3,19,1,0.5863636363636363,0.0,0.7096774193548387,0.6,0.7333333333333333,1.0,0.5,0.8,158.45698924731184
1370351,2023-05-24,Chennai,MA Chidambaram Stadium,Mumbai Indians,Lucknow Super Giants,Mumbai Indians,bat,Mumbai Indians,Akash Madhwal,2023,1,7,6,7,19,0,0.5684647302904564,0.0,0.5,0.6,0.6071428571428571,1.0,0.0,0.6,158.45698924731184
1370352,2023-05-26,Ahmedabad,Narendra Modi Stadium,Gujarat Titans,Mumbai Indians,Mumbai Indians,field,Gujarat Titans,Shubman Gill,2023,1,3,7,7,22,1,0.7096774193548387,0.3333333333333333,0.625,0.6,0.5702479338842975,0.6666666666666666,0.0,0.8,177.82432432432432
1370353,2023-05-29,Ahmedabad,Narendra Modi Stadium,Gujarat Titans,Chennai Super Kings,Chennai Super Kings,field,Chennai Super Kings,DP Conway,2023,0,3,0,0,22,1,0.71875,0.75,0.6666666666666666,0.6,0.5882352941176471,0.25,0.0,0.8,177.82432432432432
1422119,2024-03-22,Chennai,MA Chidambaram Stadium,Royal Challengers Bengaluru,Chennai Super Kings,Royal Challengers Bengaluru,bat,Chennai Super Kings,Mustafizur Rahman,2024,0,12,0,12,19,0,0.48717948717948717,0.3333333333333333,0.4166666666666667,0.4,0.5900900900900901,0.6666666666666666,0.7142857142857143,0.8,158.45698924731184
1422121,2024-03-23,Kolkata,Eden Gardens,Kolkata Knight Riders,Sunrisers Hyderabad,Sunrisers Hyderabad,field,Kolkata Knight Riders,AD Russell,2024,1,5,13,13,10,1,0.5107296137339056,0.6666666666666666,0.5802469135802469,0.6,0.45147679324894513,0.3333333333333333,0.25,0.2,162.16666666666666
1422120,2024-03-23,Mohali,Maharaja Yadavindra Singh International Cricket Stadium,Delhi Capitals,Punjab Kings,Punjab Kings,field,Punjab Kings,SM Curran,2024,0,1,9,9,20,1,0.4525862068965517,0.4838709677419355,0.5,0.4,0.45614035087719296,0.5161290322580645,0.5,0.2,176.43333333333334
1422122,2024-03-24,Jaipur,Sawai Mansingh Stadium,Rajasthan Royals,Lucknow Super Giants,Rajasthan Royals,bat,Rajasthan Royals,SV Samson,2024,1,10,6,10,32,0,0.5024875621890548,0.6666666666666666,0.6346153846153846,0.4,0.5862068965517241,0.3333333333333333,1.0,0.6,161.11363636363637
1422123,2024-03-24,Ahmedabad,Narendra Modi Stadium,Gujarat Titans,Mumbai Indians,Mumbai Indians,field,Gujarat Titans,B Sai Sudharsan,2024,1,3,7,7,22,1,0.696969696969697,0.5,0.6,0.6,0.5679012345679012,0.5,0.0,0.6,177.82432432432432
1422124,2024-03-25,Bengaluru,M Chinnaswamy Stadium,Punjab Kings,Royal Challengers Bengaluru,Royal Challengers Bengaluru,field,Royal Challengers Bengaluru,V Kohli,2024,0,9,12,12,17,1,0.4585152838427948,0.5483870967741935,0.5,0.4,0.4851063829787234,0.45161290322580644,0.47692307692307695,0.4,165.54651162790697
1422125,2024-03-26,Chennai,MA Chidambaram Stadium,Chennai Super Kings,Gujarat Titans,Gujarat Titans,field,Chennai Super Kings,S Dube,2024,1,0,3,3,19,1,0.5919282511210763,0.4,0.71875,0.8,0.7058823529411765,0.6,0.0,0.6,158.45698924731184
1422126,2024-03-27,Hyderabad,Rajiv Gandhi International Stadium,Sunrisers Hyderabad,Mumbai Indians,Mumbai Indians,field,Sunrisers Hyderabad,Abhishek Sharma,2024,1,13,7,7,29,1,0.4495798319327731,0.43333333333333335,0.4852941176470588,0.0,0.5655737704918032,0.5666666666666667,0.6666666666666666,0.4,161.58823529411765
1422127,2024-03-28,Jaipur,Sawai Mansingh Stadium,Rajasthan Royals,Delhi Capitals,Delhi Capitals,field,Rajasthan Royals,R Parag,2024,1,10,1,1,32,1,0.504950495049505,0.5185185185185185,0.6415094339622641,0.6,0.45064377682403434,0.48148148148148145,0.3333333333333333,0.2,161.11363636363637
1422128,2024-03-29,Bengaluru,M Chinnaswamy Stadium,Royal Challengers Bengaluru,Kolkata Knight Riders,Kolkata Knight Riders,field,Kolkata Knight Riders,SP Narine,2024,0,12,5,5,17,1,0.4872881355932203,0.4375,0.48484848484848486,0.6,0.5128205128205128,0.5625,0.5833333333333334,0.6,165.54651162790697
1422129,2024-03-30,Lucknow,Bharat Ratna Shri Atal Bihari Vajpayee Ekana Cricket Stadium,Lucknow Super Giants,Punjab Kings,Lucknow Super Giants,bat,Lucknow Super Giants,MP Yadav,2024,1,6,9,6,3,0,0.5666666666666667,0.6666666666666666,0.5,0.6,0.45652173913043476,0.3333333333333333,1.0,0.4,169.0
1422130,2024-03-31,Ahmedabad,Narendra Modi Stadium,Sunrisers Hyderabad,Gujarat Titans,Sunrisers Hyderabad,bat,Gujarat Titans,MM Sharma,2024,0,13,3,13,22,0,0.45188284518828453,0.3333333333333333,0.0,0.2,0.6857142857142857,0.6666666666666666,0.6363636363636364,0.4,177.82432432432432
1422131,2024-03-31,Visakhapatnam,Dr. Y.S. Rajasekhara Reddy ACA-VDCA Cricket Stadium,Delhi Capitals,Chennai Super Kings,Delhi Capitals,bat,Delhi Capitals,KK Ahmed,2024,1,1,0,1,8,0,0.44871794871794873,0.3448275862068966,0.4,0.2,0.59375,0.6551724137931034,1.0,1.0,155.73529411764707
1422132,2024-04-01,Mumbai,Wankhede Stadium,Mumbai Indians,Rajasthan Royals,Rajasthan Royals,field,Rajasthan Royals,TA Boult,2024,0,7,10,10,40,1,0.563265306122449,0.5555555555555556,0.6233766233766234,0.4,0.5073891625615764,0.4444444444444444,0.47368421052631576,0.8,166.984496124031
1422133,2024-04-02,Bengaluru,M Chinnaswamy Stadium,Lucknow Super Giants,Royal Challengers Bengaluru,Royal Challengers Bengaluru,field,Lucknow Super Giants,MP Yadav,2024,1,6,12,12,17,1,0.5806451612903226,0.25,1.0,0.6,0.48523206751054854,0.75,0.47761194029850745,0.4,165.54651162790697
1422134,2024-04-03,Visakhapatnam,Dr. Y.S. Rajasekhara Reddy ACA-VDCA Cricket Stadium,Kolkata Knight Riders,Delhi Capitals,Kolkata Knight Riders,bat,Kolkata Knight Riders,SP Narine,2024,1,5,1,5,8,0,0.5148936170212766,0.5333333333333333,0.0,0.6,0.451063829787234,0.4666666666666667,0.5,0.4,155.73529411764707
1422135,2024-04-04,Ahmedabad,Narendra Modi Stadium,Gujarat Titans,Punjab Kings,Punjab Kings,field,Punjab Kings,Shashank Singh,2024,0,3,9,9,22,1,0.6944444444444444,0.6666666666666666,0.6666666666666666,0.6,0.45454545454545453,0.3333333333333333,0.3333333333333333,0.2,177.82432432432432
1422136,2024-04-05,Hyderabad,Rajiv Gandhi International Stadium,Chennai Super Kings,Sunrisers Hyderabad,Sunrisers Hyderabad,field,Sunrisers Hyderabad,Abhishek Sharma,2024,0,0,13,13,29,1,0.5911111111111111,0.6896551724137931,0.5,0.8,0.45,0.3103448275862069,0.4927536231884058,0.2,161.58823529411765
1422137,2024-04-06,Jaipur,Sawai Mansingh Stadium,Royal Challengers Bengaluru,Rajasthan Royals,Rajasthan Royals,field,Rajasthan Royals,JC Buttler,2024,0,12,10,10,32,1,0.4831932773109244,0.5555555555555556,0.5,0.2,0.5098039215686274,0.4444444444444444,0.6481481481481481,0.8,161.11363636363637
1422138,2024-04-07,Mumbai,Wankhede Stadium,Mumbai Indians,Delhi Capitals,Delhi Capitals,field,Mumbai Indians,R Shepherd,2024,1,7,1,1,40,1,0.5609756097560976,0.5454545454545454,0.6153846153846154,0.2,0.4491525423728814,0.45454545454545453,0.35294117647058826,0.2,166.984496124031
1422139,2024-04-07,Lucknow,Bharat Ratna Shri Atal Bihari Vajpayee Ekana Cricket Stadium,Lucknow Super Giants,Gujarat Titans,Lucknow Super Giants,bat,Lucknow Super Giants,Yash Thakur,2024,1,6,3,6,3,0,0.59375,0.0,0.5714285714285714,0.6,0.6756756756756757,1.0,1.0,0.4,169.0
1426260,2024-04-08,Chennai,MA Chidambaram Stadium,Kolkata Knight Riders,Chennai Super Kings,Chennai Super Kings,field,Chennai Super Kings,RA Jadeja,2024,0,5,0,0,19,1,0.5169491525423728,0.35714285714285715,0.3076923076923077,0.8,0.588495575221239,0.6428571428571429,0.7230769230769231,0.6,158.45698924731184
1426261,2024-04-09,Mohali,Maharaja Yadavindra Singh International Cricket Stadium,Sunrisers Hyderabad,Punjab Kings,Punjab Kings,field,Sunrisers Hyderabad,Nithish Kumar Reddy,2024,1,13,9,9,20,1,0.45228215767634855,0.5483870967741935,0.5,0.4,0.45689655172413796,0.45161290322580644,1.0,0.4,176.43333333333334
1426262,2024-04-10,Jaipur,Sawai Mansingh Stadium,Rajasthan Royals,Gujarat Titans,Gujarat Titans,field,Gujarat Titans,Rashid Khan,2024,0,10,3,3,32,1,0.5121951219512195,0.2,0.6545454545454545,1.0,0.6578947368421053,0.8,1.0,0.4,161.11363636363637
1426263,2024-04-11,Mumbai,Wankhede Stadium,Royal Challengers Bengaluru,Mumbai Indians,Mumbai Indians,field,Mumbai Indians,JJ Bumrah,2024,0,12,7,7,40,1,0.4811715481171548,0.41935483870967744,0.47058823529411764,0.2,0.562753036437247,0.5806451612903226,0.620253164556962,0.2,166.984496124031
1426264,2024-04-12,Lucknow,Bharat Ratna Shri Atal Bihari Vajpayee Ekana Cricket Stadium,Lucknow Super Giants,Delhi Capitals,Lucknow Super Giants,bat,Delhi Capitals,Kuldeep Yadav,2024,0,6,1,6,3,0,0.6060606060606061,1.0,0.625,0.6,0.4472573839662447,0.0,0.0,0.2,169.0
1426265,2024-04-13,Mohali,Maharaja Yadavindra Singh International Cricket Stadium,Punjab Kings,Rajasthan Royals,Rajasthan Royals,field,Rajasthan Royals,SO Hetmyer,2024,0,9,10,10,20,1,0.45493562231759654,0.4,0.5,0.4,0.5097087378640777,0.6,0.5,0.8,176.43333333333334
1426266,2024-04-14,Kolkata,Eden Gardens,Lucknow Super Giants,Kolkata Knight Riders,Kolkata Knight Riders,field,Kolkata Knight Riders,PD Salt,2024,0,6,5,5,10,1,0.5882352941176471,1.0,0.5,0.6,0.5147679324894515,0.0,0.5853658536585366,0.6,162.16666666666666
1426267,2024-04-14,Mumbai,Wankhede Stadium,Chennai Super Kings,Mumbai Indians,Mumbai Indians,field,Chennai Super Kings,M Pathirana,2024,1,0,7,7,40,1,0.5903083700440529,0.4444444444444444,0.5,0.6,0.5645161290322581,0.5555555555555556,0.625,0.4,166.984496124031
1426268,2024-04-15,Bengaluru,M Chinnaswamy Stadium,Sunrisers Hyderabad,Royal Challengers Bengaluru,Royal Challengers Bengaluru,field,Sunrisers Hyderabad,TM Head,2024,1,13,12,12,17,1,0.45454545454545453,0.53125,0.3333333333333333,0.6,0.4791666666666667,0.46875,0.47058823529411764,0.2,165.54651162790697
1426269,2024-04-16,Kolkata,Eden Gardens,Kolkata Knight Riders,Rajasthan Royals,Rajasthan Royals,field,Rajasthan Royals,JC Buttler,2024,0,5,10,10,10,1,0.5168067226890757,0.56,0.5903614457831325,0.8,0.5120772946859904,0.44,0.2727272727272727,0.8,162.16666666666666
1426270,2024-04-17,Ahmedabad,Narendra Modi Stadium,Gujarat Titans,Delhi Capitals,Delhi Capitals,field,Delhi Capitals,RR Pant,2024,0,3,1,1,22,1,0.6666666666666666,0.6666666666666666,0.6153846153846154,0.4,0.4495798319327731,0.3333333333333333,0.75,0.4,177.82432432432432
1426271,2024-04-18,Mohali,Maharaja Yadavindra Singh International Cricket Stadium,Mumbai Indians,Punjab Kings,Punjab Kings,field,Mumbai Indians,JJ Bumrah,2024,1,7,9,9,20,1,0.5622489959839357,0.5333333333333333,0.5,0.4,0.452991452991453,0.4666666666666667,0.3333333333333333,0.2,176.43333333333334
1426272,2024-04-19,Lucknow,Bharat Ratna Shri Atal Bihari Vajpayee Ekana Cricket Stadium,Chennai Super Kings,Lucknow Super Giants,Lucknow Super Giants,field,Lucknow Super Giants,KL Rahul,2024,0,0,6,6,3,1,0.5921052631578947,0.5,0.5,0.6,0.5714285714285714,0.5,0.5555555555555556,0.6,169.0
1426273,2024-04-20,Delhi,Arun Jaitley Stadium,Sunrisers Hyderabad,Delhi Capitals,Delhi Capitals,field,Sunrisers Hyderabad,TM Head,2024,1,13,1,1,0,1,0.4567901234567901,0.48484848484848486,0.6,0.8,0.45188284518828453,0.5151515151515151,0.45,0.6,179.7051282051282
1426274,2024-04-21,Kolkata,Eden Gardens,Kolkata Knight Riders,Royal Challengers Bengaluru,Royal Challengers Bengaluru,field,Kolkata Knight Riders,AD Russell,2024,1,5,12,12,10,1,0.5146443514644351,0.5757575757575758,0.5833333333333334,0.6,0.47717842323651455,0.42424242424242425,0.4166666666666667,0.0,162.16666666666666
1426275,2024-04-21,Mohali,Maharaja Yadavindra Singh International Cricket Stadium,Punjab Kings,Gujarat Titans,Punjab Kings,bat,Gujarat Titans,R Sai Kishore,2024,0,9,3,9,20,0,0.451063829787234,0.5,0.25,0.2,0.65,0.5,0.5,0.4,176.43333333333334
1426276,2024-04-22,Jaipur,Sawai Mansingh Stadium,Mumbai Indians,Rajasthan Royals,Mumbai Indians,bat,Rajasthan Royals,Sandeep Sharma,2024,0,7,10,7,32,0,0.564,0.5357142857142857,0.2857142857142857,0.6,0.5144230769230769,0.4642857142857143,0.6428571428571429,0.8,161.11363636363637
1426277,2024-04-23,Chennai,MA Chidambaram Stadium,Chennai Super Kings,Lucknow Super Giants,Lucknow Super Giants,field,Lucknow Super Giants,MP Stoinis,2024,0,0,6,6,19,1,0.5895196506550219,0.3333333333333333,0.7272727272727273,0.4,0.5833333333333334,0.6666666666666666,0.0,0.6,158.45698924731184
1426278,2024-04-24,Delhi,Arun Jaitley Stadium,Delhi Capitals,Gujarat Titans,Gujarat Titans,field,Delhi Capitals,RR Pant,2024,1,1,3,3,0,1,0.45,0.5,0.42857142857142855,0.4,0.6585365853658537,0.5,1.0,0.4,179.7051282051282
1426279,2024-04-25,Hyderabad,Rajiv Gandhi International Stadium,Royal Challengers Bengaluru,Sunrisers Hyderabad,Royal Challengers Bengaluru,bat,Royal Challengers Bengaluru,RM Patidar,2024,1,12,13,12,29,0,0.47520661157024796,0.45454545454545453,0.3,0.0,0.45901639344262296,0.5454545454545454,0.5,0.8,161.58823529411765
1426280,2024-04-26,Kolkata,Eden Gardens,Kolkata Knight Riders,Punjab Kings,Punjab Kings,field,Punjab Kings,JM Bairstow,2024,0,5,9,9,10,1,0.5166666666666667,0.65625,0.5882352941176471,0.6,0.4491525423728814,0.34375,0.25,0.2,162.16666666666666
1426281,2024-04-27,Delhi,Arun Jaitley Stadium,Delhi Capitals,Mumbai Indians,Mumbai Indians,field,Delhi Capitals,J Fraser-McGurk,2024,1,1,7,7,0,1,0.45228215767634855,0.4411764705882353,0.45454545454545453,0.6,0.5617529880478087,0.5588235294117647,0.8,0.6,179.7051282051282
1426282,2024-04-27,Lucknow,Bharat Ratna Shri Atal Bihari Vajpayee Ekana Cricket Stadium,Lucknow Super Giants,Rajasthan Royals,Rajasthan Royals,field,Rajasthan Royals,SV Samson,2024,0,6,10,10,3,1,0.5945945945945946,0.25,0.6,0.6,0.5167464114832536,0.75,0.5,0.8,169.0
1426283,2024-04-28,Ahmedabad,Narendra Modi Stadium,Gujarat Titans,Royal Challengers Bengaluru,Royal Challengers Bengaluru,field,Royal Challengers Bengaluru,WG Jacks,2024,0,3,12,12,22,1,0.6428571428571429,0.6666666666666666,0.5714285714285714,0.4,0.4773662551440329,0.3333333333333333,0.3333333333333333,0.2,177.82432432432432
1426284,2024-04-28,Chennai,MA Chidambaram Stadium,Chennai Super Kings,Sunrisers Hyderabad,Sunrisers Hyderabad,field,Chennai Super Kings,RD Gaikwad,2024,1,0,13,13,19,1,0.5869565217391305,0.6666666666666666,0.7164179104477612,0.4,0.45714285714285713,0.3333333333333333,0.25,0.8,158.45698924731184
1426285,2024-04-29,Kolkata,Eden Gardens,Delhi Capitals,Kolkata Knight Riders,Delhi Capitals,bat,Kolkata Knight Riders,CV Varun,2024,0,1,5,1,10,0,0.45454545454545453,0.45161290322580644,0.2222222222222222,0.8,0.5145228215767634,0.5483870967741935,0.5813953488372093,0.4,162.16666666666666
1426286,2024-04-30,Lucknow,Bharat Ratna Shri Atal Bihari Vajpayee Ekana Cricket Stadium,Mumbai Indians,Lucknow Super Giants,Lucknow Super Giants,field,Lucknow Super Giants,MP Stoinis,2024,0,7,6,6,3,1,0.5595238095238095,0.25,0.0,0.4,0.5789473684210527,0.75,0.5454545454545454,0.4,169.0
1426287,2024-05-01,Chennai,MA Chidambaram Stadium,Chennai Super Kings,Punjab Kings,Punjab Kings,field,Punjab Kings,Harpreet Brar,2024,0,0,9,9,19,1,0.5887445887445888,0.5555555555555556,0.7205882352941176,0.6,0.45147679324894513,0.4444444444444444,0.375,0.2,158.45698924731184
1426288,2024-05-02,Hyderabad,Rajiv Gandhi International Stadium,Sunrisers Hyderabad,Rajasthan Royals,Sunrisers Hyderabad,bat,Sunrisers Hyderabad,B Kumar,2024,1,13,10,13,29,0,0.45528455284552843,0.4074074074074074,0.49295774647887325,0.6,0.5190476190476191,0.5925925925925926,0.42857142857142855,0.8,161.58823529411765
1426289,2024-05-03,Mumbai,Wankhede Stadium,Kolkata Knight Riders,Mumbai Indians,Mumbai Indians,field,Kolkata Knight Riders,VR Iyer,2024,1,5,7,7,40,1,0.5165289256198347,0.28125,0.25,0.6,0.5573122529644269,0.71875,0.6172839506172839,0.2,166.984496124031
1426290,2024-05-04,Bengaluru,M Chinnaswamy Stadium,Gujarat Titans,Royal Challengers Bengaluru,Royal Challengers Bengaluru,field,Royal Challengers Bengaluru,Mohammed Siraj,2024,0,3,12,12,17,1,0.627906976744186,0.5,1.0,0.4,0.47950819672131145,0.5,0.463768115942029,0.4,165.54651162790697
1426291,2024-05-05,Dharamsala,Himachal Pradesh Cricket Association Stadium,Chennai Super Kings,Punjab Kings,Punjab Kings,field,Chennai Super Kings,RA Jadeja,2024,1,0,9,9,13,1,0.5862068965517241,0.5357142857142857,0.5,0.4,0.453781512605042,0.4642857142857143,0.45454545454545453,0.4,173.10714285714286
1426292,2024-05-05,Lucknow,Bharat Ratna Shri Atal Bihari Vajpayee Ekana Cricket Stadium,Kolkata Knight Riders,Lucknow Super Giants,Lucknow Super Giants,field,Kolkata Knight Riders,SP Narine,2024,1,5,6,6,3,1,0.5185185185185185,0.25,0.5,0.6,0.5897435897435898,0.75,0.5833333333333334,0.6,169.0
1426293,2024-05-06,Mumbai,Wankhede Stadium,Sunrisers Hyderabad,Mumbai Indians,Mumbai Indians,field,Mumbai Indians,SA Yadav,2024,0,13,7,7,40,1,0.4574898785425101,0.45161290322580644,0.23076923076923078,0.6,0.5551181102362205,0.5483870967741935,0.6097560975609756,0.2,166.984496124031
1426294,2024-05-07,Delhi,Arun Jaitley Stadium,Delhi Capitals,Rajasthan Royals,Rajasthan Royals,field,Delhi Capitals,Kuldeep Yadav,2024,1,1,10,10,0,1,0.45267489711934156,0.4642857142857143,0.4782608695652174,0.6,0.5165876777251185,0.5357142857142857,0.25,0.8,179.7051282051282
1426295,2024-05-08,Hyderabad,Rajiv Gandhi International Stadium,Lucknow Super Giants,Sunrisers Hyderabad,Lucknow Super Giants,bat,Sunrisers Hyderabad,TM Head,2024,0,6,13,6,29,0,0.575,1.0,1.0,0.6,0.45564516129032256,0.0,0.5,0.4,161.58823529411765
1426296,2024-05-09,Dharamsala,Himachal Pradesh Cricket Association Stadium,Royal Challengers Bengaluru,Punjab Kings,Punjab Kings,field,Royal Challengers Bengaluru,V Kohli,2024,1,12,9,9,13,1,0.4816326530612245,0.46875,0.0,0.6,0.45188284518828453,0.53125,0.4166666666666667,0.4,173.10714285714286
1426297,2024-05-10,Ahmedabad,Narendra Modi Stadium,Gujarat Titans,Chennai Super Kings,Chennai Super Kings,field,Gujarat Titans,Shubman Gill,2024,1,3,0,0,22,1,0.6136363636363636,0.5,0.5333333333333333,0.2,0.5879828326180258,0.5,0.5,0.4,177.82432432432432
1426298,2024-05-11,Kolkata,Eden Gardens,Kolkata Knight Riders,Mumbai Indians,Mumbai Indians,field,Kolkata Knight Riders,CV Varun,2024,1,5,7,7,10,1,0.5204918032786885,0.30303030303030304,0.5862068965517241,0.8,0.5568627450980392,0.696969696969697,0.7692307692307693,0.2,162.16666666666666
1426299,2024-05-12,Chennai,MA Chidambaram Stadium,Rajasthan Royals,Chennai Super Kings,Rajasthan Royals,bat,Chennai Super Kings,Simarjeet Singh,2024,0,10,0,10,19,0,0.5141509433962265,0.4642857142857143,0.25,0.6,0.5854700854700855,0.5357142857142857,0.7101449275362319,0.4,158.45698924731184
1426300,2024-05-12,Bengaluru,M Chinnaswamy Stadium,Royal Challengers Bengaluru,Delhi Capitals,Delhi Capitals,field,Royal Challengers Bengaluru,C Green,2024,1,12,1,1,17,1,0.483739837398374,0.6071428571428571,0.4714285714285714,0.8,0.45491803278688525,0.39285714285714285,0.5,0.6,165.54651162790697
1426302,2024-05-14,Delhi,Arun Jaitley Stadium,Delhi Capitals,Lucknow Super Giants,Lucknow Super Giants,field,Delhi Capitals,I Sharma,2024,1,1,6,6,0,1,0.4530612244897959,0.25,0.5,0.6,0.5609756097560976,0.75,0.5,0.4,179.7051282051282
1426303,2024-05-15,Guwahati,Barsapara Cricket Stadium,Rajasthan Royals,Punjab Kings,Rajasthan Royals,bat,Punjab Kings,SM Curran,2024,0,10,9,10,2,0,0.5117370892018779,0.6153846153846154,0.5,0.4,0.45,0.38461538461538464,1.0,0.4,163.25
1426305,2024-05-17,Mumbai,Wankhede Stadium,Lucknow Super Giants,Mumbai Indians,Mumbai Indians,field,Lucknow Super Giants,N Pooran,2024,1,6,7,7,40,1,0.5476190476190477,0.8,0.5,0.2,0.5546875,0.2,0.6144578313253012,0.2,166.984496124031
1426306,2024-05-18,Bengaluru,M Chinnaswamy Stadium,Royal Challengers Bengaluru,Chennai Super Kings,Chennai Super Kings,field,Royal Challengers Bengaluru,F du Plessis,2024,1,12,0,0,17,1,0.48582995951417,0.3225806451612903,0.4788732394366197,1.0,0.5872340425531914,0.6774193548387096,0.625,0.6,165.54651162790697
1426307,2024-05-19,Hyderabad,Rajiv Gandhi International Stadium,Punjab Kings,Sunrisers Hyderabad,Punjab Kings,bat,Sunrisers Hyderabad,Abhishek Sharma,2024,0,9,13,9,29,0,0.45228215767634855,0.4375,0.36363636363636365,0.6,0.4578313253012048,0.5625,0.5068493150684932,0.4,161.58823529411765
1426309,2024-05-21,Ahmedabad,Narendra Modi Stadium,Sunrisers Hyderabad,Kolkata Knight Riders,Sunrisers Hyderabad,bat,Kolkata Knight Riders,MA Starc,2024,0,13,5,13,22,0,0.46,0.3235294117647059,0.0,0.6,0.5224489795918368,0.6764705882352942,0.6666666666666666,0.8,177.82432432432432
1426310,2024-05-22,Ahmedabad,Narendra Modi Stadium,Royal Challengers Bengaluru,Rajasthan Royals,Rajasthan Royals,field,Rajasthan Royals,R Ashwin,2024,0,12,10,10,22,1,0.4879032258064516,0.5357142857142857,0.5,1.0,0.5093457943925234,0.4642857142857143,0.6666666666666666,0.2,177.82432432432432
1426311,2024-05-24,Chennai,MA Chidambaram Stadium,Sunrisers Hyderabad,Rajasthan Royals,Rajasthan Royals,field,Sunrisers Hyderabad,Shahbaz Ahmed,2024,1,13,10,10,19,1,0.4581673306772908,0.42857142857142855,0.23076923076923078,0.6,0.5116279069767442,0.5714285714285714,0.2222222222222222,0.2,158.45698924731184
1426312,2024-05-26,Chennai,MA Chidambaram Stadium,Sunrisers Hyderabad,Kolkata Knight Riders,Sunrisers Hyderabad,bat,Kolkata Knight Riders,MA Starc,2024,0,13,5,13,19,0,0.4603174603174603,0.3142857142857143,0.2857142857142857,0.6,0.524390243902439,0.6857142857142857,0.2857142857142857,1.0,158.45698924731184
1473438,2025-03-22,Kolkata,Eden Gardens,Kolkata Knight Riders,Royal Challengers Bengaluru,Royal Challengers Bengaluru,field,Royal Challengers Bengaluru,KH Pandya,2025,0,5,12,12,10,1,0.5263157894736842,0.5882352941176471,0.5909090909090909,1.0,0.4859437751004016,0.4117647058823529,0.38461538461538464,0.8,162.16666666666666
1473440,2025-03-23,Chennai,MA Chidambaram Stadium,Mumbai Indians,Chennai Super Kings,Chennai Super Kings,field,Chennai Super Kings,Noor Ahmad,2025,0,7,0,0,19,1,0.5525291828793775,0.5405405405405406,0.5333333333333333,0.2,0.5847457627118644,0.4594594594594595,0.7142857142857143,0.4,158.45698924731184
1473439,2025-03-23,Hyderabad,Rajiv Gandhi International Stadium,Sunrisers Hyderabad,Rajasthan Royals,Rajasthan Royals,field,Sunrisers Hyderabad,Ishan Kishan,2025,1,13,10,10,29,1,0.45849802371541504,0.4482758620689655,0.5135135135135135,0.6,0.5092592592592593,0.5517241379310345,0.375,0.2,161.58823529411765
1473441,2025-03-24,Visakhapatnam,Dr. Y.S. Rajasekhara Reddy ACA-VDCA Cricket Stadium,Lucknow Super Giants,Delhi Capitals,Delhi Capitals,field,Delhi Capitals,Ashutosh Sharma,2025,0,6,1,1,8,1,0.5581395348837209,0.6,0.5,0.4,0.45528455284552843,0.4,0.42857142857142855,0.6,155.73529411764707
1473442,2025-03-25,Ahmedabad,Narendra Modi Stadium,Punjab Kings,Gujarat Titans,Gujarat Titans,field,Punjab Kings,SS Iyer,2025,1,9,3,3,22,1,0.45041322314049587,0.4,0.5,0.4,0.6222222222222222,0.6,0.5625,0.4,177.82432432432432
1473443,2025-03-26,Guwahati,Barsapara Cricket Stadium,Rajasthan Royals,Kolkata Knight Riders,Kolkata Knight Riders,field,Kolkata Knight Riders,Q de Kock,2025,0,10,5,5,2,1,0.5069124423963134,0.46153846153846156,0.3333333333333333,0.2,0.5241935483870968,0.5384615384615384,0.5,0.8,163.25
1473444,2025-03-27,Hyderabad,Rajiv Gandhi International Stadium,Sunrisers Hyderabad,Lucknow Super Giants,Lucknow Super Giants,field,Lucknow Super Giants,SN Thakur,2025,0,13,6,6,29,1,0.46062992125984253,0.25,0.52,0.6,0.5454545454545454,0.75,0.5,0.2,161.58823529411765
1473445,2025-03-28,Chennai,MA Chidambaram Stadium,Royal Challengers Bengaluru,Chennai Super Kings,Chennai Super Kings,field,Royal Challengers Bengaluru,RM Patidar,2025,1,12,0,0,19,1,0.488,0.34375,0.38461538461538464,0.8,0.5864978902953587,0.65625,0.7183098591549296,0.6,158.45698924731184
1473446,2025-03-29,Ahmedabad,Narendra Modi Stadium,Gujarat Titans,Mumbai Indians,Mumbai Indians,field,Gujarat Titans,M Prasidh Krishna,2025,1,3,7,7,22,1,0.6086956521739131,0.6,0.5294117647058824,0.2,0.5503875968992248,0.4,0.0,0.2,177.82432432432432
1473447,2025-03-30,Visakhapatnam,Dr. Y.S. Rajasekhara Reddy ACA-VDCA Cricket Stadium,Sunrisers Hyderabad,Delhi Capitals,Sunrisers Hyderabad,bat,Delhi Capitals,MA Starc,2025,0,13,1,13,8,0,0.4588235294117647,0.5,0.375,0.4,0.4574898785425101,0.5,0.5,0.6,155.73529411764707
1473448,2025-03-30,Guwahati,Barsapara Cricket Stadium,Rajasthan Royals,Chennai Super Kings,Chennai Super Kings,field,Rajasthan Royals,N Rana,2025,1,10,0,0,2,1,0.5045871559633027,0.4482758620689655,0.25,0.2,0.5840336134453782,0.5517241379310345,0.5,0.4,163.25
1473449,2025-03-31,Mumbai,Wankhede Stadium,Kolkata Knight Riders,Mumbai Indians,Mumbai Indians,field,Mumbai Indians,Ashwani Kumar,2025,0,5,7,7,40,1,0.5261044176706827,0.3235294117647059,0.29411764705882354,0.8,0.5482625482625483,0.6764705882352942,0.6071428571428571,0.2,166.984496124031
1473450,2025-04-01,Lucknow,Bharat Ratna Shri Atal Bihari Vajpayee Ekana Cricket Stadium,Lucknow Super Giants,Punjab Kings,Punjab Kings,field,Punjab Kings,P Simran Singh,2025,0,6,9,9,3,1,0.5555555555555556,0.75,0.5384615384615384,0.4,0.45267489711934156,0.25,0.5,0.4,169.0
1473451,2025-04-02,Bengaluru,M Chinnaswamy Stadium,Royal Challengers Bengaluru,Gujarat Titans,Gujarat Titans,field,Gujarat Titans,Mohammed Siraj,2025,0,12,3,3,17,1,0.4900398406374502,0.6,0.4861111111111111,0.8,0.6170212765957447,0.4,0.5,0.4,165.54651162790697
1473452,2025-04-03,Kolkata,Eden Gardens,Kolkata Knight Riders,Sunrisers Hyderabad,Sunrisers Hyderabad,field,Kolkata Knight Riders,VG Arora,2025,1,5,13,13,10,1,0.524,0.6944444444444444,0.5842696629213483,0.6,0.45703125,0.3055555555555556,0.23076923076923078,0.4,162.16666666666666
1473453,2025-04-04,Lucknow,Bharat Ratna Shri Atal Bihari Vajpayee Ekana Cricket Stadium,Lucknow Super Giants,Mumbai Indians,Mumbai Indians,field,Lucknow Super Giants,DS Rathi,2025,1,6,7,7,3,1,0.5434782608695652,0.8333333333333334,0.5,0.4,0.55,0.16666666666666666,0.0,0.2,169.0
1473455,2025-04-05,Mohali,Maharaja Yadavindra Singh International Cricket Stadium,Rajasthan Royals,Punjab Kings,Punjab Kings,field,Rajasthan Royals,JC Archer,2025,1,10,9,9,20,1,0.5068493150684932,0.5925925925925926,1.0,0.4,0.45491803278688525,0.4074074074074074,0.2,0.6,176.43333333333334
1473454,2025-04-05,Chennai,MA Chidambaram Stadium,Delhi Capitals,Chennai Super Kings,Delhi Capitals,bat,Delhi Capitals,KL Rahul,2025,1,1,0,1,19,0,0.4596774193548387,0.36666666666666664,0.3,0.8,0.5815899581589958,0.6333333333333333,0.7083333333333334,0.4,158.45698924731184
1473457,2025-04-06,Hyderabad,Rajiv Gandhi International Stadium,Sunrisers Hyderabad,Gujarat Titans,Gujarat Titans,field,Gujarat Titans,Mohammed Siraj,2025,0,13,3,3,29,1,0.45525291828793774,0.25,0.5131578947368421,0.2,0.625,0.75,0.5,0.6,161.58823529411765
1473458,2025-04-07,Mumbai,Wankhede Stadium,Royal Challengers Bengaluru,Mumbai Indians,Mumbai Indians,field,Royal Challengers Bengaluru,RM Patidar,2025,1,12,7,7,40,1,0.4880952380952381,0.40625,0.4444444444444444,0.6,0.5478927203065134,0.59375,0.611764705882353,0.2,166.984496124031
1473456,2025-04-08,Kolkata,Eden Gardens,Lucknow Super Giants,Kolkata Knight Riders,Kolkata Knight Riders,field,Lucknow Super Giants,N Pooran,2025,1,6,5,5,10,1,0.5531914893617021,0.6,0.3333333333333333,0.6,0.5258964143426295,0.4,0.5888888888888889,0.6,162.16666666666666
1473459,2025-04-08,Mohali,Maharaja Yadavindra Singh International Cricket Stadium,Punjab Kings,Chennai Super Kings,Punjab Kings,bat,Punjab Kings,Priyansh Arya,2025,1,9,0,9,20,0,0.4530612244897959,0.4482758620689655,0.16666666666666666,0.6,0.5791666666666667,0.5517241379310345,0.5,0.2,176.43333333333334
1473460,2025-04-09,Ahmedabad,Narendra Modi Stadium,Gujarat Titans,Rajasthan Royals,Rajasthan Royals,field,Gujarat Titans,B Sai Sudharsan,2025,1,3,10,10,22,1,0.6326530612244898,0.8333333333333334,0.5555555555555556,0.8,0.509090909090909,0.16666666666666666,0.75,0.4,177.82432432432432
1473461,2025-04-10,Bengaluru,M Chinnaswamy Stadium,Royal Challengers Bengaluru,Delhi Capitals,Delhi Capitals,field,Delhi Capitals,KL Rahul,2025,0,12,1,1,17,1,0.4901185770750988,0.6206896551724138,0.4794520547945205,0.6,0.46184738955823296,0.3793103448275862,0.42857142857142855,0.8,165.54651162790697
1473462,2025-04-11,Chennai,MA Chidambaram Stadium,Chennai Super Kings,Kolkata Knight Riders,Kolkata Knight Riders,field,Kolkata Knight Riders,SP Narine,2025,0,0,5,5,19,1,0.5767634854771784,0.6551724137931034,0.6986301369863014,0.2,0.5238095238095238,0.3448275862068966,0.3333333333333333,0.4,158.45698924731184
1473463,2025-04-12,Lucknow,Bharat Ratna Shri Atal Bihari Vajpayee Ekana Cricket Stadium,Gujarat Titans,Lucknow Super Giants,Lucknow Super Giants,field,Lucknow Super Giants,AK Markram,2025,0,3,6,6,3,1,0.64,0.8,0.5,0.8,0.5625,0.2,0.5333333333333333,0.6,169.0
1473464,2025-04-12,Hyderabad,Rajiv Gandhi International Stadium,Punjab Kings,Sunrisers Hyderabad,Punjab Kings,bat,Sunrisers Hyderabad,Abhishek Sharma,2025,0,9,13,9,29,0,0.45528455284552843,0.42424242424242425,0.3333333333333333,0.6,0.45348837209302323,0.5757575757575758,0.5064935064935064,0.2,161.58823529411765
1473465,2025-04-13,Jaipur,Sawai Mansingh Stadium,Rajasthan Royals,Royal Challengers Bengaluru,Royal Challengers Bengaluru,field,Royal Challengers Bengaluru,PD Salt,2025,0,10,12,12,32,1,0.5067873303167421,0.4827586206896552,0.6491228070175439,0.4,0.4881889763779528,0.5172413793103449,0.4444444444444444,0.6,161.11363636363637
1473466,2025-04-13,Delhi,Arun Jaitley Stadium,Mumbai Indians,Delhi Capitals,Delhi Capitals,field,Mumbai Indians,KV Sharma,2025,1,7,1,1,0,1,0.5458015267175572,0.5428571428571428,0.6666666666666666,0.2,0.464,0.45714285714285713,0.52,1.0,179.7051282051282
1473467,2025-04-14,Lucknow,Bharat Ratna Shri Atal Bihari Vajpayee Ekana Cricket Stadium,Lucknow Super Giants,Chennai Super Kings,Chennai Super Kings,field,Chennai Super Kings,MS Dhoni,2025,0,6,0,0,3,1,0.5714285714285714,0.75,0.5625,0.8,0.5743801652892562,0.25,0.0,0.0,169.0
1473468,2025-04-15,Mohali,Maharaja Yadavindra Singh International Cricket Stadium,Punjab Kings,Kolkata Knight Riders,Punjab Kings,bat,Punjab Kings,YS Chahal,2025,1,9,5,9,20,0,0.4534412955465587,0.36363636363636365,0.2857142857142857,0.6,0.525691699604743,0.6363636363636364,0.5,0.6,176.43333333333334
1473470,2025-04-17,Mumbai,Wankhede Stadium,Sunrisers Hyderabad,Mumbai Indians,Mumbai Indians,field,Mumbai Indians,WG Jacks,2025,0,13,7,7,40,1,0.4555984555984556,0.4375,0.21428571428571427,0.2,0.5475285171102662,0.5625,0.6046511627906976,0.4,166.984496124031
1473471,2025-04-18,Bengaluru,M Chinnaswamy Stadium,Royal Challengers Bengaluru,Punjab Kings,Punjab Kings,field,Punjab Kings,TH David,2025,0,12,9,9,17,1,0.49019607843137253,0.48484848484848486,0.47297297297297297,0.6,0.45564516129032256,0.5151515151515151,0.45454545454545453,0.6,165.54651162790697
1473472,2025-04-19,Ahmedabad,Narendra Modi Stadium,Delhi Capitals,Gujarat Titans,Gujarat Titans,field,Gujarat Titans,JC Buttler,2025,0,1,3,3,22,1,0.46215139442231074,0.6,0.8,0.8,0.6274509803921569,0.4,0.5789473684210527,0.8,177.82432432432432
1473473,2025-04-19,Jaipur,Sawai Mansingh Stadium,Lucknow Super Giants,Rajasthan Royals,Lucknow Super Giants,bat,Lucknow Super Giants,Avesh Khan,2025,1,6,10,6,32,0,0.56,0.2,0.5,0.6,0.5045045045045045,0.8,0.6379310344827587,0.4,161.11363636363637
1473474,2025-04-20,Mohali,Maharaja Yadavindra Singh International Cricket Stadium,Punjab Kings,Royal Challengers Bengaluru,Royal Challengers Bengaluru,field,Royal Challengers Bengaluru,V Kohli,2025,0,9,12,12,20,1,0.4578313253012048,0.5294117647058824,0.375,0.6,0.48828125,0.47058823529411764,0.5,0.4,176.43333333333334
1473475,2025-04-20,Mumbai,Wankhede Stadium,Chennai Super Kings,Mumbai Indians,Mumbai Indians,field,Mumbai Indians,RG Sharma,2025,0,0,7,7,40,1,0.5761316872427984,0.47368421052631576,0.52,0.2,0.5492424242424242,0.5263157894736842,0.6091954022988506,0.6,166.984496124031
1473476,2025-04-21,Kolkata,Eden Gardens,Gujarat Titans,Kolkata Knight Riders,Kolkata Knight Riders,field,Gujarat Titans,Shubman Gill,2025,1,3,5,5,10,1,0.6346153846153846,0.6666666666666666,1.0,0.8,0.5236220472440944,0.3333333333333333,0.5824175824175825,0.4,162.16666666666666
1473477,2025-04-22,Lucknow,Bharat Ratna Shri Atal Bihari Vajpayee Ekana Cricket Stadium,Lucknow Super Giants,Delhi Capitals,Delhi Capitals,field,Delhi Capitals,Mukesh Kumar,2025,0,6,1,1,3,1,0.5686274509803921,0.5,0.5294117647058824,0.8,0.4603174603174603,0.5,0.5,0.6,169.0
1473478,2025-04-23,Hyderabad,Rajiv Gandhi International Stadium,Sunrisers Hyderabad,Mumbai Indians,Mumbai Indians,field,Mumbai Indians,TA Boult,2025,0,13,7,7,29,1,0.45384615384615384,0.42424242424242425,0.5128205128205128,0.2,0.5509433962264151,0.5757575757575758,0.6153846153846154,0.6,161.58823529411765
1473479,2025-04-24,Bengaluru,M Chinnaswamy Stadium,Royal Challengers Bengaluru,Rajasthan Royals,Rajasthan Royals,field,Royal Challengers Bengaluru,JR Hazlewood,2025,1,12,10,10,17,1,0.490272373540856,0.5333333333333333,0.4666666666666667,0.6,0.5022421524663677,0.4666666666666667,0.5,0.4,165.54651162790697
1473480,2025-04-25,Chennai,MA Chidambaram Stadium,Chennai Super Kings,Sunrisers Hyderabad,Sunrisers Hyderabad,field,Sunrisers Hyderabad,HV Patel,2025,0,0,13,13,19,1,0.5737704918032787,0.6774193548387096,0.6891891891891891,0.2,0.4521072796934866,0.3225806451612903,0.26666666666666666,0.2,158.45698924731184
1473482,2025-04-27,Mumbai,Wankhede Stadium,Mumbai Indians,Lucknow Super Giants,Lucknow Super Giants,field,Mumbai Indians,WG Jacks,2025,1,7,6,6,40,1,0.5526315789473685,0.14285714285714285,0.6136363636363636,0.8,0.5576923076923077,0.8571428571428571,0.6,0.6,166.984496124031
1473483,2025-04-27,Delhi,Arun Jaitley Stadium,Delhi Capitals,Royal Challengers Bengaluru,Royal Challengers Bengaluru,field,Royal Challengers Bengaluru,KH Pandya,2025,0,1,12,12,0,1,0.4624505928853755,0.4,0.5,0.6,0.49224806201550386,0.6,0.3333333333333333,0.6,179.7051282051282
1473484,2025-04-28,Jaipur,Sawai Mansingh Stadium,Gujarat Titans,Rajasthan Royals,Rajasthan Royals,field,Rajasthan Royals,V Suryavanshi,2025,0,3,10,10,32,1,0.6415094339622641,0.8571428571428571,1.0,0.8,0.5,0.14285714285714285,0.6271186440677966,0.2,161.11363636363637
1473485,2025-04-29,Delhi,Arun Jaitley Stadium,Kolkata Knight Riders,Delhi Capitals,Delhi Capitals,field,Kolkata Knight Riders,SP Narine,2025,1,5,1,1,0,1,0.5215686274509804,0.5625,0.0,0.4,0.46062992125984253,0.4375,0.48148148148148145,0.4,179.7051282051282
1473486,2025-04-30,Chennai,MA Chidambaram Stadium,Chennai Super Kings,Punjab Kings,Punjab Kings,field,Punjab Kings,SS Iyer,2025,0,0,9,9,19,1,0.5714285714285714,0.5333333333333333,0.68,0.2,0.456,0.4666666666666667,0.4444444444444444,0.6,158.45698924731184
1473487,2025-05-01,Jaipur,Sawai Mansingh Stadium,Mumbai Indians,Rajasthan Royals,Rajasthan Royals,field,Mumbai Indians,RD Rickelton,2025,1,7,10,10,32,1,0.5543071161048689,0.5172413793103449,0.25,1.0,0.5022222222222222,0.4827586206896552,0.6333333333333333,0.2,161.11363636363637
1473488,2025-05-02,Ahmedabad,Narendra Modi Stadium,Gujarat Titans,Sunrisers Hyderabad,Sunrisers Hyderabad,field,Gujarat Titans,M Prasidh Krishna,2025,1,3,13,13,22,1,0.6296296296296297,0.8,0.6,0.6,0.4541984732824427,0.2,0.0,0.4,177.82432432432432
1473489,2025-05-03,Bengaluru,M Chinnaswamy Stadium,Royal Challengers Bengaluru,Chennai Super Kings,Chennai Super Kings,field,Royal Challengers Bengaluru,R Shepherd,2025,1,12,0,0,17,1,0.4942084942084942,0.36363636363636365,0.47368421052631576,0.8,0.5691056910569106,0.6363636363636364,0.5555555555555556,0.2,165.54651162790697
1473490,2025-05-04,Kolkata,Eden Gardens,Kolkata Knight Riders,Rajasthan Royals,Kolkata Knight Riders,bat,Kolkata Knight Riders,AD Russell,2025,1,5,10,5,10,0,0.5234375,0.5555555555555556,0.5760869565217391,0.4,0.5,0.4444444444444444,0.3333333333333333,0.2,162.16666666666666
1473491,2025-05-04,Dharamsala,Himachal Pradesh Cricket Association Stadium,Punjab Kings,Lucknow Super Giants,Lucknow Super Giants,field,Punjab Kings,P Simran Singh,2025,1,9,6,6,13,1,0.4581673306772908,0.4,0.38461538461538464,0.6,0.5471698113207547,0.6,0.5,0.4,173.10714285714286
1473493,2025-05-06,Mumbai,Wankhede Stadium,Mumbai Indians,Gujarat Titans,Gujarat Titans,field,Gujarat Titans,Shubman Gill,2025,0,7,3,3,40,1,0.5559701492537313,0.3333333333333333,0.6179775280898876,1.0,0.6363636363636364,0.6666666666666666,0.6,0.6,166.984496124031
1473494,2025-05-07,Kolkata,Eden Gardens,Kolkata Knight Riders,Chennai Super Kings,Kolkata Knight Riders,bat,Chennai Super Kings,Noor Ahmad,2025,0,5,0,5,10,0,0.5252918287937743,0.36666666666666664,0.5806451612903226,0.6,0.5668016194331984,0.6333333333333333,0.5,0.2,162.16666666666666
1473497,2025-05-18,Jaipur,Sawai Mansingh Stadium,Punjab Kings,Rajasthan Royals,Punjab Kings,bat,Punjab Kings,Harpreet Brar,2025,1,9,10,9,32,0,0.4603174603174603,0.39285714285714285,0.16666666666666666,0.8,0.4977973568281938,0.6071428571428571,0.6229508196721312,0.2,161.11363636363637
1473498,2025-05-18,Delhi,Arun Jaitley Stadium,Delhi Capitals,Gujarat Titans,Gujarat Titans,field,Gujarat Titans,B Sai Sudharsan,2025,0,1,3,3,0,1,0.4588235294117647,0.5,0.4642857142857143,0.2,0.6428571428571429,0.5,0.5,0.8,179.7051282051282
1473499,2025-05-19,Lucknow,Bharat Ratna Shri Atal Bihari Vajpayee Ekana Cricket Stadium,Lucknow Super Giants,Sunrisers Hyderabad,Sunrisers Hyderabad,field,Sunrisers Hyderabad,Abhishek Sharma,2025,0,6,13,13,3,1,0.5370370370370371,0.8,0.5,0.2,0.4524714828897338,0.2,0.0,0.4,169.0
1473500,2025-05-20,Delhi,Arun Jaitley Stadium,Chennai Super Kings,Rajasthan Royals,Rajasthan Royals,field,Rajasthan Royals,Akash Madhwal,2025,0,0,10,10,0,1,0.5685483870967742,0.5333333333333333,0.6,0.2,0.4956140350877193,0.4666666666666667,0.2,0.2,179.7051282051282
1473501,2025-05-21,Mumbai,Wankhede Stadium,Mumbai Indians,Delhi Capitals,Delhi Capitals,field,Mumbai Indians,SA Yadav,2025,1,7,1,1,40,1,0.5539033457249071,0.5555555555555556,0.6111111111111112,0.8,0.45703125,0.4444444444444444,0.3333333333333333,0.2,166.984496124031
1473502,2025-05-22,Ahmedabad,Narendra Modi Stadium,Lucknow Super Giants,Gujarat Titans,Gujarat Titans,field,Lucknow Super Giants,MR Marsh,2025,1,6,3,3,22,1,0.5272727272727272,0.3333333333333333,0.0,0.2,0.6491228070175439,0.6666666666666666,0.6190476190476191,0.8,177.82432432432432
1473503,2025-05-23,Lucknow,Bharat Ratna Shri Atal Bihari Vajpayee Ekana Cricket Stadium,Sunrisers Hyderabad,Royal Challengers Bengaluru,Royal Challengers Bengaluru,field,Sunrisers Hyderabad,Ishan Kishan,2025,1,13,12,12,3,1,0.45454545454545453,0.5294117647058824,0.5,0.4,0.49615384615384617,0.47058823529411764,1.0,0.8,169.0
1485779,2025-05-24,Jaipur,Sawai Mansingh Stadium,Punjab Kings,Delhi Capitals,Delhi Capitals,field,Delhi Capitals,Sameer Rizvi,2025,0,9,1,1,32,1,0.4624505928853755,0.53125,0.2857142857142857,0.8,0.45525291828793774,0.46875,0.2857142857142857,0.2,161.11363636363637
1473504,2025-05-25,Ahmedabad,Narendra Modi Stadium,Chennai Super Kings,Gujarat Titans,Chennai Super Kings,bat,Chennai Super Kings,D Brevis,2025,1,0,3,0,22,0,0.5662650602409639,0.42857142857142855,0.3333333333333333,0.2,0.6379310344827587,0.5714285714285714,0.5909090909090909,0.6,177.82432432432432
1473505,2025-05-25,Delhi,Arun Jaitley Stadium,Sunrisers Hyderabad,Kolkata Knight Riders,Sunrisers Hyderabad,bat,Sunrisers Hyderabad,H Klaasen,2025,1,13,5,13,0,0,0.45660377358490567,0.2972972972972973,0.6666666666666666,0.6,0.5232558139534884,0.7027027027027027,0.3333333333333333,0.4,179.7051282051282
1473506,2025-05-26,Jaipur,Sawai Mansingh Stadium,Mumbai Indians,Punjab Kings,Punjab Kings,field,Punjab Kings,JP Inglis,2025,0,7,9,9,32,1,0.5555555555555556,0.5483870967741935,0.3333333333333333,0.8,0.46062992125984253,0.45161290322580644,0.25,0.6,161.11363636363637
1473507,2025-05-27,Lucknow,Bharat Ratna Shri Atal Bihari Vajpayee Ekana Cricket Stadium,Lucknow Super Giants,Royal Challengers Bengaluru,Royal Challengers Bengaluru,field,Royal Challengers Bengaluru,JM Sharma,2025,0,6,12,12,3,1,0.5357142857142857,0.4,0.47368421052631576,0.2,0.4942528735632184,0.6,0.5,0.8,169.0
1473508,2025-05-29,New Chandigarh,Maharaja Yadavindra Singh International Cricket Stadium,Punjab Kings,Royal Challengers Bengaluru,Royal Challengers Bengaluru,field,Royal Challengers Bengaluru,Suyash Sharma,2025,0,9,12,12,20,1,0.4627450980392157,0.5142857142857142,0.3333333333333333,0.8,0.4961832061068702,0.4857142857142857,1.0,0.8,176.43333333333334
1473509,2025-05-30,New Chandigarh,Maharaja Yadavindra Singh International Cricket Stadium,Mumbai Indians,Gujarat Titans,Mumbai Indians,bat,Mumbai Indians,RG Sharma,2025,1,7,3,7,20,0,0.5535055350553506,0.2857142857142857,1.0,0.6,0.6271186440677966,0.7142857142857143,1.0,0.6,176.43333333333334
1473510,2025-06-01,Ahmedabad,Narendra Modi Stadium,Mumbai Indians,Punjab Kings,Punjab Kings,field,Punjab Kings,SS Iyer,2025,0,7,9,9,22,1,0.5551470588235294,0.53125,0.0,0.6,0.4609375,0.46875,0.6,0.6,177.82432432432432
1473511,2025-06-03,Ahmedabad,Narendra Modi Stadium,Royal Challengers Bengaluru,Punjab Kings,Punjab Kings,field,Royal Challengers Bengaluru,KH Pandya,2025,1,12,9,9,22,1,0.49809885931558934,0.5,0.4,0.8,0.46303501945525294,0.5,0.6666666666666666,0.6,177.82432432432432
1527674,2026-03-28,Bengaluru,M Chinnaswamy Stadium,Sunrisers Hyderabad,Royal Challengers Bengaluru,Royal Challengers Bengaluru,field,Royal Challengers Bengaluru,JA Duffy,2026,0,13,12,12,17,1,0.45864661654135336,0.5428571428571428,0.4,0.8,0.5,0.45714285714285713,0.4805194805194805,0.8,165.54651162790697
1527675,2026-03-29,Mumbai,Wankhede Stadium,Kolkata Knight Riders,Mumbai Indians,Mumbai Indians,field,Mumbai Indians,SN Thakur,2026,0,5,7,7,40,1,0.5212355212355212,0.3142857142857143,0.2777777777777778,0.4,0.5531135531135531,0.6857142857142857,0.6153846153846154,0.4,166.984496124031
1527676,2026-03-30,Guwahati,Barsapara Cricket Stadium,Chennai Super Kings,Rajasthan Royals,Rajasthan Royals,field,Rajasthan Royals,N Burger,2026,0,0,10,10,2,1,0.568,0.5161290322580645,0.0,0.4,0.4978165938864629,0.4838709677419355,0.4,0.4,163.25
1527677,2026-03-31,New Chandigarh,Maharaja Yadavindra Singh International Cricket Stadium,Gujarat Titans,Punjab Kings,Punjab Kings,field,Punjab Kings,C Connolly,2026,0,3,9,9,20,1,0.6166666666666667,0.5,0.5,0.4,0.46124031007751937,0.5,0.3,0.4,176.43333333333334
1527678,2026-04-01,Lucknow,Bharat Ratna Shri Atal Bihari Vajpayee Ekana Cricket Stadium,Lucknow Super Giants,Delhi Capitals,Delhi Capitals,field,Delhi Capitals,Sameer Rizvi,2026,0,6,1,1,3,1,0.5263157894736842,0.42857142857142855,0.45,0.2,0.4573643410852713,0.5714285714285714,0.6666666666666666,0.2,169.0
1527679,2026-04-02,Kolkata,Eden Gardens,Sunrisers Hyderabad,Kolkata Knight Riders,Kolkata Knight Riders,field,Sunrisers Hyderabad,Nithish Kumar Reddy,2026,1,13,5,5,10,1,0.45692883895131087,0.3157894736842105,0.21428571428571427,0.6,0.5192307692307693,0.6842105263157895,0.574468085106383,0.4,162.16666666666666
1527680,2026-04-03,Chennai,MA Chidambaram Stadium,Chennai Super Kings,Punjab Kings,Punjab Kings,field,Punjab Kings,Priyansh Arya,2026,0,0,9,9,19,1,0.5657370517928287,0.5161290322580645,0.6710526315789473,0.4,0.46332046332046334,0.4838709677419355,0.5,0.6,158.45698924731184
1527681,2026-04-04,Delhi,Arun Jaitley Stadium,Mumbai Indians,Delhi Capitals,Delhi Capitals,field,Delhi Capitals,Sameer Rizvi,2026,0,7,1,1,0,1,0.5547445255474452,0.5675675675675675,0.7142857142857143,0.6,0.4594594594594595,0.43243243243243246,0.4482758620689655,0.4,179.7051282051282
1527682,2026-04-04,Ahmedabad,Narendra Modi Stadium,Rajasthan Royals,Gujarat Titans,Rajasthan Royals,bat,Rajasthan Royals,Ravi Bishnoi,2026,1,10,3,10,22,0,0.5,0.25,0.6,0.4,0.6065573770491803,0.75,0.5652173913043478,0.2,177.82432432432432
1527683,2026-04-05,Hyderabad,Rajiv Gandhi International Stadium,Sunrisers Hyderabad,Lucknow Super Giants,Lucknow Super Giants,field,Lucknow Super Giants,Mohammed Shami,2026,0,13,6,6,29,1,0.458955223880597,0.3333333333333333,0.5063291139240507,0.8,0.5172413793103449,0.6666666666666666,0.6666666666666666,0.2,161.58823529411765
1527684,2026-04-05,Bengaluru,M Chinnaswamy Stadium,Royal Challengers Bengaluru,Chennai Super Kings,Chennai Super Kings,field,Royal Challengers Bengaluru,TH David,2026,1,12,0,0,17,1,0.5018867924528302,0.38235294117647056,0.48717948717948717,0.8,0.5634920634920635,0.6176470588235294,0.5,0.4,165.54651162790697
1527686,2026-04-07,Guwahati,Barsapara Cricket Stadium,Rajasthan Royals,Mumbai Indians,Mumbai Indians,field,Rajasthan Royals,YBK Jaiswal,2026,1,10,7,7,2,1,0.5021645021645021,0.4666666666666667,0.5,0.6,0.5527272727272727,0.5333333333333333,0.5,0.4,163.25
1527687,2026-04-08,Delhi,Arun Jaitley Stadium,Gujarat Titans,Delhi Capitals,Delhi Capitals,field,Gujarat Titans,Rashid Khan,2026,1,3,1,1,0,1,0.5967741935483871,0.5714285714285714,0.6666666666666666,0.0,0.46153846153846156,0.42857142857142855,0.4666666666666667,0.6,179.7051282051282
1527688,2026-04-09,Kolkata,Eden Gardens,Kolkata Knight Riders,Lucknow Super Giants,Lucknow Super Giants,field,Lucknow Super Giants,MD Choudhary,2026,0,5,6,6,10,1,0.5172413793103449,0.3333333333333333,0.5684210526315789,0.2,0.5254237288135594,0.6666666666666666,0.5,0.4,162.16666666666666
1527689,2026-04-10,Guwahati,Barsapara Cricket Stadium,Royal Challengers Bengaluru,Rajasthan Royals,Rajasthan Royals,field,Rajasthan Royals,V Suryavanshi,2026,0,12,10,10,2,1,0.5037593984962406,0.5483870967741935,0.5,1.0,0.5043103448275862,0.45161290322580644,0.5714285714285714,0.8,163.25
1527691,2026-04-11,Chennai,MA Chidambaram Stadium,Chennai Super Kings,Delhi Capitals,Delhi Capitals,field,Chennai Super Kings,SV Samson,2026,1,0,1,1,19,1,0.5612648221343873,0.6129032258064516,0.6623376623376623,0.2,0.45977011494252873,0.3870967741935484,0.36363636363636365,0.6,158.45698924731184
1527690,2026-04-11,New Chandigarh,Maharaja Yadavindra Singh International Cricket Stadium,Sunrisers Hyderabad,Punjab Kings,Punjab Kings,field,Punjab Kings,SS Iyer,2026,0,13,9,9,20,1,0.45724907063197023,0.5882352941176471,1.0,0.6,0.4653846153846154,0.4117647058823529,0.36363636363636365,0.6,176.43333333333334
1527692,2026-04-12,Lucknow,Bharat Ratna Shri Atal Bihari Vajpayee Ekana Cricket Stadium,Lucknow Super Giants,Gujarat Titans,Gujarat Titans,field,Gujarat Titans,M Prasidh Krishna,2026,0,6,3,3,3,1,0.5333333333333333,0.42857142857142855,0.42857142857142855,0.6,0.6031746031746031,0.5714285714285714,0.3333333333333333,0.2,169.0
1527693,2026-04-12,Mumbai,Wankhede Stadium,Royal Challengers Bengaluru,Mumbai Indians,Mumbai Indians,field,Royal Challengers Bengaluru,PD Salt,2026,1,12,7,7,40,1,0.50187265917603,0.42424242424242425,0.47368421052631576,0.8,0.5507246376811594,0.5757575757575758,0.6195652173913043,0.4,166.984496124031
1529264,2026-04-13,Hyderabad,Rajiv Gandhi International Stadium,Sunrisers Hyderabad,Rajasthan Royals,Rajasthan Royals,field,Sunrisers Hyderabad,PP Hinge,2026,1,13,10,10,29,1,0.45555555555555555,0.4666666666666667,0.5,0.4,0.5064377682403434,0.5333333333333333,0.3333333333333333,1.0,161.58823529411765
1529265,2026-04-14,Chennai,MA Chidambaram Stadium,Chennai Super Kings,Kolkata Knight Riders,Kolkata Knight Riders,field,Chennai Super Kings,Noor Ahmad,2026,1,0,5,5,19,1,0.562992125984252,0.6451612903225806,0.6666666666666666,0.4,0.5152671755725191,0.3548387096774194,0.375,0.0,158.45698924731184
1529266,2026-04-15,Bengaluru,M Chinnaswamy Stadium,Lucknow Super Giants,Royal Challengers Bengaluru,Royal Challengers Bengaluru,field,Royal Challengers Bengaluru,JR Hazlewood,2026,0,6,12,12,17,1,0.5245901639344263,0.3333333333333333,1.0,0.4,0.503731343283582,0.6666666666666666,0.4936708860759494,0.8,165.54651162790697
1529267,2026-04-16,Mumbai,Wankhede Stadium,Mumbai Indians,Punjab Kings,Punjab Kings,field,Punjab Kings,Arshdeep Singh,2026,0,7,9,9,40,1,0.5487364620938628,0.5151515151515151,0.6129032258064516,0.2,0.4674329501915709,0.48484848484848486,0.47368421052631576,0.8,166.984496124031
1529268,2026-04-17,Ahmedabad,Narendra Modi Stadium,Kolkata Knight Riders,Gujarat Titans,Kolkata Knight Riders,bat,Gujarat Titans,Shubman Gill,2026,0,5,3,5,22,0,0.5133079847908745,0.25,0.75,0.0,0.609375,0.75,0.5416666666666666,0.4,177.82432432432432
1529269,2026-04-18,Bengaluru,M Chinnaswamy Stadium,Royal Challengers Bengaluru,Delhi Capitals,Delhi Capitals,field,Delhi Capitals,T Stubbs,2026,0,12,1,1,17,1,0.5055762081784386,0.6129032258064516,0.5,0.8,0.4580152671755725,0.3870967741935484,0.5,0.6,165.54651162790697
1529270,2026-04-18,Hyderabad,Rajiv Gandhi International Stadium,Sunrisers Hyderabad,Chennai Super Kings,Chennai Super Kings,field,Sunrisers Hyderabad,E Malinga,2026,1,13,0,0,29,1,0.4575645756457565,0.34375,0.5061728395061729,0.4,0.5647058823529412,0.65625,0.42857142857142855,0.4,161.58823529411765
1529271,2026-04-19,Kolkata,Eden Gardens,Rajasthan Royals,Kolkata Knight Riders,Rajasthan Royals,bat,Kolkata Knight Riders,CV Varun,2026,0,10,5,10,10,0,0.5042735042735043,0.42857142857142855,0.3076923076923077,0.8,0.5113636363636364,0.5714285714285714,0.5625,0.0,162.16666666666666
1529272,2026-04-19,New Chandigarh,Maharaja Yadavindra Singh International Cricket Stadium,Punjab Kings,Lucknow Super Giants,Lucknow Super Giants,field,Punjab Kings,Priyansh Arya,2026,1,9,6,6,20,1,0.46946564885496184,0.5,0.4166666666666667,0.8,0.5161290322580645,0.5,0.5,0.4,176.43333333333334
1529273,2026-04-20,Ahmedabad,Narendra Modi Stadium,Mumbai Indians,Gujarat Titans,Gujarat Titans,field,Mumbai Indians,Tilak Varma,2026,1,7,3,3,22,1,0.5467625899280576,0.375,0.0,0.2,0.6153846153846154,0.625,0.56,0.6,177.82432432432432
1529274,2026-04-21,Hyderabad,Rajiv Gandhi International Stadium,Sunrisers Hyderabad,Delhi Capitals,Delhi Capitals,field,Sunrisers Hyderabad,Abhishek Sharma,2026,1,13,1,1,29,1,0.45955882352941174,0.4857142857142857,0.5121951219512195,0.6,0.4600760456273764,0.5142857142857142,0.6666666666666666,0.6,161.58823529411765
1529275,2026-04-22,Lucknow,Bharat Ratna Shri Atal Bihari Vajpayee Ekana Cricket Stadium,Rajasthan Royals,Lucknow Super Giants,Lucknow Super Giants,field,Rajasthan Royals,RA Jadeja,2026,1,10,6,6,3,1,0.502127659574468,0.6666666666666666,1.0,0.6,0.5079365079365079,0.3333333333333333,0.4090909090909091,0.4,169.0
1529276,2026-04-23,Mumbai,Wankhede Stadium,Chennai Super Kings,Mumbai Indians,Mumbai Indians,field,Chennai Super Kings,SV Samson,2026,1,0,7,7,40,1,0.5625,0.46153846153846156,0.5,0.4,0.5483870967741935,0.5384615384615384,0.6063829787234043,0.2,166.984496124031
1529277,2026-04-24,Bengaluru,M Chinnaswamy Stadium,Gujarat Titans,Royal Challengers Bengaluru,Royal Challengers Bengaluru,field,Royal Challengers Bengaluru,V Kohli,2026,0,3,12,12,17,1,0.6060606060606061,0.5,0.6666666666666666,0.6,0.5037037037037037,0.5,0.49382716049382713,0.6,165.54651162790697
1529278,2026-04-25,Delhi,Arun Jaitley Stadium,Delhi Capitals,Punjab Kings,Delhi Capitals,bat,Punjab Kings,KL Rahul,2026,0,1,9,1,0,0,0.4583333333333333,0.48484848484848486,0.45161290322580644,0.4,0.4714828897338403,0.5151515151515151,0.6666666666666666,1.0,179.7051282051282
1529279,2026-04-25,Jaipur,Sawai Mansingh Stadium,Rajasthan Royals,Sunrisers Hyderabad,Sunrisers Hyderabad,field,Sunrisers Hyderabad,Ishan Kishan,2026,0,10,13,13,32,1,0.5042372881355932,0.5161290322580645,0.6129032258064516,0.6,0.46153846153846156,0.4838709677419355,0.3333333333333333,0.6,161.11363636363637
1529280,2026-04-26,Chennai,MA Chidambaram Stadium,Chennai Super Kings,Gujarat Titans,Gujarat Titans,field,Gujarat Titans,K Rabada,2026,0,0,3,3,19,1,0.5642023346303502,0.5,0.6708860759493671,0.6,0.5970149253731343,0.5,0.0,0.6,158.45698924731184
1529282,2026-04-27,Delhi,Arun Jaitley Stadium,Delhi Capitals,Royal Challengers Bengaluru,Royal Challengers Bengaluru,field,Royal Challengers Bengaluru,JR Hazlewood,2026,0,1,12,12,0,1,0.45660377358490567,0.40625,0.4375,0.2,0.5055350553505535,0.59375,0.5,0.6,179.7051282051282
1529283,2026-04-28,New Chandigarh,Maharaja Yadavindra Singh International Cricket Stadium,Punjab Kings,Rajasthan Royals,Rajasthan Royals,field,Rajasthan Royals,D Ferreira,2026,0,9,10,10,20,1,0.4734848484848485,0.41379310344827586,0.46153846153846156,1.0,0.5021097046413502,0.5862068965517241,1.0,0.4,176.43333333333334
1529284,2026-04-29,Mumbai,Wankhede Stadium,Mumbai Indians,Sunrisers Hyderabad,Mumbai Indians,bat,Sunrisers Hyderabad,H Klaasen,2026,0,7,13,7,40,0,0.5464285714285714,0.5882352941176471,0.6,0.2,0.4635036496350365,0.4117647058823529,0.2,0.8,166.984496124031
1529285,2026-04-30,Ahmedabad,Narendra Modi Stadium,Royal Challengers Bengaluru,Gujarat Titans,Gujarat Titans,field,Gujarat Titans,JO Holder,2026,0,12,3,3,22,1,0.5073529411764706,0.5714285714285714,0.5,0.8,0.6029411764705882,0.42857142857142855,0.5384615384615384,0.6,177.82432432432432
1529286,2026-05-01,Jaipur,Sawai Mansingh Stadium,Rajasthan Royals,Delhi Capitals,Rajasthan Royals,bat,Delhi Capitals,KL Rahul,2026,0,10,1,10,32,0,0.5042016806722689,0.5172413793103449,0.6031746031746031,0.4,0.4548872180451128,0.4827586206896552,0.375,0.2,161.11363636363637
