id,date,city,venue,team1,team2,toss_winner,toss_decision,winner,player_of_match,season
1082591,2017-04-05,Hyderabad,"Rajiv Gandhi International Stadium, Uppal",Sunrisers Hyderabad,Royal Challengers Bengaluru,Royal Challengers Bengaluru,field,Sunrisers Hyderabad,Yuvraj Singh,2017
1082592,2017-04-06,Pune,Maharashtra Cricket Association Stadium,Rising Pune Supergiants,Mumbai Indians,Rising Pune Supergiants,field,Rising Pune Supergiants,SPD Smith,2017
1082593,2017-04-07,Rajkot,Saurashtra Cricket Association Stadium,Gujarat Lions,Kolkata Knight Riders,Kolkata Knight Riders,field,Kolkata Knight Riders,CA Lynn,2017
1082594,2017-04-08,Indore,Holkar Cricket Stadium,Punjab Kings,Rising Pune Supergiants,Punjab Kings,field,Punjab Kings,GJ Maxwell,2017
1082595,2017-04-08,Bengaluru,M.Chinnaswamy Stadium,Royal Challengers Bengaluru,Delhi Capitals,Royal Challengers Bengaluru,bat,Royal Challengers Bengaluru,KM Jadhav,2017
1082596,2017-04-09,Hyderabad,"Rajiv Gandhi International Stadium, Uppal",Sunrisers Hyderabad,Gujarat Lions,Sunrisers Hyderabad,field,Sunrisers Hyderabad,Rashid Khan,2017
1082597,2017-04-09,Mumbai,Wankhede Stadium,Mumbai Indians,Kolkata Knight Riders,Mumbai Indians,field,Mumbai Indians,N Rana,2017
1082598,2017-04-10,Indore,Holkar Cricket Stadium,Punjab Kings,Royal Challengers Bengaluru,Royal Challengers Bengaluru,bat,Punjab Kings,AR Patel,2017
1082599,2017-04-11,Pune,Maharashtra Cricket Association Stadium,Rising Pune Supergiants,Delhi Capitals,Rising Pune Supergiants,field,Delhi Capitals,SV Samson,2017
1082600,2017-04-12,Mumbai,Wankhede Stadium,Mumbai Indians,Sunrisers Hyderabad,Mumbai Indians,field,Mumbai Indians,JJ Bumrah,2017
1082601,2017-04-13,Kolkata,Eden Gardens,Kolkata Knight Riders,Punjab Kings,Kolkata Knight Riders,field,Kolkata Knight Riders,SP Narine,2017
1082602,2017-04-14,Bangalore,M Chinnaswamy Stadium,Royal Challengers Bengaluru,Mumbai Indians,Mumbai Indians,field,Mumbai Indians,KA Pollard,2017
1082603,2017-04-14,Rajkot,Saurashtra Cricket Association Stadium,Gujarat Lions,Rising Pune Supergiants,Gujarat Lions,field,Gujarat Lions,AJ Tye,2017
1082604,2017-04-15,Kolkata,Eden Gardens,Kolkata Knight Riders,Sunrisers Hyderabad,Sunrisers Hyderabad,field,Kolkata Knight Riders,RV Uthappa,2017
1082605,2017-04-15,Delhi,Feroz Shah Kotla,Delhi Capitals,Punjab Kings,Delhi Capitals,bat,Delhi Capitals,CJ Anderson,2017
1082606,2017-04-16,Mumbai,Wankhede Stadium,Mumbai Indians,Gujarat Lions,Mumbai Indians,field,Mumbai Indians,N Rana,2017
1082607,2017-04-16,Bangalore,M Chinnaswamy Stadium,Royal Challengers Bengaluru,Rising Pune Supergiants,Royal Challengers Bengaluru,field,Rising Pune Supergiants,BA Stokes,2017
1082608,2017-04-17,Delhi,Feroz Shah Kotla,Delhi Capitals,Kolkata Knight Riders,Delhi Capitals,bat,Kolkata Knight Riders,NM Coulter-Nile,2017
1082609,2017-04-17,Hyderabad,"Rajiv Gandhi International Stadium, Uppal",Sunrisers Hyderabad,Punjab Kings,Punjab Kings,field,Sunrisers Hyderabad,B Kumar,2017
1082610,2017-04-18,Rajkot,Saurashtra Cricket Association Stadium,Gujarat Lions,Royal Challengers Bengaluru,Gujarat Lions,field,Royal Challengers Bengaluru,CH Gayle,2017
1082611,2017-04-19,Hyderabad,"Rajiv Gandhi International Stadium, Uppal",Sunrisers Hyderabad,Delhi Capitals,Sunrisers Hyderabad,bat,Sunrisers Hyderabad,KS Williamson,2017
1082612,2017-04-20,Indore,Holkar Cricket Stadium,Punjab Kings,Mumbai Indians,Mumbai Indians,field,Mumbai Indians,JC Buttler,2017
1082613,2017-04-21,Kolkata,Eden Gardens,Kolkata Knight Riders,Gujarat Lions,Gujarat Lions,field,Gujarat Lions,SK Raina,2017
1082614,2017-04-22,Mumbai,Wankhede Stadium,Mumbai Indians,Delhi Capitals,Delhi Capitals,field,Mumbai Indians,MJ McClenaghan,2017
1082615,2017-04-22,Pune,Maharashtra Cricket Association Stadium,Rising Pune Supergiants,Sunrisers Hyderabad,Rising Pune Supergiants,field,Rising Pune Supergiants,MS Dhoni,2017
1082616,2017-04-23,Rajkot,Saurashtra Cricket Association Stadium,Gujarat Lions,Punjab Kings,Gujarat Lions,field,Punjab Kings,HM Amla,2017
1082617,2017-04-23,Kolkata,Eden Gardens,Kolkata Knight Riders,Royal Challengers Bengaluru,Royal Challengers Bengaluru,field,Kolkata Knight Riders,NM Coulter-Nile,2017
1082618,2017-04-24,Mumbai,Wankhede Stadium,Mumbai Indians,Rising Pune Supergiants,Mumbai Indians,field,Rising Pune Supergiants,BA Stokes,2017
1082620,2017-04-26,Pune,Maharashtra Cricket Association Stadium,Rising Pune Supergiants,Kolkata Knight Riders,Kolkata Knight Riders,field,Kolkata Knight Riders,RV Uthappa,2017
1082621,2017-04-27,Bangalore,M Chinnaswamy Stadium,Royal Challengers Bengaluru,Gujarat Lions,Gujarat Lions,field,Gujarat Lions,AJ Tye,2017
1082622,2017-04-28,Kolkata,Eden Gardens,Kolkata Knight Riders,Delhi Capitals,Kolkata Knight Riders,field,Kolkata Knight Riders,G Gambhir,2017
1082623,2017-04-28,Chandigarh,"Punjab Cricket Association IS Bindra Stadium, Mohali",Punjab Kings,Sunrisers Hyderabad,Punjab Kings,field,Sunrisers Hyderabad,Rashid Khan,2017
1082624,2017-04-29,Pune,Maharashtra Cricket Association Stadium,Rising Pune Supergiants,Royal Challengers Bengaluru,Royal Challengers Bengaluru,field,Rising Pune Supergiants,LH Ferguson,2017
1082625,2017-04-29,Rajkot,Saurashtra Cricket Association Stadium,Gujarat Lions,Mumbai Indians,Gujarat Lions,bat,,KH Pandya,2017
1082626,2017-04-30,Chandigarh,"Punjab Cricket Association IS Bindra Stadium, Mohali",Punjab Kings,Delhi Capitals,Punjab Kings,field,Punjab Kings,Sandeep Sharma,2017
1082627,2017-04-30,Hyderabad,"Rajiv Gandhi International Stadium, Uppal",Sunrisers Hyderabad,Kolkata Knight Riders,Kolkata Knight Riders,field,Sunrisers Hyderabad,DA Warner,2017
1082628,2017-05-01,Mumbai,Wankhede Stadium,Mumbai Indians,Royal Challengers Bengaluru,Royal Challengers Bengaluru,bat,Mumbai Indians,RG Sharma,2017
1082629,2017-05-01,Pune,Maharashtra Cricket Association Stadium,Rising Pune Supergiants,Gujarat Lions,Rising Pune Supergiants,field,Rising Pune Supergiants,BA Stokes,2017
1082630,2017-05-02,Delhi,Feroz Shah Kotla,Delhi Capitals,Sunrisers Hyderabad,Delhi Capitals,field,Delhi Capitals,Mohammed Shami,2017
1082631,2017-05-03,Kolkata,Eden Gardens,Kolkata Knight Riders,Rising Pune Supergiants,Rising Pune Supergiants,field,Rising Pune Supergiants,RA Tripathi,2017
1082632,2017-05-04,Delhi,Feroz Shah Kotla,Delhi Capitals,Gujarat Lions,Delhi Capitals,field,Delhi Capitals,RR Pant,2017
1082633,2017-05-05,Bangalore,M Chinnaswamy Stadium,Royal Challengers Bengaluru,Punjab Kings,Royal Challengers Bengaluru,field,Punjab Kings,Sandeep Sharma,2017
1082634,2017-05-06,Hyderabad,"Rajiv Gandhi International Stadium, Uppal",Sunrisers Hyderabad,Rising Pune Supergiants,Sunrisers Hyderabad,field,Rising Pune Supergiants,JD Unadkat,2017
1082635,2017-05-06,Delhi,Feroz Shah Kotla,Delhi Capitals,Mumbai Indians,Delhi Capitals,field,Mumbai Indians,LMP Simmons,2017
1082636,2017-05-07,Bangalore,M Chinnaswamy Stadium,Royal Challengers Bengaluru,Kolkata Knight Riders,Kolkata Knight Riders,field,Kolkata Knight Riders,SP Narine,2017
1082637,2017-05-07,Chandigarh,"Punjab Cricket Association IS Bindra Stadium, Mohali",Punjab Kings,Gujarat Lions,Gujarat Lions,field,Gujarat Lions,DR Smith,2017
1082638,2017-05-08,Hyderabad,"Rajiv Gandhi International Stadium, Uppal",Sunrisers Hyderabad,Mumbai Indians,Mumbai Indians,bat,Sunrisers Hyderabad,S Dhawan,2017
1082639,2017-05-09,Chandigarh,"Punjab Cricket Association IS Bindra Stadium, Mohali",Punjab Kings,Kolkata Knight Riders,Kolkata Knight Riders,field,Punjab Kings,MM Sharma,2017
1082640,2017-05-10,Kanpur,Green Park,Gujarat Lions,Delhi Capitals,Delhi Capitals,field,Delhi Capitals,SS Iyer,2017
1082641,2017-05-11,Mumbai,Wankhede Stadium,Mumbai Indians,Punjab Kings,Mumbai Indians,field,Punjab Kings,WP Saha,2017
1082642,2017-05-12,Delhi,Feroz Shah Kotla,Delhi Capitals,Rising Pune Supergiants,Delhi Capitals,bat,Delhi Capitals,KK Nair,2017
1082643,2017-05-13,Kanpur,Green Park,Gujarat Lions,Sunrisers Hyderabad,Sunrisers Hyderabad,field,Sunrisers Hyderabad,Mohammed Siraj,2017
1082644,2017-05-13,Kolkata,Eden Gardens,Kolkata Knight Riders,Mumbai Indians,Kolkata Knight Riders,field,Mumbai Indians,AT Rayudu,2017
1082645,2017-05-14,Pune,Maharashtra Cricket Association Stadium,Rising Pune Supergiants,Punjab Kings,Rising Pune Supergiants,field,Rising Pune Supergiants,JD Unadkat,2017
1082646,2017-05-14,Delhi,Feroz Shah Kotla,Delhi Capitals,Royal Challengers Bengaluru,Royal Challengers Bengaluru,bat,Royal Challengers Bengaluru,HV Patel,2017
1082647,2017-05-16,Mumbai,Wankhede Stadium,Mumbai Indians,Rising Pune Supergiants,Mumbai Indians,field,Rising Pune Supergiants,Washington Sundar,2017
1082648,2017-05-17,Bangalore,M Chinnaswamy Stadium,Sunrisers Hyderabad,Kolkata Knight Riders,Kolkata Knight Riders,field,Kolkata Knight Riders,NM Coulter-Nile,2017
1082649,2017-05-19,Bangalore,M Chinnaswamy Stadium,Mumbai Indians,Kolkata Knight Riders,Mumbai Indians,field,Mumbai Indians,KV Sharma,2017
1082650,2017-05-21,Hyderabad,"Rajiv Gandhi International Stadium, Uppal",Mumbai Indians,Rising Pune Supergiants,Mumbai Indians,bat,Mumbai Indians,KH Pandya,2017
1136561,2018-04-07,Mumbai,Wankhede Stadium,Mumbai Indians,Chennai Super Kings,Chennai Super Kings,field,Chennai Super Kings,DJ Bravo,2018
1136562,2018-04-08,Chandigarh,Punjab Cricket Association IS Bindra Stadium,Delhi Capitals,Punjab Kings,Punjab Kings,field,Punjab Kings,KL Rahul,2018
1136563,2018-04-08,Kolkata,Eden Gardens,Royal Challengers Bengaluru,Kolkata Knight Riders,Kolkata Knight Riders,field,Kolkata Knight Riders,SP Narine,2018
1136564,2018-04-09,Hyderabad,Rajiv Gandhi International Stadium,Rajasthan Royals,Sunrisers Hyderabad,Sunrisers Hyderabad,field,Sunrisers Hyderabad,S Dhawan,2018
1136565,2018-04-10,Chennai,MA Chidambaram Stadium,Kolkata Knight Riders,Chennai Super Kings,Chennai Super Kings,field,Chennai Super Kings,SW Billings,2018
1136566,2018-04-11,Jaipur,Sawai Mansingh Stadium,Rajasthan Royals,Delhi Capitals,Delhi Capitals,field,Rajasthan Royals,SV Samson,2018
1136567,2018-04-12,Hyderabad,Rajiv Gandhi International Stadium,Mumbai Indians,Sunrisers Hyderabad,Sunrisers Hyderabad,field,Sunrisers Hyderabad,Rashid Khan,2018
1136568,2018-04-13,Bengaluru,M.Chinnaswamy Stadium,Punjab Kings,Royal Challengers Bengaluru,Royal Challengers Bengaluru,field,Royal Challengers Bengaluru,UT Yadav,2018
1136569,2018-04-14,Mumbai,Wankhede Stadium,Mumbai Indians,Delhi Capitals,Delhi Capitals,field,Delhi Capitals,JJ Roy,2018
1136570,2018-04-14,Kolkata,Eden Gardens,Kolkata Knight Riders,Sunrisers Hyderabad,Sunrisers Hyderabad,field,Sunrisers Hyderabad,B Stanlake,2018
1136571,2018-04-15,Bengaluru,M.Chinnaswamy Stadium,Rajasthan Royals,Royal Challengers Bengaluru,Royal Challengers Bengaluru,field,Rajasthan Royals,SV Samson,2018
1136572,2018-04-15,Chandigarh,Punjab Cricket Association IS Bindra Stadium,Punjab Kings,Chennai Super Kings,Chennai Super Kings,field,Punjab Kings,CH Gayle,2018
1136573,2018-04-16,Kolkata,Eden Gardens,Kolkata Knight Riders,Delhi Capitals,Delhi Capitals,field,Kolkata Knight Riders,N Rana,2018
1136574,2018-04-17,Mumbai,Wankhede Stadium,Mumbai Indians,Royal Challengers Bengaluru,Royal Challengers Bengaluru,field,Mumbai Indians,RG Sharma,2018
1136575,2018-04-18,Jaipur,Sawai Mansingh Stadium,Rajasthan Royals,Kolkata Knight Riders,Kolkata Knight Riders,field,Kolkata Knight Riders,N Rana,2018
1136576,2018-04-19,Chandigarh,Punjab Cricket Association IS Bindra Stadium,Punjab Kings,Sunrisers Hyderabad,Punjab Kings,bat,Punjab Kings,CH Gayle,2018
1136577,2018-04-20,Pune,Maharashtra Cricket Association Stadium,Chennai Super Kings,Rajasthan Royals,Rajasthan Royals,field,Chennai Super Kings,SR Watson,2018
1136578,2018-04-21,Kolkata,Eden Gardens,Kolkata Knight Riders,Punjab Kings,Punjab Kings,field,Punjab Kings,KL Rahul,2018
1136579,2018-04-21,Bengaluru,M.Chinnaswamy Stadium,Delhi Capitals,Royal Challengers Bengaluru,Royal Challengers Bengaluru,field,Royal Challengers Bengaluru,AB de Villiers,2018
1136580,2018-04-22,Hyderabad,Rajiv Gandhi International Stadium,Chennai Super Kings,Sunrisers Hyderabad,Sunrisers Hyderabad,field,Chennai Super Kings,AT Rayudu,2018
1136581,2018-04-22,Jaipur,Sawai Mansingh Stadium,Mumbai Indians,Rajasthan Royals,Mumbai Indians,bat,Rajasthan Royals,JC Archer,2018
1136582,2018-04-23,Delhi,Arun Jaitley Stadium,Punjab Kings,Delhi Capitals,Delhi Capitals,field,Punjab Kings,AS Rajpoot,2018
1136583,2018-04-24,Mumbai,Wankhede Stadium,Sunrisers Hyderabad,Mumbai Indians,Mumbai Indians,field,Sunrisers Hyderabad,Rashid Khan,2018
1136584,2018-04-25,Bengaluru,M.Chinnaswamy Stadium,Royal Challengers Bengaluru,Chennai Super Kings,Chennai Super Kings,field,Chennai Super Kings,MS Dhoni,2018
1136585,2018-04-26,Hyderabad,Rajiv Gandhi International Stadium,Sunrisers Hyderabad,Punjab Kings,Punjab Kings,field,Sunrisers Hyderabad,AS Rajpoot,2018
1136586,2018-04-27,Delhi,Arun Jaitley Stadium,Delhi Capitals,Kolkata Knight Riders,Kolkata Knight Riders,field,Delhi Capitals,SS Iyer,2018
1136587,2018-04-28,Pune,Maharashtra Cricket Association Stadium,Chennai Super Kings,Mumbai Indians,Mumbai Indians,field,Mumbai Indians,RG Sharma,2018
1136588,2018-04-29,Jaipur,Sawai Mansingh Stadium,Sunrisers Hyderabad,Rajasthan Royals,Sunrisers Hyderabad,bat,Sunrisers Hyderabad,KS Williamson,2018
1136589,2018-04-29,Bengaluru,M.Chinnaswamy Stadium,Royal Challengers Bengaluru,Kolkata Knight Riders,Kolkata Knight Riders,field,Kolkata Knight Riders,CA Lynn,2018
1136590,2018-04-30,Pune,Maharashtra Cricket Association Stadium,Chennai Super Kings,Delhi Capitals,Delhi Capitals,field,Chennai Super Kings,SR Watson,2018
1136591,2018-05-01,Bengaluru,M.Chinnaswamy Stadium,Royal Challengers Bengaluru,Mumbai Indians,Mumbai Indians,field,Royal Challengers Bengaluru,TG Southee,2018
1136592,2018-05-02,Delhi,Arun Jaitley Stadium,Delhi Capitals,Rajasthan Royals,Rajasthan Royals,field,Delhi Capitals,RR Pant,2018
1136593,2018-05-03,Kolkata,Eden Gardens,Chennai Super Kings,Kolkata Knight Riders,Kolkata Knight Riders,field,Kolkata Knight Riders,SP Narine,2018
1136594,2018-05-04,Indore,Holkar Cricket Stadium,Punjab Kings,Mumbai Indians,Mumbai Indians,field,Mumbai Indians,SA Yadav,2018
1136595,2018-05-05,Pune,Maharashtra Cricket Association Stadium,Royal Challengers Bengaluru,Chennai Super Kings,Chennai Super Kings,field,Chennai Super Kings,RA Jadeja,2018
1136596,2018-05-05,Hyderabad,Rajiv Gandhi International Stadium,Delhi Capitals,Sunrisers Hyderabad,Delhi Capitals,bat,Sunrisers Hyderabad,Rashid Khan,2018
1136597,2018-05-06,Mumbai,Wankhede Stadium,Mumbai Indians,Kolkata Knight Riders,Kolkata Knight Riders,field,Mumbai Indians,HH Pandya,2018
1136598,2018-05-06,Indore,Holkar Cricket Stadium,Rajasthan Royals,Punjab Kings,Punjab Kings,field,Punjab Kings,Mujeeb Ur Rahman,2018
1136599,2018-05-07,Hyderabad,Rajiv Gandhi International Stadium,Sunrisers Hyderabad,Royal Challengers Bengaluru,Royal Challengers Bengaluru,field,Sunrisers Hyderabad,KS Williamson,2018
1136600,2018-05-08,Jaipur,Sawai Mansingh Stadium,Rajasthan Royals,Punjab Kings,Rajasthan Royals,bat,Rajasthan Royals,JC Buttler,2018
1136601,2018-05-09,Kolkata,Eden Gardens,Mumbai Indians,Kolkata Knight Riders,Kolkata Knight Riders,field,Mumbai Indians,Ishan Kishan,2018
1136602,2018-05-10,Delhi,Arun Jaitley Stadium,Delhi Capitals,Sunrisers Hyderabad,Delhi Capitals,bat,Sunrisers Hyderabad,S Dhawan,2018
1136603,2018-05-11,Jaipur,Sawai Mansingh Stadium,Chennai Super Kings,Rajasthan Royals,Chennai Super Kings,bat,Rajasthan Royals,JC Buttler,2018
1136604,2018-05-12,Indore,Holkar Cricket Stadium,Kolkata Knight Riders,Punjab Kings,Punjab Kings,field,Kolkata Knight Riders,SP Narine,2018
1136605,2018-05-12,Delhi,Arun Jaitley Stadium,Delhi Capitals,Royal Challengers Bengaluru,Royal Challengers Bengaluru,field,Royal Challengers Bengaluru,AB de Villiers,2018
1136606,2018-05-13,Pune,Maharashtra Cricket Association Stadium,Sunrisers Hyderabad,Chennai Super Kings,Chennai Super Kings,field,Chennai Super Kings,AT Rayudu,2018
1136607,2018-05-13,Mumbai,Wankhede Stadium,Mumbai Indians,Rajasthan Royals,Rajasthan Royals,field,Rajasthan Royals,JC Buttler,2018
1136608,2018-05-14,Indore,Holkar Cricket Stadium,Punjab Kings,Royal Challengers Bengaluru,Royal Challengers Bengaluru,field,Royal Challengers Bengaluru,UT Yadav,2018
1136609,2018-05-15,Kolkata,Eden Gardens,Rajasthan Royals,Kolkata Knight Riders,Kolkata Knight Riders,field,Kolkata Knight Riders,Kuldeep Yadav,2018
1136610,2018-05-16,Mumbai,Wankhede Stadium,Mumbai Indians,Punjab Kings,Punjab Kings,field,Mumbai Indians,JJ Bumrah,2018
1136611,2018-05-17,Bengaluru,M.Chinnaswamy Stadium,Royal Challengers Bengaluru,Sunrisers Hyderabad,Sunrisers Hyderabad,field,Royal Challengers Bengaluru,AB de Villiers,2018
1136612,2018-05-18,Delhi,Arun Jaitley Stadium,Delhi Capitals,Chennai Super Kings,Chennai Super Kings,field,Delhi Capitals,HV Patel,2018
1136613,2018-05-19,Jaipur,Sawai Mansingh Stadium,Rajasthan Royals,Royal Challengers Bengaluru,Rajasthan Royals,bat,Rajasthan Royals,S Gopal,2018
1136614,2018-05-19,Hyderabad,Rajiv Gandhi International Stadium,Sunrisers Hyderabad,Kolkata Knight Riders,Sunrisers Hyderabad,bat,Kolkata Knight Riders,CA Lynn,2018
1136615,2018-05-20,Delhi,Arun Jaitley Stadium,Delhi Capitals,Mumbai Indians,Delhi Capitals,bat,Delhi Capitals,A Mishra,2018
1136616,2018-05-20,Pune,Maharashtra Cricket Association Stadium,Punjab Kings,Chennai Super Kings,Chennai Super Kings,field,Chennai Super Kings,L Ngidi,2018
1136617,2018-05-22,Mumbai,Wankhede Stadium,Sunrisers Hyderabad,Chennai Super Kings,Chennai Super Kings,field,Chennai Super Kings,F du Plessis,2018
1136618,2018-05-23,Kolkata,Eden Gardens,Kolkata Knight Riders,Rajasthan Royals,Rajasthan Royals,field,Kolkata Knight Riders,AD Russell,2018
1136619,2018-05-25,Kolkata,Eden Gardens,Sunrisers Hyderabad,Kolkata Knight Riders,Kolkata Knight Riders,field,Sunrisers Hyderabad,Rashid Khan,2018
1136620,2018-05-27,Mumbai,Wankhede Stadium,Sunrisers Hyderabad,Chennai Super Kings,Chennai Super Kings,field,Chennai Super Kings,SR Watson,2018
1175356,2019-03-23,Chennai,MA Chidambaram Stadium,Royal Challengers Bengaluru,Chennai Super Kings,Chennai Super Kings,field,Chennai Super Kings,Harbhajan Singh,2019
1175357,2019-03-24,Kolkata,Eden Gardens,Sunrisers Hyderabad,Kolkata Knight Riders,Kolkata Knight Riders,field,Kolkata Knight Riders,AD Russell,2019
1175358,2019-03-24,Mumbai,Wankhede Stadium,Delhi Capitals,Mumbai Indians,Mumbai Indians,field,Delhi Capitals,RR Pant,2019
1175359,2019-03-25,Jaipur,Sawai Mansingh Stadium,Punjab Kings,Rajasthan Royals,Rajasthan Royals,field,Punjab Kings,CH Gayle,2019
1175360,2019-03-26,Delhi,Arun Jaitley Stadium,Delhi Capitals,Chennai Super Kings,Delhi Capitals,bat,Chennai Super Kings,SR Watson,2019
1175361,2019-03-27,Kolkata,Eden Gardens,Kolkata Knight Riders,Punjab Kings,Punjab Kings,field,Kolkata Knight Riders,AD Russell,2019
1175362,2019-03-28,Bengaluru,M.Chinnaswamy Stadium,Mumbai Indians,Royal Challengers Bengaluru,Royal Challengers Bengaluru,field,Mumbai Indians,JJ Bumrah,2019
1175363,2019-03-29,Hyderabad,Rajiv Gandhi International Stadium,Rajasthan Royals,Sunrisers Hyderabad,Rajasthan Royals,bat,Sunrisers Hyderabad,Rashid Khan,2019
1175364,2019-03-30,Chandigarh,Punjab Cricket Association IS Bindra Stadium,Mumbai Indians,Punjab Kings,Punjab Kings,field,Punjab Kings,MA Agarwal,2019
1175365,2019-03-30,Delhi,Arun Jaitley Stadium,Kolkata Knight Riders,Delhi Capitals,Delhi Capitals,field,,PP Shaw,2019
1175366,2019-03-31,Hyderabad,Rajiv Gandhi International Stadium,Sunrisers Hyderabad,Royal Challengers Bengaluru,Royal Challengers Bengaluru,field,Sunrisers Hyderabad,JM Bairstow,2019
1175367,2019-03-31,Chennai,MA Chidambaram Stadium,Chennai Super Kings,Rajasthan Royals,Rajasthan Royals,field,Chennai Super Kings,MS Dhoni,2019
1175368,2019-04-01,Chandigarh,Punjab Cricket Association IS Bindra Stadium,Punjab Kings,Delhi Capitals,Delhi Capitals,field,Punjab Kings,SM Curran,2019
1175369,2019-04-02,Jaipur,Sawai Mansingh Stadium,Royal Challengers Bengaluru,Rajasthan Royals,Rajasthan Royals,field,Rajasthan Royals,S Gopal,2019
1175370,2019-04-03,Mumbai,Wankhede Stadium,Mumbai Indians,Chennai Super Kings,Chennai Super Kings,field,Mumbai Indians,HH Pandya,2019
1175371,2019-04-04,Delhi,Arun Jaitley Stadium,Delhi Capitals,Sunrisers Hyderabad,Sunrisers Hyderabad,field,Sunrisers Hyderabad,JM Bairstow,2019
1175372,2019-04-05,Bengaluru,M.Chinnaswamy Stadium,Royal Challengers Bengaluru,Kolkata Knight Riders,Kolkata Knight Riders,field,Kolkata Knight Riders,AD Russell,2019
1178393,2019-04-06,Chennai,MA Chidambaram Stadium,Chennai Super Kings,Punjab Kings,Chennai Super Kings,bat,Chennai Super Kings,Harbhajan Singh,2019
1178394,2019-04-06,Hyderabad,Rajiv Gandhi International Stadium,Mumbai Indians,Sunrisers Hyderabad,Sunrisers Hyderabad,field,Mumbai Indians,AS Joseph,2019
1178395,2019-04-07,Bengaluru,M.Chinnaswamy Stadium,Royal Challengers Bengaluru,Delhi Capitals,Delhi Capitals,field,Delhi Capitals,K Rabada,2019
1178396,2019-04-07,Jaipur,Sawai Mansingh Stadium,Rajasthan Royals,Kolkata Knight Riders,Kolkata Knight Riders,field,Kolkata Knight Riders,HF Gurney,2019
1178397,2019-04-08,Chandigarh,Punjab Cricket Association IS Bindra Stadium,Sunrisers Hyderabad,Punjab Kings,Punjab Kings,field,Punjab Kings,KL Rahul,2019
1178398,2019-04-09,Chennai,MA Chidambaram Stadium,Kolkata Knight Riders,Chennai Super Kings,Chennai Super Kings,field,Chennai Super Kings,DL Chahar,2019
1178399,2019-04-10,Mumbai,Wankhede Stadium,Punjab Kings,Mumbai Indians,Mumbai Indians,field,Mumbai Indians,KA Pollard,2019
1178400,2019-04-11,Jaipur,Sawai Mansingh Stadium,Rajasthan Royals,Chennai Super Kings,Chennai Super Kings,field,Chennai Super Kings,MS Dhoni,2019
1178401,2019-04-12,Kolkata,Eden Gardens,Kolkata Knight Riders,Delhi Capitals,Delhi Capitals,field,Delhi Capitals,S Dhawan,2019
1178402,2019-04-13,Mumbai,Wankhede Stadium,Mumbai Indians,Rajasthan Royals,Rajasthan Royals,field,Rajasthan Royals,JC Buttler,2019
1178403,2019-04-13,Chandigarh,Punjab Cricket Association IS Bindra Stadium,Punjab Kings,Royal Challengers Bengaluru,Royal Challengers Bengaluru,field,Royal Challengers Bengaluru,AB de Villiers,2019
1178404,2019-04-14,Kolkata,Eden Gardens,Kolkata Knight Riders,Chennai Super Kings,Chennai Super Kings,field,Chennai Super Kings,Imran Tahir,2019
1178405,2019-04-14,Hyderabad,Rajiv Gandhi International Stadium,Delhi Capitals,Sunrisers Hyderabad,Sunrisers Hyderabad,field,Delhi Capitals,KMA Paul,2019
1178406,2019-04-15,Mumbai,Wankhede Stadium,Royal Challengers Bengaluru,Mumbai Indians,Mumbai Indians,field,Mumbai Indians,SL Malinga,2019
1178407,2019-04-16,Chandigarh,Punjab Cricket Association IS Bindra Stadium,Punjab Kings,Rajasthan Royals,Rajasthan Royals,field,Punjab Kings,R Ashwin,2019
1178408,2019-04-17,Hyderabad,Rajiv Gandhi International Stadium,Chennai Super Kings,Sunrisers Hyderabad,Chennai Super Kings,bat,Sunrisers Hyderabad,DA Warner,2019
1178409,2019-04-18,Delhi,Arun Jaitley Stadium,Mumbai Indians,Delhi Capitals,Mumbai Indians,bat,Mumbai Indians,HH Pandya,2019
1178410,2019-04-19,Kolkata,Eden Gardens,Royal Challengers Bengaluru,Kolkata Knight Riders,Kolkata Knight Riders,field,Royal Challengers Bengaluru,V Kohli,2019
1178411,2019-04-20,Jaipur,Sawai Mansingh Stadium,Mumbai Indians,Rajasthan Royals,Rajasthan Royals,field,Rajasthan Royals,SPD Smith,2019
1178412,2019-04-20,Delhi,Arun Jaitley Stadium,Punjab Kings,Delhi Capitals,Delhi Capitals,field,Delhi Capitals,SS Iyer,2019
1178413,2019-04-21,Hyderabad,Rajiv Gandhi International Stadium,Kolkata Knight Riders,Sunrisers Hyderabad,Sunrisers Hyderabad,field,Sunrisers Hyderabad,KK Ahmed,2019
1178414,2019-04-21,Bengaluru,M.Chinnaswamy Stadium,Royal Challengers Bengaluru,Chennai Super Kings,Chennai Super Kings,field,Royal Challengers Bengaluru,PA Patel,2019
1178415,2019-04-22,Jaipur,Sawai Mansingh Stadium,Rajasthan Royals,Delhi Capitals,Delhi Capitals,field,Delhi Capitals,RR Pant,2019
1178416,2019-04-23,Chennai,MA Chidambaram Stadium,Sunrisers Hyderabad,Chennai Super Kings,Chennai Super Kings,field,Chennai Super Kings,SR Watson,2019
1178417,2019-04-24,Bengaluru,M.Chinnaswamy Stadium,Royal Challengers Bengaluru,Punjab Kings,Punjab Kings,field,Royal Challengers Bengaluru,AB de Villiers,2019
1178418,2019-04-25,Kolkata,Eden Gardens,Kolkata Knight Riders,Rajasthan Royals,Rajasthan Royals,field,Rajasthan Royals,VR Aaron,2019
1178419,2019-04-26,Chennai,MA Chidambaram Stadium,Mumbai Indians,Chennai Super Kings,Chennai Super Kings,field,Mumbai Indians,RG Sharma,2019
1178420,2019-04-27,Jaipur,Sawai Mansingh Stadium,Sunrisers Hyderabad,Rajasthan Royals,Rajasthan Royals,field,Rajasthan Royals,JD Unadkat,2019
1178421,2019-04-28,Delhi,Arun Jaitley Stadium,Delhi Capitals,Royal Challengers Bengaluru,Delhi Capitals,bat,Delhi Capitals,S Dhawan,2019
1178422,2019-04-28,Kolkata,Eden Gardens,Kolkata Knight Riders,Mumbai Indians,Mumbai Indians,field,Kolkata Knight Riders,AD Russell,2019
1178423,2019-04-29,Hyderabad,Rajiv Gandhi International Stadium,Sunrisers Hyderabad,Punjab Kings,Punjab Kings,field,Sunrisers Hyderabad,DA Warner,2019
1178424,2019-04-30,Bengaluru,M.Chinnaswamy Stadium,Royal Challengers Bengaluru,Rajasthan Royals,Rajasthan Royals,field,,No Result,2019
1178425,2019-05-01,Chennai,MA Chidambaram Stadium,Chennai Super Kings,Delhi Capitals,Delhi Capitals,field,Chennai Super Kings,MS Dhoni,2019
1178426,2019-05-02,Mumbai,Wankhede Stadium,Mumbai Indians,Sunrisers Hyderabad,Mumbai Indians,bat,,JJ Bumrah,2019
1178427,2019-05-03,Chandigarh,Punjab Cricket Association IS Bindra Stadium,Punjab Kings,Kolkata Knight Riders,Kolkata Knight Riders,field,Kolkata Knight Riders,Shubman Gill,2019
1178428,2019-05-04,Delhi,Arun Jaitley Stadium,Rajasthan Royals,Delhi Capitals,Rajasthan Royals,bat,Delhi Capitals,A Mishra,2019
1178429,2019-05-04,Bengaluru,M.Chinnaswamy Stadium,Sunrisers Hyderabad,Royal Challengers Bengaluru,Royal Challengers Bengaluru,field,Royal Challengers Bengaluru,SO Hetmyer,2019
1178430,2019-05-05,Chandigarh,Punjab Cricket Association IS Bindra Stadium,Chennai Super Kings,Punjab Kings,Punjab Kings,field,Punjab Kings,KL Rahul,2019
1178431,2019-05-05,Mumbai,Wankhede Stadium,Kolkata Knight Riders,Mumbai Indians,Mumbai Indians,field,Mumbai Indians,HH Pandya,2019
1181764,2019-05-07,Chennai,MA Chidambaram Stadium,Chennai Super Kings,Mumbai Indians,Chennai Super Kings,bat,Mumbai Indians,SA Yadav,2019
1181766,2019-05-08,Visakhapatnam,Dr. Y.S. Rajasekhara Reddy ACA-VDCA Cricket Stadium,Sunrisers Hyderabad,Delhi Capitals,Delhi Capitals,field,Delhi Capitals,RR Pant,2019
1181767,2019-05-10,Visakhapatnam,Dr. Y.S. Rajasekhara Reddy ACA-VDCA Cricket Stadium,Delhi Capitals,Chennai Super Kings,Chennai Super Kings,field,Chennai Super Kings,F du Plessis,2019
1181768,2019-05-12,Hyderabad,Rajiv Gandhi International Stadium,Mumbai Indians,Chennai Super Kings,Mumbai Indians,bat,Mumbai Indians,JJ Bumrah,2019
1216492,2020-09-19,Abu Dhabi,Sheikh Zayed Stadium,Mumbai Indians,Chennai Super Kings,Chennai Super Kings,field,Chennai Super Kings,AT Rayudu,2020
1216493,2020-09-20,Dubai,Dubai International Cricket Stadium,Delhi Capitals,Punjab Kings,Punjab Kings,field,,MP Stoinis,2020
1216494,2020-10-21,Abu Dhabi,Sheikh Zayed Stadium,Kolkata Knight Riders,Royal Challengers Bengaluru,Kolkata Knight Riders,bat,Royal Challengers Bengaluru,Mohammed Siraj,2020
1216495,2020-11-03,Sharjah,Sharjah Cricket Stadium,Mumbai Indians,Sunrisers Hyderabad,Sunrisers Hyderabad,field,Sunrisers Hyderabad,S Nadeem,2020
1216496,2020-09-22,Sharjah,Sharjah Cricket Stadium,Rajasthan Royals,Chennai Super Kings,Chennai Super Kings,field,Rajasthan Royals,SV Samson,2020
1216497,2020-10-24,Abu Dhabi,Sheikh Zayed Stadium,Kolkata Knight Riders,Delhi Capitals,Delhi Capitals,field,Kolkata Knight Riders,CV Varun,2020
1216498,2020-10-24,Dubai,Dubai International Cricket Stadium,Punjab Kings,Sunrisers Hyderabad,Sunrisers Hyderabad,field,Punjab Kings,CJ Jordan,2020
1216499,2020-10-28,Abu Dhabi,Sheikh Zayed Stadium,Royal Challengers Bengaluru,Mumbai Indians,Mumbai Indians,field,Mumbai Indians,SA Yadav,2020
1216500,2020-10-09,Sharjah,Sharjah Cricket Stadium,Delhi Capitals,Rajasthan Royals,Rajasthan Royals,field,Delhi Capitals,R Ashwin,2020
1216501,2020-10-07,Abu Dhabi,Sheikh Zayed Stadium,Kolkata Knight Riders,Chennai Super Kings,Kolkata Knight Riders,bat,Kolkata Knight Riders,RA Tripathi,2020
1216502,2020-10-31,Sharjah,Sharjah Cricket Stadium,Royal Challengers Bengaluru,Sunrisers Hyderabad,Sunrisers Hyderabad,field,Sunrisers Hyderabad,Sandeep Sharma,2020
1216503,2020-10-01,Abu Dhabi,Sheikh Zayed Stadium,Mumbai Indians,Punjab Kings,Punjab Kings,field,Mumbai Indians,KA Pollard,2020
1216504,2020-09-30,Dubai,Dubai International Cricket Stadium,Kolkata Knight Riders,Rajasthan Royals,Rajasthan Royals,field,Kolkata Knight Riders,Shivam Mavi,2020
1216505,2020-11-02,Abu Dhabi,Sheikh Zayed Stadium,Royal Challengers Bengaluru,Delhi Capitals,Delhi Capitals,field,Delhi Capitals,A Nortje,2020
1216506,2020-11-01,Abu Dhabi,Sheikh Zayed Stadium,Punjab Kings,Chennai Super Kings,Chennai Super Kings,field,Chennai Super Kings,RD Gaikwad,2020
1216507,2020-10-11,Dubai,Dubai International Cricket Stadium,Sunrisers Hyderabad,Rajasthan Royals,Sunrisers Hyderabad,bat,Rajasthan Royals,R Tewatia,2020
1216508,2020-09-23,Abu Dhabi,Sheikh Zayed Stadium,Mumbai Indians,Kolkata Knight Riders,Kolkata Knight Riders,field,Mumbai Indians,RG Sharma,2020
1216509,2020-10-17,Sharjah,Sharjah Cricket Stadium,Chennai Super Kings,Delhi Capitals,Chennai Super Kings,bat,Delhi Capitals,S Dhawan,2020
1216510,2020-09-24,Dubai,Dubai International Cricket Stadium,Punjab Kings,Royal Challengers Bengaluru,Royal Challengers Bengaluru,field,Punjab Kings,KL Rahul,2020
1216511,2020-10-06,Abu Dhabi,Sheikh Zayed Stadium,Mumbai Indians,Rajasthan Royals,Mumbai Indians,bat,Mumbai Indians,SA Yadav,2020
1216512,2020-10-18,Abu Dhabi,Sheikh Zayed Stadium,Kolkata Knight Riders,Sunrisers Hyderabad,Sunrisers Hyderabad,field,,LH Ferguson,2020
1216513,2020-10-04,Dubai,Dubai International Cricket Stadium,Punjab Kings,Chennai Super Kings,Punjab Kings,bat,Chennai Super Kings,SR Watson,2020
1216514,2020-10-03,Abu Dhabi,Sheikh Zayed Stadium,Rajasthan Royals,Royal Challengers Bengaluru,Rajasthan Royals,bat,Royal Challengers Bengaluru,YS Chahal,2020
1216515,2020-10-03,Sharjah,Sharjah Cricket Stadium,Delhi Capitals,Kolkata Knight Riders,Kolkata Knight Riders,field,Delhi Capitals,SS Iyer,2020
1216516,2020-10-02,Dubai,Dubai International Cricket Stadium,Sunrisers Hyderabad,Chennai Super Kings,Sunrisers Hyderabad,bat,Sunrisers Hyderabad,PK Garg,2020
1216517,2020-10-18,Dubai,Dubai International Cricket Stadium,Mumbai Indians,Punjab Kings,Mumbai Indians,bat,,KL Rahul,2020
1216518,2020-10-22,Dubai,Dubai International Cricket Stadium,Rajasthan Royals,Sunrisers Hyderabad,Sunrisers Hyderabad,field,Sunrisers Hyderabad,MK Pandey,2020
1216519,2020-10-05,Dubai,Dubai International Cricket Stadium,Delhi Capitals,Royal Challengers Bengaluru,Royal Challengers Bengaluru,field,Delhi Capitals,AR Patel,2020
1216520,2020-10-26,Sharjah,Sharjah Cricket Stadium,Kolkata Knight Riders,Punjab Kings,Punjab Kings,field,Punjab Kings,CH Gayle,2020
1216521,2020-10-23,Sharjah,Sharjah Cricket Stadium,Chennai Super Kings,Mumbai Indians,Mumbai Indians,field,Mumbai Indians,TA Boult,2020
1216522,2020-10-17,Dubai,Dubai International Cricket Stadium,Rajasthan Royals,Royal Challengers Bengaluru,Rajasthan Royals,bat,Royal Challengers Bengaluru,AB de Villiers,2020
1216523,2020-10-10,Abu Dhabi,Sheikh Zayed Stadium,Kolkata Knight Riders,Punjab Kings,Kolkata Knight Riders,bat,Kolkata Knight Riders,KD Karthik,2020
1216524,2020-10-27,Dubai,Dubai International Cricket Stadium,Sunrisers Hyderabad,Delhi Capitals,Delhi Capitals,field,Sunrisers Hyderabad,WP Saha,2020
1216525,2020-10-10,Dubai,Dubai International Cricket Stadium,Royal Challengers Bengaluru,Chennai Super Kings,Royal Challengers Bengaluru,bat,Royal Challengers Bengaluru,V Kohli,2020
1216526,2020-10-16,Abu Dhabi,Sheikh Zayed Stadium,Kolkata Knight Riders,Mumbai Indians,Kolkata Knight Riders,bat,Mumbai Indians,Q de Kock,2020
1216527,2020-09-27,Sharjah,Sharjah Cricket Stadium,Punjab Kings,Rajasthan Royals,Rajasthan Royals,field,Rajasthan Royals,SV Samson,2020
1216528,2020-10-13,Dubai,Dubai International Cricket Stadium,Chennai Super Kings,Sunrisers Hyderabad,Chennai Super Kings,bat,Chennai Super Kings,RA Jadeja,2020
1216529,2020-10-11,Abu Dhabi,Sheikh Zayed Stadium,Delhi Capitals,Mumbai Indians,Delhi Capitals,bat,Mumbai Indians,Q de Kock,2020
1216530,2020-11-01,Dubai,Dubai International Cricket Stadium,Kolkata Knight Riders,Rajasthan Royals,Rajasthan Royals,field,Kolkata Knight Riders,PJ Cummins,2020
1216531,2020-10-15,Sharjah,Sharjah Cricket Stadium,Royal Challengers Bengaluru,Punjab Kings,Royal Challengers Bengaluru,bat,Punjab Kings,KL Rahul,2020
1216532,2020-09-29,Abu Dhabi,Sheikh Zayed Stadium,Sunrisers Hyderabad,Delhi Capitals,Delhi Capitals,field,Sunrisers Hyderabad,Rashid Khan,2020
1216533,2020-10-19,Abu Dhabi,Sheikh Zayed Stadium,Chennai Super Kings,Rajasthan Royals,Chennai Super Kings,bat,Rajasthan Royals,JC Buttler,2020
1216534,2020-09-21,Dubai,Dubai International Cricket Stadium,Royal Challengers Bengaluru,Sunrisers Hyderabad,Sunrisers Hyderabad,field,Royal Challengers Bengaluru,YS Chahal,2020
1216535,2020-10-31,Dubai,Dubai International Cricket Stadium,Delhi Capitals,Mumbai Indians,Mumbai Indians,field,Mumbai Indians,Ishan Kishan,2020
1216536,2020-10-29,Dubai,Dubai International Cricket Stadium,Kolkata Knight Riders,Chennai Super Kings,Chennai Super Kings,field,Chennai Super Kings,RD Gaikwad,2020
1216537,2020-10-30,Abu Dhabi,Sheikh Zayed Stadium,Punjab Kings,Rajasthan Royals,Rajasthan Royals,field,Rajasthan Royals,BA Stokes,2020
1216538,2020-10-04,Sharjah,Sharjah Cricket Stadium,Mumbai Indians,Sunrisers Hyderabad,Mumbai Indians,bat,Mumbai Indians,TA Boult,2020
1216539,2020-09-25,Dubai,Dubai International Cricket Stadium,Delhi Capitals,Chennai Super Kings,Chennai Super Kings,field,Delhi Capitals,PP Shaw,2020
1216540,2020-10-12,Sharjah,Sharjah Cricket Stadium,Royal Challengers Bengaluru,Kolkata Knight Riders,Royal Challengers Bengaluru,bat,Royal Challengers Bengaluru,AB de Villiers,2020
1216541,2020-10-25,Abu Dhabi,Sheikh Zayed Stadium,Mumbai Indians,Rajasthan Royals,Mumbai Indians,bat,Rajasthan Royals,BA Stokes,2020
1216542,2020-10-08,Dubai,Dubai International Cricket Stadium,Sunrisers Hyderabad,Punjab Kings,Sunrisers Hyderabad,bat,Sunrisers Hyderabad,JM Bairstow,2020
1216543,2020-10-14,Dubai,Dubai International Cricket Stadium,Delhi Capitals,Rajasthan Royals,Delhi Capitals,bat,Delhi Capitals,A Nortje,2020
1216544,2020-10-25,Dubai,Dubai International Cricket Stadium,Royal Challengers Bengaluru,Chennai Super Kings,Royal Challengers Bengaluru,bat,Chennai Super Kings,RD Gaikwad,2020
1216545,2020-09-26,Abu Dhabi,Sheikh Zayed Stadium,Sunrisers Hyderabad,Kolkata Knight Riders,Sunrisers Hyderabad,bat,Kolkata Knight Riders,Shubman Gill,2020
1216546,2020-10-20,Dubai,Dubai International Cricket Stadium,Delhi Capitals,Punjab Kings,Delhi Capitals,bat,Punjab Kings,S Dhawan,2020
1216547,2020-09-28,Dubai,Dubai International Cricket Stadium,Royal Challengers Bengaluru,Mumbai Indians,Mumbai Indians,field,,AB de Villiers,2020
1237177,2020-11-05,Dubai,Dubai International Cricket Stadium,Mumbai Indians,Delhi Capitals,Delhi Capitals,field,Mumbai Indians,JJ Bumrah,2020
1237178,2020-11-06,Abu Dhabi,Sheikh Zayed Stadium,Royal Challengers Bengaluru,Sunrisers Hyderabad,Sunrisers Hyderabad,field,Sunrisers Hyderabad,KS Williamson,2020
1237180,2020-11-08,Abu Dhabi,Sheikh Zayed Stadium,Delhi Capitals,Sunrisers Hyderabad,Delhi Capitals,bat,Delhi Capitals,MP Stoinis,2020
1237181,2020-11-10,Dubai,Dubai International Cricket Stadium,Delhi Capitals,Mumbai Indians,Delhi Capitals,bat,Mumbai Indians,TA Boult,2020
1254058,2021-04-09,Chennai,"MA Chidambaram Stadium, Chepauk, Chennai",Mumbai Indians,Royal Challengers Bengaluru,Royal Challengers Bengaluru,field,Royal Challengers Bengaluru,HV Patel,2021
1254059,2021-04-10,Mumbai,"Wankhede Stadium, Mumbai",Chennai Super Kings,Delhi Capitals,Delhi Capitals,field,Delhi Capitals,S Dhawan,2021
1254060,2021-04-11,Chennai,"MA Chidambaram Stadium, Chepauk, Chennai",Kolkata Knight Riders,Sunrisers Hyderabad,Sunrisers Hyderabad,field,Kolkata Knight Riders,N Rana,2021
1254061,2021-04-12,Mumbai,"Wankhede Stadium, Mumbai",Punjab Kings,Rajasthan Royals,Rajasthan Royals,field,Punjab Kings,SV Samson,2021
1254062,2021-04-13,Chennai,"MA Chidambaram Stadium, Chepauk, Chennai",Mumbai Indians,Kolkata Knight Riders,Kolkata Knight Riders,field,Mumbai Indians,RD Chahar,2021
1254063,2021-04-14,Chennai,"MA Chidambaram Stadium, Chepauk, Chennai",Royal Challengers Bengaluru,Sunrisers Hyderabad,Sunrisers Hyderabad,field,Royal Challengers Bengaluru,GJ Maxwell,2021
1254064,2021-04-15,Mumbai,"Wankhede Stadium, Mumbai",Delhi Capitals,Rajasthan Royals,Rajasthan Royals,field,Rajasthan Royals,JD Unadkat,2021
1254065,2021-04-16,Mumbai,"Wankhede Stadium, Mumbai",Punjab Kings,Chennai Super Kings,Chennai Super Kings,field,Chennai Super Kings,DL Chahar,2021
1254066,2021-04-17,Chennai,"MA Chidambaram Stadium, Chepauk, Chennai",Mumbai Indians,Sunrisers Hyderabad,Mumbai Indians,bat,Mumbai Indians,KA Pollard,2021
1254067,2021-04-18,Chennai,"MA Chidambaram Stadium, Chepauk, Chennai",Royal Challengers Bengaluru,Kolkata Knight Riders,Royal Challengers Bengaluru,bat,Royal Challengers Bengaluru,AB de Villiers,2021
1254068,2021-04-18,Mumbai,"Wankhede Stadium, Mumbai",Punjab Kings,Delhi Capitals,Delhi Capitals,field,Delhi Capitals,S Dhawan,2021
1254069,2021-04-19,Mumbai,"Wankhede Stadium, Mumbai",Chennai Super Kings,Rajasthan Royals,Rajasthan Royals,field,Chennai Super Kings,MM Ali,2021
1254070,2021-04-20,Chennai,"MA Chidambaram Stadium, Chepauk, Chennai",Mumbai Indians,Delhi Capitals,Mumbai Indians,bat,Delhi Capitals,A Mishra,2021
1254071,2021-04-21,Chennai,"MA Chidambaram Stadium, Chepauk, Chennai",Punjab Kings,Sunrisers Hyderabad,Punjab Kings,bat,Sunrisers Hyderabad,JM Bairstow,2021
1254072,2021-04-21,Mumbai,"Wankhede Stadium, Mumbai",Chennai Super Kings,Kolkata Knight Riders,Kolkata Knight Riders,field,Chennai Super Kings,F du Plessis,2021
1254073,2021-04-22,Mumbai,"Wankhede Stadium, Mumbai",Rajasthan Royals,Royal Challengers Bengaluru,Royal Challengers Bengaluru,field,Royal Challengers Bengaluru,D Padikkal,2021
1254074,2021-04-23,Chennai,"MA Chidambaram Stadium, Chepauk, Chennai",Mumbai Indians,Punjab Kings,Punjab Kings,field,Punjab Kings,KL Rahul,2021
1254075,2021-04-24,Mumbai,"Wankhede Stadium, Mumbai",Kolkata Knight Riders,Rajasthan Royals,Rajasthan Royals,field,Rajasthan Royals,CH Morris,2021
1254076,2021-04-25,Mumbai,"Wankhede Stadium, Mumbai",Chennai Super Kings,Royal Challengers Bengaluru,Chennai Super Kings,bat,Chennai Super Kings,RA Jadeja,2021
1254077,2021-04-25,Chennai,"MA Chidambaram Stadium, Chepauk, Chennai",Delhi Capitals,Sunrisers Hyderabad,Delhi Capitals,bat,,PP Shaw,2021
1254078,2021-04-26,Ahmedabad,"Narendra Modi Stadium, Ahmedabad",Punjab Kings,Kolkata Knight Riders,Kolkata Knight Riders,field,Kolkata Knight Riders,EJG Morgan,2021
1254079,2021-04-27,Ahmedabad,"Narendra Modi Stadium, Ahmedabad",Royal Challengers Bengaluru,Delhi Capitals,Delhi Capitals,field,Royal Challengers Bengaluru,AB de Villiers,2021
1254080,2021-04-28,Delhi,"Arun Jaitley Stadium, Delhi",Sunrisers Hyderabad,Chennai Super Kings,Sunrisers Hyderabad,bat,Chennai Super Kings,RD Gaikwad,2021
1254081,2021-04-29,Delhi,"Arun Jaitley Stadium, Delhi",Rajasthan Royals,Mumbai Indians,Mumbai Indians,field,Mumbai Indians,Q de Kock,2021
1254082,2021-04-29,Ahmedabad,"Narendra Modi Stadium, Ahmedabad",Kolkata Knight Riders,Delhi Capitals,Delhi Capitals,field,Delhi Capitals,PP Shaw,2021
1254083,2021-04-30,Ahmedabad,"Narendra Modi Stadium, Ahmedabad",Punjab Kings,Royal Challengers Bengaluru,Royal Challengers Bengaluru,field,Punjab Kings,Harpreet Brar,2021
1254084,2021-05-01,Delhi,"Arun Jaitley Stadium, Delhi",Chennai Super Kings,Mumbai Indians,Mumbai Indians,field,Mumbai Indians,KA Pollard,2021
1254085,2021-05-02,Delhi,"Arun Jaitley Stadium, Delhi",Rajasthan Royals,Sunrisers Hyderabad,Sunrisers Hyderabad,field,Rajasthan Royals,JC Buttler,2021
1254086,2021-05-02,Ahmedabad,"Narendra Modi Stadium, Ahmedabad",Punjab Kings,Delhi Capitals,Delhi Capitals,field,Delhi Capitals,MA Agarwal,2021
1254087,2021-09-20,Abu Dhabi,"Zayed Cricket Stadium, Abu Dhabi",Royal Challengers Bengaluru,Kolkata Knight Riders,Royal Challengers Bengaluru,bat,Kolkata Knight Riders,CV Varun,2021
1254088,2021-10-08,Abu Dhabi,"Zayed Cricket Stadium, Abu Dhabi",Mumbai Indians,Sunrisers Hyderabad,Mumbai Indians,bat,Mumbai Indians,Ishan Kishan,2021
1254089,2021-10-02,Abu Dhabi,"Zayed Cricket Stadium, Abu Dhabi",Chennai Super Kings,Rajasthan Royals,Rajasthan Royals,field,Rajasthan Royals,RD Gaikwad,2021
1254090,2021-10-03,Sharjah,Sharjah Cricket Stadium,Royal Challengers Bengaluru,Punjab Kings,Royal Challengers Bengaluru,bat,Royal Challengers Bengaluru,GJ Maxwell,2021
1254091,2021-09-30,Sharjah,Sharjah Cricket Stadium,Sunrisers Hyderabad,Chennai Super Kings,Chennai Super Kings,field,Chennai Super Kings,JR Hazlewood,2021
1254092,2021-09-28,Sharjah,Sharjah Cricket Stadium,Delhi Capitals,Kolkata Knight Riders,Kolkata Knight Riders,field,Kolkata Knight Riders,SP Narine,2021
1254093,2021-10-05,Sharjah,Sharjah Cricket Stadium,Rajasthan Royals,Mumbai Indians,Mumbai Indians,field,Mumbai Indians,NM Coulter-Nile,2021
1254094,2021-10-07,Dubai,Dubai International Cricket Stadium,Chennai Super Kings,Punjab Kings,Punjab Kings,field,Punjab Kings,KL Rahul,2021
1254095,2021-10-06,Abu Dhabi,"Zayed Cricket Stadium, Abu Dhabi",Sunrisers Hyderabad,Royal Challengers Bengaluru,Royal Challengers Bengaluru,field,Sunrisers Hyderabad,KS Williamson,2021
1254096,2021-09-23,Abu Dhabi,"Zayed Cricket Stadium, Abu Dhabi",Mumbai Indians,Kolkata Knight Riders,Kolkata Knight Riders,field,Kolkata Knight Riders,SP Narine,2021
1254097,2021-09-25,Abu Dhabi,"Zayed Cricket Stadium, Abu Dhabi",Delhi Capitals,Rajasthan Royals,Rajasthan Royals,field,Delhi Capitals,SS Iyer,2021
1254098,2021-09-26,Abu Dhabi,"Zayed Cricket Stadium, Abu Dhabi",Kolkata Knight Riders,Chennai Super Kings,Kolkata Knight Riders,bat,Chennai Super Kings,RA Jadeja,2021
1254099,2021-09-28,Abu Dhabi,"Zayed Cricket Stadium, Abu Dhabi",Punjab Kings,Mumbai Indians,Mumbai Indians,field,Mumbai Indians,KA Pollard,2021
1254100,2021-09-27,Dubai,Dubai International Cricket Stadium,Rajasthan Royals,Sunrisers Hyderabad,Rajasthan Royals,bat,Sunrisers Hyderabad,JJ Roy,2021
1254101,2021-10-08,Dubai,Dubai International Cricket Stadium,Delhi Capitals,Royal Challengers Bengaluru,Royal Challengers Bengaluru,field,Royal Challengers Bengaluru,KS Bharat,2021
1254102,2021-10-01,Dubai,Dubai International Cricket Stadium,Kolkata Knight Riders,Punjab Kings,Punjab Kings,field,Punjab Kings,KL Rahul,2021
1254103,2021-09-29,Dubai,Dubai International Cricket Stadium,Rajasthan Royals,Royal Challengers Bengaluru,Royal Challengers Bengaluru,field,Royal Challengers Bengaluru,YS Chahal,2021
1254104,2021-09-19,Dubai,Dubai International Cricket Stadium,Chennai Super Kings,Mumbai Indians,Chennai Super Kings,bat,Chennai Super Kings,RD Gaikwad,2021
1254105,2021-09-22,Dubai,Dubai International Cricket Stadium,Sunrisers Hyderabad,Delhi Capitals,Sunrisers Hyderabad,bat,Delhi Capitals,A Nortje,2021
1254106,2021-10-07,Sharjah,Sharjah Cricket Stadium,Kolkata Knight Riders,Rajasthan Royals,Rajasthan Royals,field,Kolkata Knight Riders,Shivam Mavi,2021
1254107,2021-09-25,Sharjah,Sharjah Cricket Stadium,Punjab Kings,Sunrisers Hyderabad,Sunrisers Hyderabad,field,Punjab Kings,JO Holder,2021
1254108,2021-09-26,Dubai,Dubai International Cricket Stadium,Royal Challengers Bengaluru,Mumbai Indians,Mumbai Indians,field,Royal Challengers Bengaluru,GJ Maxwell,2021
1254109,2021-10-03,Dubai,Dubai International Cricket Stadium,Sunrisers Hyderabad,Kolkata Knight Riders,Sunrisers Hyderabad,bat,Kolkata Knight Riders,Shubman Gill,2021
1254110,2021-10-04,Dubai,Dubai International Cricket Stadium,Chennai Super Kings,Delhi Capitals,Delhi Capitals,field,Delhi Capitals,AR Patel,2021
1254111,2021-09-21,Dubai,Dubai International Cricket Stadium,Rajasthan Royals,Punjab Kings,Punjab Kings,field,Rajasthan Royals,Kartik Tyagi,2021
1254112,2021-10-02,Sharjah,Sharjah Cricket Stadium,Mumbai Indians,Delhi Capitals,Delhi Capitals,field,Delhi Capitals,AR Patel,2021
1254113,2021-09-24,Sharjah,Sharjah Cricket Stadium,Royal Challengers Bengaluru,Chennai Super Kings,Chennai Super Kings,field,Chennai Super Kings,DJ Bravo,2021
1254114,2021-10-10,Dubai,Dubai International Cricket Stadium,Delhi Capitals,Chennai Super Kings,Chennai Super Kings,field,Chennai Super Kings,RD Gaikwad,2021
1254115,2021-10-11,Sharjah,Sharjah Cricket Stadium,Royal Challengers Bengaluru,Kolkata Knight Riders,Royal Challengers Bengaluru,bat,Kolkata Knight Riders,SP Narine,2021
1254116,2021-10-13,Sharjah,Sharjah Cricket Stadium,Delhi Capitals,Kolkata Knight Riders,Kolkata Knight Riders,field,Kolkata Knight Riders,VR Iyer,2021
1254117,2021-10-15,Dubai,Dubai International Cricket Stadium,Chennai Super Kings,Kolkata Knight Riders,Kolkata Knight Riders,field,Chennai Super Kings,F du Plessis,2021
1304047,2022-03-26,Mumbai,"Wankhede Stadium, Mumbai",Chennai Super Kings,Kolkata Knight Riders,Kolkata Knight Riders,field,Kolkata Knight Riders,UT Yadav,2022
1304048,2022-03-27,Mumbai,"Brabourne Stadium, Mumbai",Mumbai Indians,Delhi Capitals,Delhi Capitals,field,Delhi Capitals,Kuldeep Yadav,2022
1304049,2022-03-27,Mumbai,"Dr DY Patil Sports Academy, Mumbai",Royal Challengers Bengaluru,Punjab Kings,Punjab Kings,field,Punjab Kings,OF Smith,2022
1304050,2022-03-28,Mumbai,"Wankhede Stadium, Mumbai",Lucknow Super Giants,Gujarat Titans,Gujarat Titans,field,Gujarat Titans,Mohammed Shami,2022
1304051,2022-03-29,Pune,"Maharashtra Cricket Association Stadium, Pune",Rajasthan Royals,Sunrisers Hyderabad,Sunrisers Hyderabad,field,Rajasthan Royals,SV Samson,2022
1304052,2022-03-30,Mumbai,"Dr DY Patil Sports Academy, Mumbai",Kolkata Knight Riders,Royal Challengers Bengaluru,Royal Challengers Bengaluru,field,Royal Challengers Bengaluru,PWH de Silva,2022
1304053,2022-03-31,Mumbai,"Brabourne Stadium, Mumbai",Chennai Super Kings,Lucknow Super Giants,Lucknow Super Giants,field,Lucknow Super Giants,E Lewis,2022
1304054,2022-04-01,Mumbai,"Wankhede Stadium, Mumbai",Punjab Kings,Kolkata Knight Riders,Kolkata Knight Riders,field,Kolkata Knight Riders,UT Yadav,2022
1304055,2022-04-02,Mumbai,"Dr DY Patil Sports Academy, Mumbai",Rajasthan Royals,Mumbai Indians,Mumbai Indians,field,Rajasthan Royals,JC Buttler,2022
1304056,2022-04-02,Pune,"Maharashtra Cricket Association Stadium, Pune",Gujarat Titans,Delhi Capitals,Delhi Capitals,field,Gujarat Titans,LH Ferguson,2022
1304057,2022-04-03,Mumbai,"Brabourne Stadium, Mumbai",Punjab Kings,Chennai Super Kings,Chennai Super Kings,field,Punjab Kings,LS Livingstone,2022
1304058,2022-04-04,Mumbai,"Dr DY Patil Sports Academy, Mumbai",Lucknow Super Giants,Sunrisers Hyderabad,Sunrisers Hyderabad,field,Lucknow Super Giants,Avesh Khan,2022
1304059,2022-04-05,Mumbai,"Wankhede Stadium, Mumbai",Rajasthan Royals,Royal Challengers Bengaluru,Royal Challengers Bengaluru,field,Royal Challengers Bengaluru,KD Karthik,2022
1304060,2022-04-06,Pune,"Maharashtra Cricket Association Stadium, Pune",Mumbai Indians,Kolkata Knight Riders,Kolkata Knight Riders,field,Kolkata Knight Riders,PJ Cummins,2022
1304061,2022-04-07,Mumbai,"Dr DY Patil Sports Academy, Mumbai",Delhi Capitals,Lucknow Super Giants,Lucknow Super Giants,field,Lucknow Super Giants,Q de Kock,2022
1304062,2022-04-08,Mumbai,"Brabourne Stadium, Mumbai",Punjab Kings,Gujarat Titans,Gujarat Titans,field,Gujarat Titans,Shubman Gill,2022
1304063,2022-04-09,Mumbai,"Dr DY Patil Sports Academy, Mumbai",Chennai Super Kings,Sunrisers Hyderabad,Sunrisers Hyderabad,field,Sunrisers Hyderabad,Abhishek Sharma,2022
1304064,2022-04-09,Pune,"Maharashtra Cricket Association Stadium, Pune",Mumbai Indians,Royal Challengers Bengaluru,Royal Challengers Bengaluru,field,Royal Challengers Bengaluru,Anuj Rawat,2022
1304065,2022-04-10,Mumbai,"Brabourne Stadium, Mumbai",Delhi Capitals,Kolkata Knight Riders,Kolkata Knight Riders,field,Delhi Capitals,Kuldeep Yadav,2022
1304066,2022-04-10,Mumbai,"Wankhede Stadium, Mumbai",Rajasthan Royals,Lucknow Super Giants,Lucknow Super Giants,field,Rajasthan Royals,YS Chahal,2022
1304067,2022-04-11,Mumbai,"Dr DY Patil Sports Academy, Mumbai",Gujarat Titans,Sunrisers Hyderabad,Sunrisers Hyderabad,field,Sunrisers Hyderabad,KS Williamson,2022
1304068,2022-04-12,Mumbai,"Dr DY Patil Sports Academy, Mumbai",Chennai Super Kings,Royal Challengers Bengaluru,Royal Challengers Bengaluru,field,Chennai Super Kings,S Dube,2022
1304069,2022-04-13,Pune,"Maharashtra Cricket Association Stadium, Pune",Punjab Kings,Mumbai Indians,Mumbai Indians,field,Punjab Kings,MA Agarwal,2022
1304070,2022-04-14,Mumbai,"Dr DY Patil Sports Academy, Mumbai",Gujarat Titans,Rajasthan Royals,Rajasthan Royals,field,Gujarat Titans,HH Pandya,2022
1304071,2022-04-15,Mumbai,"Brabourne Stadium, Mumbai",Kolkata Knight Riders,Sunrisers Hyderabad,Sunrisers Hyderabad,field,Sunrisers Hyderabad,RA Tripathi,2022
1304072,2022-04-16,Mumbai,"Brabourne Stadium, Mumbai",Lucknow Super Giants,Mumbai Indians,Mumbai Indians,field,Lucknow Super Giants,KL Rahul,2022
1304073,2022-04-16,Mumbai,"Wankhede Stadium, Mumbai",Royal Challengers Bengaluru,Delhi Capitals,Delhi Capitals,field,Royal Challengers Bengaluru,KD Karthik,2022
1304074,2022-04-17,Mumbai,"Dr DY Patil Sports Academy, Mumbai",Punjab Kings,Sunrisers Hyderabad,Sunrisers Hyderabad,field,Sunrisers Hyderabad,Umran Malik,2022
1304075,2022-04-17,Pune,"Maharashtra Cricket Association Stadium, Pune",Chennai Super Kings,Gujarat Titans,Gujarat Titans,field,Gujarat Titans,DA Miller,2022
1304076,2022-04-18,Mumbai,"Brabourne Stadium, Mumbai",Rajasthan Royals,Kolkata Knight Riders,Kolkata Knight Riders,field,Rajasthan Royals,YS Chahal,2022
1304077,2022-04-19,Mumbai,"Dr DY Patil Sports Academy, Mumbai",Royal Challengers Bengaluru,Lucknow Super Giants,Lucknow Super Giants,field,Royal Challengers Bengaluru,F du Plessis,2022
1304078,2022-04-20,Mumbai,"Brabourne Stadium, Mumbai",Punjab Kings,Delhi Capitals,Delhi Capitals,field,Delhi Capitals,Kuldeep Yadav,2022
1304079,2022-04-21,Navi Mumbai,"Dr DY Patil Sports Academy, Mumbai",Mumbai Indians,Chennai Super Kings,Chennai Super Kings,field,Chennai Super Kings,Mukesh Choudhary,2022
1304080,2022-04-22,Mumbai,"Wankhede Stadium, Mumbai",Rajasthan Royals,Delhi Capitals,Delhi Capitals,field,Rajasthan Royals,JC Buttler,2022
1304081,2022-04-23,Navi Mumbai,"Dr DY Patil Sports Academy, Mumbai",Gujarat Titans,Kolkata Knight Riders,Gujarat Titans,bat,Gujarat Titans,Rashid Khan,2022
1304082,2022-04-23,Mumbai,"Brabourne Stadium, Mumbai",Royal Challengers Bengaluru,Sunrisers Hyderabad,Sunrisers Hyderabad,field,Sunrisers Hyderabad,M Jansen,2022
1304083,2022-04-24,Mumbai,"Wankhede Stadium, Mumbai",Lucknow Super Giants,Mumbai Indians,Mumbai Indians,field,Lucknow Super Giants,KL Rahul,2022
1304084,2022-04-25,Mumbai,"Wankhede Stadium, Mumbai",Punjab Kings,Chennai Super Kings,Chennai Super Kings,field,Punjab Kings,S Dhawan,2022
1304085,2022-04-26,Pune,"Maharashtra Cricket Association Stadium, Pune",Rajasthan Royals,Royal Challengers Bengaluru,Royal Challengers Bengaluru,field,Rajasthan Royals,R Parag,2022
1304086,2022-04-27,Mumbai,"Wankhede Stadium, Mumbai",Sunrisers Hyderabad,Gujarat Titans,Gujarat Titans,field,Gujarat Titans,Umran Malik,2022
1304087,2022-04-28,Mumbai,"Wankhede Stadium, Mumbai",Kolkata Knight Riders,Delhi Capitals,Delhi Capitals,field,Delhi Capitals,Kuldeep Yadav,2022
1304088,2022-04-29,Pune,"Maharashtra Cricket Association Stadium, Pune",Lucknow Super Giants,Punjab Kings,Punjab Kings,field,Lucknow Super Giants,KH Pandya,2022
1304089,2022-04-30,Mumbai,"Brabourne Stadium, Mumbai",Royal Challengers Bengaluru,Gujarat Titans,Royal Challengers Bengaluru,bat,Gujarat Titans,R Tewatia,2022
1304090,2022-04-30,Navi Mumbai,"Dr DY Patil Sports Academy, Mumbai",Rajasthan Royals,Mumbai Indians,Mumbai Indians,field,Mumbai Indians,SA Yadav,2022
1304091,2022-05-01,Mumbai,"Wankhede Stadium, Mumbai",Lucknow Super Giants,Delhi Capitals,Lucknow Super Giants,bat,Lucknow Super Giants,Mohsin Khan,2022
1304092,2022-05-01,Pune,"Maharashtra Cricket Association Stadium, Pune",Chennai Super Kings,Sunrisers Hyderabad,Sunrisers Hyderabad,field,Chennai Super Kings,RD Gaikwad,2022
1304093,2022-05-02,Mumbai,"Wankhede Stadium, Mumbai",Rajasthan Royals,Kolkata Knight Riders,Kolkata Knight Riders,field,Kolkata Knight Riders,RK Singh,2022
1304094,2022-05-03,Navi Mumbai,"Dr DY Patil Sports Academy, Mumbai",Gujarat Titans,Punjab Kings,Gujarat Titans,bat,Punjab Kings,K Rabada,2022
1304095,2022-05-04,Pune,"Maharashtra Cricket Association Stadium, Pune",Royal Challengers Bengaluru,Chennai Super Kings,Chennai Super Kings,field,Royal Challengers Bengaluru,HV Patel,2022
1304096,2022-05-05,Mumbai,"Brabourne Stadium, Mumbai",Delhi Capitals,Sunrisers Hyderabad,Sunrisers Hyderabad,field,Delhi Capitals,DA Warner,2022
1304097,2022-05-06,Mumbai,"Brabourne Stadium, Mumbai",Mumbai Indians,Gujarat Titans,Gujarat Titans,field,Mumbai Indians,TH David,2022
1304098,2022-05-07,Mumbai,"Wankhede Stadium, Mumbai",Punjab Kings,Rajasthan Royals,Punjab Kings,bat,Rajasthan Royals,YBK Jaiswal,2022
1304099,2022-05-07,Pune,"Maharashtra Cricket Association Stadium, Pune",Lucknow Super Giants,Kolkata Knight Riders,Kolkata Knight Riders,field,Lucknow Super Giants,Avesh Khan,2022
1304100,2022-05-08,Mumbai,"Wankhede Stadium, Mumbai",Royal Challengers Bengaluru,Sunrisers Hyderabad,Royal Challengers Bengaluru,bat,Royal Challengers Bengaluru,PWH de Silva,2022
1304101,2022-05-08,Navi Mumbai,"Dr DY Patil Sports Academy, Mumbai",Chennai Super Kings,Delhi Capitals,Delhi Capitals,field,Chennai Super Kings,DP Conway,2022
1304102,2022-05-09,Navi Mumbai,"Dr DY Patil Sports Academy, Mumbai",Kolkata Knight Riders,Mumbai Indians,Mumbai Indians,field,Kolkata Knight Riders,JJ Bumrah,2022
1304103,2022-05-10,Pune,"Maharashtra Cricket Association Stadium, Pune",Gujarat Titans,Lucknow Super Giants,Gujarat Titans,bat,Gujarat Titans,Shubman Gill,2022
1304104,2022-05-11,Navi Mumbai,"Dr DY Patil Sports Academy, Mumbai",Rajasthan Royals,Delhi Capitals,Delhi Capitals,field,Delhi Capitals,MR Marsh,2022
1304105,2022-05-12,Mumbai,"Wankhede Stadium, Mumbai",Chennai Super Kings,Mumbai Indians,Mumbai Indians,field,Mumbai Indians,DR Sams,2022
1304106,2022-05-13,Mumbai,"Brabourne Stadium, Mumbai",Punjab Kings,Royal Challengers Bengaluru,Royal Challengers Bengaluru,field,Punjab Kings,JM Bairstow,2022
1304107,2022-05-14,Pune,"Maharashtra Cricket Association Stadium, Pune",Kolkata Knight Riders,Sunrisers Hyderabad,Kolkata Knight Riders,bat,Kolkata Knight Riders,AD Russell,2022
1304108,2022-05-15,Mumbai,"Wankhede Stadium, Mumbai",Chennai Super Kings,Gujarat Titans,Chennai Super Kings,bat,Gujarat Titans,WP Saha,2022
1304109,2022-05-15,Mumbai,"Brabourne Stadium, Mumbai",Rajasthan Royals,Lucknow Super Giants,Rajasthan Royals,bat,Rajasthan Royals,TA Boult,2022
1304110,2022-05-16,Navi Mumbai,"Dr DY Patil Sports Academy, Mumbai",Delhi Capitals,Punjab Kings,Punjab Kings,field,Delhi Capitals,SN Thakur,2022
1304111,2022-05-17,Mumbai,"Wankhede Stadium, Mumbai",Sunrisers Hyderabad,Mumbai Indians,Mumbai Indians,field,Sunrisers Hyderabad,RA Tripathi,2022
1304112,2022-05-18,Navi Mumbai,"Dr DY Patil Sports Academy, Mumbai",Lucknow Super Giants,Kolkata Knight Riders,Lucknow Super Giants,bat,Lucknow Super Giants,Q de Kock,2022
1304113,2022-05-19,Mumbai,"Wankhede Stadium, Mumbai",Gujarat Titans,Royal Challengers Bengaluru,Gujarat Titans,bat,Royal Challengers Bengaluru,V Kohli,2022
1304114,2022-05-20,Mumbai,"Brabourne Stadium, Mumbai",Chennai Super Kings,Rajasthan Royals,Chennai Super Kings,bat,Rajasthan Royals,R Ashwin,2022
1304115,2022-05-21,Mumbai,"Wankhede Stadium, Mumbai",Delhi Capitals,Mumbai Indians,Mumbai Indians,field,Mumbai Indians,JJ Bumrah,2022
1304116,2022-05-22,Mumbai,"Wankhede Stadium, Mumbai",Sunrisers Hyderabad,Punjab Kings,Sunrisers Hyderabad,bat,Punjab Kings,Harpreet Brar,2022
1312197,2022-05-24,Kolkata,"Eden Gardens, Kolkata",Rajasthan Royals,Gujarat Titans,Gujarat Titans,field,Gujarat Titans,DA Miller,2022
1312198,2022-05-25,Kolkata,"Eden Gardens, Kolkata",Royal Challengers Bengaluru,Lucknow Super Giants,Lucknow Super Giants,field,Royal Challengers Bengaluru,RM Patidar,2022
1312199,2022-05-27,Ahmedabad,"Narendra Modi Stadium, Ahmedabad",Royal Challengers Bengaluru,Rajasthan Royals,Rajasthan Royals,field,Rajasthan Royals,JC Buttler,2022
1312200,2022-05-29,Ahmedabad,"Narendra Modi Stadium, Ahmedabad",Rajasthan Royals,Gujarat Titans,Rajasthan Royals,bat,Gujarat Titans,HH Pandya,2022
1359475,2023-03-31,Ahmedabad,"Narendra Modi Stadium, Ahmedabad",Chennai Super Kings,Gujarat Titans,Gujarat Titans,field,Gujarat Titans,Rashid Khan,2023
1359476,2023-04-01,Chandigarh,"Punjab Cricket Association IS Bindra Stadium, Mohali, Chandigarh",Punjab Kings,Kolkata Knight Riders,Kolkata Knight Riders,field,Punjab Kings,Arshdeep Singh,2023
1359477,2023-04-01,Lucknow,"Bharat Ratna Shri Atal Bihari Vajpayee Ekana Cricket Stadium, Lucknow",Lucknow Super Giants,Delhi Capitals,Delhi Capitals,field,Lucknow Super Giants,MA Wood,2023
1359478,2023-04-02,Hyderabad,"Rajiv Gandhi International Stadium, Uppal, Hyderabad",Rajasthan Royals,Sunrisers Hyderabad,Sunrisers Hyderabad,field,Rajasthan Royals,JC Buttler,2023
1359479,2023-04-02,Bengaluru,"M Chinnaswamy Stadium, Bengaluru",Mumbai Indians,Royal Challengers Bengaluru,Royal Challengers Bengaluru,field,Royal Challengers Bengaluru,F du Plessis,2023
1359480,2023-04-03,Chennai,"MA Chidambaram Stadium, Chepauk, Chennai",Chennai Super Kings,Lucknow Super Giants,Lucknow Super Giants,field,Chennai Super Kings,MM Ali,2023
1359481,2023-04-04,Delhi,"Arun Jaitley Stadium, Delhi",Delhi Capitals,Gujarat Titans,Gujarat Titans,field,Gujarat Titans,B Sai Sudharsan,2023
1359482,2023-04-05,Guwahati,"Barsapara Cricket Stadium, Guwahati",Punjab Kings,Rajasthan Royals,Rajasthan Royals,field,Punjab Kings,NT Ellis,2023
1359483,2023-04-06,Kolkata,"Eden Gardens, Kolkata",Kolkata Knight Riders,Royal Challengers Bengaluru,Royal Challengers Bengaluru,field,Kolkata Knight Riders,SN Thakur,2023
1359484,2023-04-07,Lucknow,"Bharat Ratna Shri Atal Bihari Vajpayee Ekana Cricket Stadium, Lucknow",Sunrisers Hyderabad,Lucknow Super Giants,Sunrisers Hyderabad,bat,Lucknow Super Giants,KH Pandya,2023
1359485,2023-04-08,Guwahati,"Barsapara Cricket Stadium, Guwahati",Rajasthan Royals,Delhi Capitals,Delhi Capitals,field,Rajasthan Royals,YBK Jaiswal,2023
1359486,2023-04-08,Mumbai,"Wankhede Stadium, Mumbai",Mumbai Indians,Chennai Super Kings,Chennai Super Kings,field,Chennai Super Kings,RA Jadeja,2023
1359487,2023-04-09,Ahmedabad,"Narendra Modi Stadium, Ahmedabad",Gujarat Titans,Kolkata Knight Riders,Gujarat Titans,bat,Kolkata Knight Riders,RK Singh,2023
1359488,2023-04-09,Hyderabad,"Rajiv Gandhi International Stadium, Uppal, Hyderabad",Punjab Kings,Sunrisers Hyderabad,Sunrisers Hyderabad,field,Sunrisers Hyderabad,S Dhawan,2023
1359489,2023-04-10,Bengaluru,"M Chinnaswamy Stadium, Bengaluru",Royal Challengers Bengaluru,Lucknow Super Giants,Lucknow Super Giants,field,Lucknow Super Giants,N Pooran,2023
1359490,2023-04-11,Delhi,"Arun Jaitley Stadium, Delhi",Delhi Capitals,Mumbai Indians,Mumbai Indians,field,Mumbai Indians,RG Sharma,2023
1359491,2023-04-12,Chennai,"MA Chidambaram Stadium, Chepauk, Chennai",Rajasthan Royals,Chennai Super Kings,Chennai Super Kings,field,Rajasthan Royals,R Ashwin,2023
1359492,2023-04-13,Chandigarh,"Punjab Cricket Association IS Bindra Stadium, Mohali, Chandigarh",Punjab Kings,Gujarat Titans,Gujarat Titans,field,Gujarat Titans,MM Sharma,2023
1359493,2023-04-14,Kolkata,"Eden Gardens, Kolkata",Sunrisers Hyderabad,Kolkata Knight Riders,Kolkata Knight Riders,field,Sunrisers Hyderabad,HC Brook,2023
1359494,2023-04-15,Bengaluru,"M Chinnaswamy Stadium, Bengaluru",Royal Challengers Bengaluru,Delhi Capitals,Delhi Capitals,field,Royal Challengers Bengaluru,V Kohli,2023
1359495,2023-04-15,Lucknow,"Bharat Ratna Shri Atal Bihari Vajpayee Ekana Cricket Stadium, Lucknow",Lucknow Super Giants,Punjab Kings,Punjab Kings,field,Punjab Kings,Sikandar Raza,2023
1359496,2023-04-16,Mumbai,"Wankhede Stadium, Mumbai",Kolkata Knight Riders,Mumbai Indians,Mumbai Indians,field,Mumbai Indians,VR Iyer,2023
1359497,2023-04-16,Ahmedabad,"Narendra Modi Stadium, Ahmedabad",Gujarat Titans,Rajasthan Royals,Rajasthan Royals,field,Rajasthan Royals,SO Hetmyer,2023
1359498,2023-04-17,Bengaluru,"M Chinnaswamy Stadium, Bengaluru",Chennai Super Kings,Royal Challengers Bengaluru,Royal Challengers Bengaluru,field,Chennai Super Kings,DP Conway,2023
1359499,2023-04-18,Hyderabad,"Rajiv Gandhi International Stadium, Uppal, Hyderabad",Mumbai Indians,Sunrisers Hyderabad,Sunrisers Hyderabad,field,Mumbai Indians,C Green,2023
1359500,2023-04-19,Jaipur,"Sawai Mansingh Stadium, Jaipur",Lucknow Super Giants,Rajasthan Royals,Rajasthan Royals,field,Lucknow Super Giants,MP Stoinis,2023
1359501,2023-04-20,Chandigarh,"Punjab Cricket Association IS Bindra Stadium, Mohali, Chandigarh",Royal Challengers Bengaluru,Punjab Kings,Punjab Kings,field,Royal Challengers Bengaluru,Mohammed Siraj,2023
1359502,2023-04-20,Delhi,"Arun Jaitley Stadium, Delhi",Kolkata Knight Riders,Delhi Capitals,Delhi Capitals,field,Delhi Capitals,I Sharma,2023
1359503,2023-04-21,Chennai,"MA Chidambaram Stadium, Chepauk, Chennai",Sunrisers Hyderabad,Chennai Super Kings,Chennai Super Kings,field,Chennai Super Kings,RA Jadeja,2023
1359504,2023-04-22,Lucknow,"Bharat Ratna Shri Atal Bihari Vajpayee Ekana Cricket Stadium, Lucknow",Gujarat Titans,Lucknow Super Giants,Gujarat Titans,bat,Gujarat Titans,MM Sharma,2023
1359505,2023-04-22,Mumbai,"Wankhede Stadium, Mumbai",Punjab Kings,Mumbai Indians,Mumbai Indians,field,Punjab Kings,SM Curran,2023
1359506,2023-04-23,Bengaluru,"M Chinnaswamy Stadium, Bengaluru",Royal Challengers Bengaluru,Rajasthan Royals,Rajasthan Royals,field,Royal Challengers Bengaluru,GJ Maxwell,2023
1359507,2023-04-23,Kolkata,"Eden Gardens, Kolkata",Chennai Super Kings,Kolkata Knight Riders,Kolkata Knight Riders,field,Chennai Super Kings,AM Rahane,2023
1359508,2023-04-24,Hyderabad,"Rajiv Gandhi International Stadium, Uppal, Hyderabad",Delhi Capitals,Sunrisers Hyderabad,Delhi Capitals,bat,Delhi Capitals,AR Patel,2023
1359509,2023-04-25,Ahmedabad,"Narendra Modi Stadium, Ahmedabad",Gujarat Titans,Mumbai Indians,Mumbai Indians,field,Gujarat Titans,A Manohar,2023
1359510,2023-04-26,Bengaluru,"M Chinnaswamy Stadium, Bengaluru",Kolkata Knight Riders,Royal Challengers Bengaluru,Royal Challengers Bengaluru,field,Kolkata Knight Riders,CV Varun,2023
1359511,2023-04-27,Jaipur,"Sawai Mansingh Stadium, Jaipur",Rajasthan Royals,Chennai Super Kings,Rajasthan Royals,bat,Rajasthan Royals,YBK Jaiswal,2023
1359512,2023-04-28,Chandigarh,"Punjab Cricket Association IS Bindra Stadium, Mohali, Chandigarh",Lucknow Super Giants,Punjab Kings,Punjab Kings,field,Lucknow Super Giants,MP Stoinis,2023
1359513,2023-04-29,Kolkata,"Eden Gardens, Kolkata",Kolkata Knight Riders,Gujarat Titans,Gujarat Titans,field,Gujarat Titans,J Little,2023
1359514,2023-04-29,Delhi,"Arun Jaitley Stadium, Delhi",Sunrisers Hyderabad,Delhi Capitals,Sunrisers Hyderabad,bat,Sunrisers Hyderabad,MR Marsh,2023
1359515,2023-04-30,Chennai,"MA Chidambaram Stadium, Chepauk, Chennai",Chennai Super Kings,Punjab Kings,Chennai Super Kings,bat,Punjab Kings,DP Conway,2023
1359516,2023-04-30,Mumbai,"Wankhede Stadium, Mumbai",Rajasthan Royals,Mumbai Indians,Rajasthan Royals,bat,Mumbai Indians,YBK Jaiswal,2023
1359517,2023-05-01,Lucknow,"Bharat Ratna Shri Atal Bihari Vajpayee Ekana Cricket Stadium, Lucknow",Royal Challengers Bengaluru,Lucknow Super Giants,Royal Challengers Bengaluru,bat,Royal Challengers Bengaluru,F du Plessis,2023
1359518,2023-05-02,Ahmedabad,"Narendra Modi Stadium, Ahmedabad",Delhi Capitals,Gujarat Titans,Delhi Capitals,bat,Delhi Capitals,Mohammed Shami,2023
1359519,2023-05-03,Lucknow,"Bharat Ratna Shri Atal Bihari Vajpayee Ekana Cricket Stadium, Lucknow",Lucknow Super Giants,Chennai Super Kings,Chennai Super Kings,field,,No Result,2023
1359520,2023-05-03,Chandigarh,"Punjab Cricket Association IS Bindra Stadium, Mohali, Chandigarh",Punjab Kings,Mumbai Indians,Mumbai Indians,field,Mumbai Indians,Ishan Kishan,2023
1359521,2023-05-04,Hyderabad,"Rajiv Gandhi International Stadium, Uppal, Hyderabad",Kolkata Knight Riders,Sunrisers Hyderabad,Kolkata Knight Riders,bat,Kolkata Knight Riders,CV Varun,2023
1359522,2023-05-05,Jaipur,"Sawai Mansingh Stadium, Jaipur",Rajasthan Royals,Gujarat Titans,Rajasthan Royals,bat,Gujarat Titans,Rashid Khan,2023
1359523,2023-05-06,Chennai,"MA Chidambaram Stadium, Chepauk, Chennai",Mumbai Indians,Chennai Super Kings,Chennai Super Kings,field,Chennai Super Kings,M Pathirana,2023
1359524,2023-05-06,Delhi,"Arun Jaitley Stadium, Delhi",Royal Challengers Bengaluru,Delhi Capitals,Royal Challengers Bengaluru,bat,Delhi Capitals,PD Salt,2023
1359525,2023-05-07,Ahmedabad,"Narendra Modi Stadium, Ahmedabad",Gujarat Titans,Lucknow Super Giants,Lucknow Super Giants,field,Gujarat Titans,Shubman Gill,2023
1359526,2023-05-07,Jaipur,"Sawai Mansingh Stadium, Jaipur",Rajasthan Royals,Sunrisers Hyderabad,Rajasthan Royals,bat,Sunrisers Hyderabad,GD Phillips,2023
1359527,2023-05-08,Kolkata,"Eden Gardens, Kolkata",Punjab Kings,Kolkata Knight Riders,Punjab Kings,bat,Kolkata Knight Riders,AD Russell,2023
1359528,2023-05-09,Mumbai,"Wankhede Stadium, Mumbai",Royal Challengers Bengaluru,Mumbai Indians,Mumbai Indians,field,Mumbai Indians,SA Yadav,2023
1359529,2023-05-10,Chennai,"MA Chidambaram Stadium, Chepauk, Chennai",Chennai Super Kings,Delhi Capitals,Chennai Super Kings,bat,Chennai Super Kings,RA Jadeja,2023
1359530,2023-05-11,Kolkata,"Eden Gardens, Kolkata",Kolkata Knight Riders,Rajasthan Royals,Rajasthan Royals,field,Rajasthan Royals,YBK Jaiswal,2023
1359531,2023-05-12,Mumbai,"Wankhede Stadium, Mumbai",Mumbai Indians,Gujarat Titans,Gujarat Titans,field,Mumbai Indians,SA Yadav,2023
1359532,2023-05-13,Hyderabad,"Rajiv Gandhi International Stadium, Uppal, Hyderabad",Sunrisers Hyderabad,Lucknow Super Giants,Sunrisers Hyderabad,bat,Lucknow Super Giants,PN Mankad,2023
1359533,2023-05-13,Delhi,"Arun Jaitley Stadium, Delhi",Punjab Kings,Delhi Capitals,Delhi Capitals,field,Punjab Kings,P Simran Singh,2023
1359534,2023-05-14,Jaipur,"Sawai Mansingh Stadium, Jaipur",Royal Challengers Bengaluru,Rajasthan Royals,Royal Challengers Bengaluru,bat,Royal Challengers Bengaluru,WD Parnell,2023
1359535,2023-05-14,Chennai,"MA Chidambaram Stadium, Chepauk, Chennai",Chennai Super Kings,Kolkata Knight Riders,Chennai Super Kings,bat,Kolkata Knight Riders,RK Singh,2023
1359536,2023-05-15,Ahmedabad,"Narendra Modi Stadium, Ahmedabad",Gujarat Titans,Sunrisers Hyderabad,Sunrisers Hyderabad,field,Gujarat Titans,Shubman Gill,2023
1359537,2023-05-16,Lucknow,"Bharat Ratna Shri Atal Bihari Vajpayee Ekana Cricket Stadium, Lucknow",Lucknow Super Giants,Mumbai Indians,Mumbai Indians,field,Lucknow Super Giants,MP Stoinis,2023
1359538,2023-05-17,Dharamsala,"Himachal Pradesh Cricket Association Stadium, Dharamsala",Delhi Capitals,Punjab Kings,Punjab Kings,field,Delhi Capitals,RR Rossouw,2023
1359539,2023-05-18,Hyderabad,"Rajiv Gandhi International Stadium, Uppal, Hyderabad",Sunrisers Hyderabad,Royal Challengers Bengaluru,Royal Challengers Bengaluru,field,Royal Challengers Bengaluru,V Kohli,2023
1359540,2023-05-19,Dharamsala,"Himachal Pradesh Cricket Association Stadium, Dharamsala",Punjab Kings,Rajasthan Royals,Rajasthan Royals,field,Rajasthan Royals,D Padikkal,2023
1359541,2023-05-20,Delhi,"Arun Jaitley Stadium, Delhi",Chennai Super Kings,Delhi Capitals,Chennai Super Kings,bat,Chennai Super Kings,RD Gaikwad,2023
1359542,2023-05-20,Kolkata,"Eden Gardens, Kolkata",Lucknow Super Giants,Kolkata Knight Riders,Kolkata Knight Riders,field,Lucknow Super Giants,N Pooran,2023
1359543,2023-05-21,Mumbai,"Wankhede Stadium, Mumbai",Sunrisers Hyderabad,Mumbai Indians,Mumbai Indians,field,Mumbai Indians,C Green,2023
1359544,2023-05-21,Bengaluru,"M Chinnaswamy Stadium, Bengaluru",Royal Challengers Bengaluru,Gujarat Titans,Gujarat Titans,field,Gujarat Titans,Shubman Gill,2023
1370350,2023-05-23,Chennai,"MA Chidambaram Stadium, Chepauk, Chennai",Chennai Super Kings,Gujarat Titans,Gujarat Titans,field,Chennai Super Kings,RD Gaikwad,2023
1370351,2023-05-24,Chennai,"MA Chidambaram Stadium, Chepauk, Chennai",Mumbai Indians,Lucknow Super Giants,Mumbai Indians,bat,Mumbai Indians,Akash Madhwal,2023
1370352,2023-05-26,Ahmedabad,"Narendra Modi Stadium, Ahmedabad",Gujarat Titans,Mumbai Indians,Mumbai Indians,field,Gujarat Titans,Shubman Gill,2023
1370353,2023-05-29,Ahmedabad,"Narendra Modi Stadium, Ahmedabad",Gujarat Titans,Chennai Super Kings,Chennai Super Kings,field,Chennai Super Kings,DP Conway,2023
1422119,2024-03-22,Chennai,"MA Chidambaram Stadium, Chepauk, Chennai",Royal Challengers Bengaluru,Chennai Super Kings,Royal Challengers Bengaluru,bat,Chennai Super Kings,Mustafizur Rahman,2024
1422120,2024-03-23,Mohali,"Maharaja Yadavindra Singh International Cricket Stadium, Mullanpur",Delhi Capitals,Punjab Kings,Punjab Kings,field,Punjab Kings,SM Curran,2024
1422121,2024-03-23,Kolkata,"Eden Gardens, Kolkata",Kolkata Knight Riders,Sunrisers Hyderabad,Sunrisers Hyderabad,field,Kolkata Knight Riders,AD Russell,2024
1422122,2024-03-24,Jaipur,"Sawai Mansingh Stadium, Jaipur",Rajasthan Royals,Lucknow Super Giants,Rajasthan Royals,bat,Rajasthan Royals,SV Samson,2024
1422123,2024-03-24,Ahmedabad,"Narendra Modi Stadium, Ahmedabad",Gujarat Titans,Mumbai Indians,Mumbai Indians,field,Gujarat Titans,B Sai Sudharsan,2024
1422124,2024-03-25,Bengaluru,"M Chinnaswamy Stadium, Bengaluru",Punjab Kings,Royal Challengers Bengaluru,Royal Challengers Bengaluru,field,Royal Challengers Bengaluru,V Kohli,2024
1422125,2024-03-26,Chennai,"MA Chidambaram Stadium, Chepauk, Chennai",Chennai Super Kings,Gujarat Titans,Gujarat Titans,field,Chennai Super Kings,S Dube,2024
1422126,2024-03-27,Hyderabad,"Rajiv Gandhi International Stadium, Uppal, Hyderabad",Sunrisers Hyderabad,Mumbai Indians,Mumbai Indians,field,Sunrisers Hyderabad,Abhishek Sharma,2024
1422127,2024-03-28,Jaipur,"Sawai Mansingh Stadium, Jaipur",Rajasthan Royals,Delhi Capitals,Delhi Capitals,field,Rajasthan Royals,R Parag,2024
1422128,2024-03-29,Bengaluru,"M Chinnaswamy Stadium, Bengaluru",Royal Challengers Bengaluru,Kolkata Knight Riders,Kolkata Knight Riders,field,Kolkata Knight Riders,SP Narine,2024
1422129,2024-03-30,Lucknow,"Bharat Ratna Shri Atal Bihari Vajpayee Ekana Cricket Stadium, Lucknow",Lucknow Super Giants,Punjab Kings,Lucknow Super Giants,bat,Lucknow Super Giants,MP Yadav,2024
1422130,2024-03-31,Ahmedabad,"Narendra Modi Stadium, Ahmedabad",Sunrisers Hyderabad,Gujarat Titans,Sunrisers Hyderabad,bat,Gujarat Titans,MM Sharma,2024
1422131,2024-03-31,Visakhapatnam,"Dr. Y.S. Rajasekhara Reddy ACA-VDCA Cricket Stadium, Visakhapatnam",Delhi Capitals,Chennai Super Kings,Delhi Capitals,bat,Delhi Capitals,KK Ahmed,2024
1422132,2024-04-01,Mumbai,"Wankhede Stadium, Mumbai",Mumbai Indians,Rajasthan Royals,Rajasthan Royals,field,Rajasthan Royals,TA Boult,2024
1422133,2024-04-02,Bengaluru,"M Chinnaswamy Stadium, Bengaluru",Lucknow Super Giants,Royal Challengers Bengaluru,Royal Challengers Bengaluru,field,Lucknow Super Giants,MP Yadav,2024
1422134,2024-04-03,Visakhapatnam,"Dr. Y.S. Rajasekhara Reddy ACA-VDCA Cricket Stadium, Visakhapatnam",Kolkata Knight Riders,Delhi Capitals,Kolkata Knight Riders,bat,Kolkata Knight Riders,SP Narine,2024
1422135,2024-04-04,Ahmedabad,"Narendra Modi Stadium, Ahmedabad",Gujarat Titans,Punjab Kings,Punjab Kings,field,Punjab Kings,Shashank Singh,2024
1422136,2024-04-05,Hyderabad,"Rajiv Gandhi International Stadium, Uppal, Hyderabad",Chennai Super Kings,Sunrisers Hyderabad,Sunrisers Hyderabad,field,Sunrisers Hyderabad,Abhishek Sharma,2024
1422137,2024-04-06,Jaipur,"Sawai Mansingh Stadium, Jaipur",Royal Challengers Bengaluru,Rajasthan Royals,Rajasthan Royals,field,Rajasthan Royals,JC Buttler,2024
1422138,2024-04-07,Mumbai,"Wankhede Stadium, Mumbai",Mumbai Indians,Delhi Capitals,Delhi Capitals,field,Mumbai Indians,R Shepherd,2024
1422139,2024-04-07,Lucknow,"Bharat Ratna Shri Atal Bihari Vajpayee Ekana Cricket Stadium, Lucknow",Lucknow Super Giants,Gujarat Titans,Lucknow Super Giants,bat,Lucknow Super Giants,Yash Thakur,2024
1426260,2024-04-08,Chennai,"MA Chidambaram Stadium, Chepauk, Chennai",Kolkata Knight Riders,Chennai Super Kings,Chennai Super Kings,field,Chennai Super Kings,RA Jadeja,2024
1426261,2024-04-09,Mohali,"Maharaja Yadavindra Singh International Cricket Stadium, Mullanpur",Sunrisers Hyderabad,Punjab Kings,Punjab Kings,field,Sunrisers Hyderabad,Nithish Kumar Reddy,2024
1426262,2024-04-10,Jaipur,"Sawai Mansingh Stadium, Jaipur",Rajasthan Royals,Gujarat Titans,Gujarat Titans,field,Gujarat Titans,Rashid Khan,2024
1426263,2024-04-11,Mumbai,"Wankhede Stadium, Mumbai",Royal Challengers Bengaluru,Mumbai Indians,Mumbai Indians,field,Mumbai Indians,JJ Bumrah,2024
1426264,2024-04-12,Lucknow,"Bharat Ratna Shri Atal Bihari Vajpayee Ekana Cricket Stadium, Lucknow",Lucknow Super Giants,Delhi Capitals,Lucknow Super Giants,bat,Delhi Capitals,Kuldeep Yadav,2024
1426265,2024-04-13,Mohali,"Maharaja Yadavindra Singh International Cricket Stadium, Mullanpur",Punjab Kings,Rajasthan Royals,Rajasthan Royals,field,Rajasthan Royals,SO Hetmyer,2024
1426266,2024-04-14,Kolkata,"Eden Gardens, Kolkata",Lucknow Super Giants,Kolkata Knight Riders,Kolkata Knight Riders,field,Kolkata Knight Riders,PD Salt,2024
1426267,2024-04-14,Mumbai,"Wankhede Stadium, Mumbai",Chennai Super Kings,Mumbai Indians,Mumbai Indians,field,Chennai Super Kings,M Pathirana,2024
1426268,2024-04-15,Bengaluru,"M Chinnaswamy Stadium, Bengaluru",Sunrisers Hyderabad,Royal Challengers Bengaluru,Royal Challengers Bengaluru,field,Sunrisers Hyderabad,TM Head,2024
1426269,2024-04-16,Kolkata,"Eden Gardens, Kolkata",Kolkata Knight Riders,Rajasthan Royals,Rajasthan Royals,field,Rajasthan Royals,JC Buttler,2024
1426270,2024-04-17,Ahmedabad,"Narendra Modi Stadium, Ahmedabad",Gujarat Titans,Delhi Capitals,Delhi Capitals,field,Delhi Capitals,RR Pant,2024
1426271,2024-04-18,Mohali,"Maharaja Yadavindra Singh International Cricket Stadium, Mullanpur",Mumbai Indians,Punjab Kings,Punjab Kings,field,Mumbai Indians,JJ Bumrah,2024
1426272,2024-04-19,Lucknow,"Bharat Ratna Shri Atal Bihari Vajpayee Ekana Cricket Stadium, Lucknow",Chennai Super Kings,Lucknow Super Giants,Lucknow Super Giants,field,Lucknow Super Giants,KL Rahul,2024
1426273,2024-04-20,Delhi,"Arun Jaitley Stadium, Delhi",Sunrisers Hyderabad,Delhi Capitals,Delhi Capitals,field,Sunrisers Hyderabad,TM Head,2024
1426274,2024-04-21,Kolkata,"Eden Gardens, Kolkata",Kolkata Knight Riders,Royal Challengers Bengaluru,Royal Challengers Bengaluru,field,Kolkata Knight Riders,AD Russell,2024
1426275,2024-04-21,Mohali,"Maharaja Yadavindra Singh International Cricket Stadium, Mullanpur",Punjab Kings,Gujarat Titans,Punjab Kings,bat,Gujarat Titans,R Sai Kishore,2024
1426276,2024-04-22,Jaipur,"Sawai Mansingh Stadium, Jaipur",Mumbai Indians,Rajasthan Royals,Mumbai Indians,bat,Rajasthan Royals,Sandeep Sharma,2024
1426277,2024-04-23,Chennai,"MA Chidambaram Stadium, Chepauk, Chennai",Chennai Super Kings,Lucknow Super Giants,Lucknow Super Giants,field,Lucknow Super Giants,MP Stoinis,2024
1426278,2024-04-24,Delhi,"Arun Jaitley Stadium, Delhi",Delhi Capitals,Gujarat Titans,Gujarat Titans,field,Delhi Capitals,RR Pant,2024
1426279,2024-04-25,Hyderabad,"Rajiv Gandhi International Stadium, Uppal, Hyderabad",Royal Challengers Bengaluru,Sunrisers Hyderabad,Royal Challengers Bengaluru,bat,Royal Challengers Bengaluru,RM Patidar,2024
1426280,2024-04-26,Kolkata,"Eden Gardens, Kolkata",Kolkata Knight Riders,Punjab Kings,Punjab Kings,field,Punjab Kings,JM Bairstow,2024
1426281,2024-04-27,Delhi,"Arun Jaitley Stadium, Delhi",Delhi Capitals,Mumbai Indians,Mumbai Indians,field,Delhi Capitals,J Fraser-McGurk,2024
1426282,2024-04-27,Lucknow,"Bharat Ratna Shri Atal Bihari Vajpayee Ekana Cricket Stadium, Lucknow",Lucknow Super Giants,Rajasthan Royals,Rajasthan Royals,field,Rajasthan Royals,SV Samson,2024
1426283,2024-04-28,Ahmedabad,"Narendra Modi Stadium, Ahmedabad",Gujarat Titans,Royal Challengers Bengaluru,Royal Challengers Bengaluru,field,Royal Challengers Bengaluru,WG Jacks,2024
1426284,2024-04-28,Chennai,"MA Chidambaram Stadium, Chepauk, Chennai",Chennai Super Kings,Sunrisers Hyderabad,Sunrisers Hyderabad,field,Chennai Super Kings,RD Gaikwad,2024
1426285,2024-04-29,Kolkata,"Eden Gardens, Kolkata",Delhi Capitals,Kolkata Knight Riders,Delhi Capitals,bat,Kolkata Knight Riders,CV Varun,2024
1426286,2024-04-30,Lucknow,"Bharat Ratna Shri Atal Bihari Vajpayee Ekana Cricket Stadium, Lucknow",Mumbai Indians,Lucknow Super Giants,Lucknow Super Giants,field,Lucknow Super Giants,MP Stoinis,2024
1426287,2024-05-01,Chennai,"MA Chidambaram Stadium, Chepauk, Chennai",Chennai Super Kings,Punjab Kings,Punjab Kings,field,Punjab Kings,Harpreet Brar,2024
1426288,2024-05-02,Hyderabad,"Rajiv Gandhi International Stadium, Uppal, Hyderabad",Sunrisers Hyderabad,Rajasthan Royals,Sunrisers Hyderabad,bat,Sunrisers Hyderabad,B Kumar,2024
1426289,2024-05-03,Mumbai,"Wankhede Stadium, Mumbai",Kolkata Knight Riders,Mumbai Indians,Mumbai Indians,field,Kolkata Knight Riders,VR Iyer,2024
1426290,2024-05-04,Bengaluru,"M Chinnaswamy Stadium, Bengaluru",Gujarat Titans,Royal Challengers Bengaluru,Royal Challengers Bengaluru,field,Royal Challengers Bengaluru,Mohammed Siraj,2024
1426291,2024-05-05,Dharamsala,"Himachal Pradesh Cricket Association Stadium, Dharamsala",Chennai Super Kings,Punjab Kings,Punjab Kings,field,Chennai Super Kings,RA Jadeja,2024
1426292,2024-05-05,Lucknow,"Bharat Ratna Shri Atal Bihari Vajpayee Ekana Cricket Stadium, Lucknow",Kolkata Knight Riders,Lucknow Super Giants,Lucknow Super Giants,field,Kolkata Knight Riders,SP Narine,2024
1426293,2024-05-06,Mumbai,"Wankhede Stadium, Mumbai",Sunrisers Hyderabad,Mumbai Indians,Mumbai Indians,field,Mumbai Indians,SA Yadav,2024
1426294,2024-05-07,Delhi,"Arun Jaitley Stadium, Delhi",Delhi Capitals,Rajasthan Royals,Rajasthan Royals,field,Delhi Capitals,Kuldeep Yadav,2024
1426295,2024-05-08,Hyderabad,"Rajiv Gandhi International Stadium, Uppal, Hyderabad",Lucknow Super Giants,Sunrisers Hyderabad,Lucknow Super Giants,bat,Sunrisers Hyderabad,TM Head,2024
1426296,2024-05-09,Dharamsala,"Himachal Pradesh Cricket Association Stadium, Dharamsala",Royal Challengers Bengaluru,Punjab Kings,Punjab Kings,field,Royal Challengers Bengaluru,V Kohli,2024
1426297,2024-05-10,Ahmedabad,"Narendra Modi Stadium, Ahmedabad",Gujarat Titans,Chennai Super Kings,Chennai Super Kings,field,Gujarat Titans,Shubman Gill,2024
1426298,2024-05-11,Kolkata,"Eden Gardens, Kolkata",Kolkata Knight Riders,Mumbai Indians,Mumbai Indians,field,Kolkata Knight Riders,CV Varun,2024
1426299,2024-05-12,Chennai,"MA Chidambaram Stadium, Chepauk, Chennai",Rajasthan Royals,Chennai Super Kings,Rajasthan Royals,bat,Chennai Super Kings,Simarjeet Singh,2024
1426300,2024-05-12,Bengaluru,"M Chinnaswamy Stadium, Bengaluru",Royal Challengers Bengaluru,Delhi Capitals,Delhi Capitals,field,Royal Challengers Bengaluru,C Green,2024
1426302,2024-05-14,Delhi,"Arun Jaitley Stadium, Delhi",Delhi Capitals,Lucknow Super Giants,Lucknow Super Giants,field,Delhi Capitals,I Sharma,2024
1426303,2024-05-15,Guwahati,"Barsapara Cricket Stadium, Guwahati",Rajasthan Royals,Punjab Kings,Rajasthan Royals,bat,Punjab Kings,SM Curran,2024
1426305,2024-05-17,Mumbai,"Wankhede Stadium, Mumbai",Lucknow Super Giants,Mumbai Indians,Mumbai Indians,field,Lucknow Super Giants,N Pooran,2024
1426306,2024-05-18,Bengaluru,"M Chinnaswamy Stadium, Bengaluru",Royal Challengers Bengaluru,Chennai Super Kings,Chennai Super Kings,field,Royal Challengers Bengaluru,F du Plessis,2024
1426307,2024-05-19,Hyderabad,"Rajiv Gandhi International Stadium, Uppal, Hyderabad",Punjab Kings,Sunrisers Hyderabad,Punjab Kings,bat,Sunrisers Hyderabad,Abhishek Sharma,2024
1426309,2024-05-21,Ahmedabad,"Narendra Modi Stadium, Ahmedabad",Sunrisers Hyderabad,Kolkata Knight Riders,Sunrisers Hyderabad,bat,Kolkata Knight Riders,MA Starc,2024
1426310,2024-05-22,Ahmedabad,"Narendra Modi Stadium, Ahmedabad",Royal Challengers Bengaluru,Rajasthan Royals,Rajasthan Royals,field,Rajasthan Royals,R Ashwin,2024
1426311,2024-05-24,Chennai,"MA Chidambaram Stadium, Chepauk, Chennai",Sunrisers Hyderabad,Rajasthan Royals,Rajasthan Royals,field,Sunrisers Hyderabad,Shahbaz Ahmed,2024
1426312,2024-05-26,Chennai,"MA Chidambaram Stadium, Chepauk, Chennai",Sunrisers Hyderabad,Kolkata Knight Riders,Sunrisers Hyderabad,bat,Kolkata Knight Riders,MA Starc,2024
1473438,2025-03-22,Kolkata,"Eden Gardens, Kolkata",Kolkata Knight Riders,Royal Challengers Bengaluru,Royal Challengers Bengaluru,field,Royal Challengers Bengaluru,KH Pandya,2025
1473439,2025-03-23,Hyderabad,"Rajiv Gandhi International Stadium, Uppal, Hyderabad",Sunrisers Hyderabad,Rajasthan Royals,Rajasthan Royals,field,Sunrisers Hyderabad,Ishan Kishan,2025
1473440,2025-03-23,Chennai,"MA Chidambaram Stadium, Chepauk, Chennai",Mumbai Indians,Chennai Super Kings,Chennai Super Kings,field,Chennai Super Kings,Noor Ahmad,2025
1473441,2025-03-24,Visakhapatnam,"Dr. Y.S. Rajasekhara Reddy ACA-VDCA Cricket Stadium, Visakhapatnam",Lucknow Super Giants,Delhi Capitals,Delhi Capitals,field,Delhi Capitals,Ashutosh Sharma,2025
1473442,2025-03-25,Ahmedabad,"Narendra Modi Stadium, Ahmedabad",Punjab Kings,Gujarat Titans,Gujarat Titans,field,Punjab Kings,SS Iyer,2025
1473443,2025-03-26,Guwahati,"Barsapara Cricket Stadium, Guwahati",Rajasthan Royals,Kolkata Knight Riders,Kolkata Knight Riders,field,Kolkata Knight Riders,Q de Kock,2025
1473444,2025-03-27,Hyderabad,"Rajiv Gandhi International Stadium, Uppal, Hyderabad",Sunrisers Hyderabad,Lucknow Super Giants,Lucknow Super Giants,field,Lucknow Super Giants,SN Thakur,2025
1473445,2025-03-28,Chennai,"MA Chidambaram Stadium, Chepauk, Chennai",Royal Challengers Bengaluru,Chennai Super Kings,Chennai Super Kings,field,Royal Challengers Bengaluru,RM Patidar,2025
1473446,2025-03-29,Ahmedabad,"Narendra Modi Stadium, Ahmedabad",Gujarat Titans,Mumbai Indians,Mumbai Indians,field,Gujarat Titans,M Prasidh Krishna,2025
1473447,2025-03-30,Visakhapatnam,"Dr. Y.S. Rajasekhara Reddy ACA-VDCA Cricket Stadium, Visakhapatnam",Sunrisers Hyderabad,Delhi Capitals,Sunrisers Hyderabad,bat,Delhi Capitals,MA Starc,2025
1473448,2025-03-30,Guwahati,"Barsapara Cricket Stadium, Guwahati",Rajasthan Royals,Chennai Super Kings,Chennai Super Kings,field,Rajasthan Royals,N Rana,2025
1473449,2025-03-31,Mumbai,"Wankhede Stadium, Mumbai",Kolkata Knight Riders,Mumbai Indians,Mumbai Indians,field,Mumbai Indians,Ashwani Kumar,2025
1473450,2025-04-01,Lucknow,"Bharat Ratna Shri Atal Bihari Vajpayee Ekana Cricket Stadium, Lucknow",Lucknow Super Giants,Punjab Kings,Punjab Kings,field,Punjab Kings,P Simran Singh,2025
1473451,2025-04-02,Bengaluru,"M Chinnaswamy Stadium, Bengaluru",Royal Challengers Bengaluru,Gujarat Titans,Gujarat Titans,field,Gujarat Titans,Mohammed Siraj,2025
1473452,2025-04-03,Kolkata,"Eden Gardens, Kolkata",Kolkata Knight Riders,Sunrisers Hyderabad,Sunrisers Hyderabad,field,Kolkata Knight Riders,VG Arora,2025
1473453,2025-04-04,Lucknow,"Bharat Ratna Shri Atal Bihari Vajpayee Ekana Cricket Stadium, Lucknow",Lucknow Super Giants,Mumbai Indians,Mumbai Indians,field,Lucknow Super Giants,DS Rathi,2025
1473454,2025-04-05,Chennai,"MA Chidambaram Stadium, Chepauk, Chennai",Delhi Capitals,Chennai Super Kings,Delhi Capitals,bat,Delhi Capitals,KL Rahul,2025
1473455,2025-04-05,Mohali,"Maharaja Yadavindra Singh International Cricket Stadium, Mullanpur",Rajasthan Royals,Punjab Kings,Punjab Kings,field,Rajasthan Royals,JC Archer,2025
1473456,2025-04-08,Kolkata,"Eden Gardens, Kolkata",Lucknow Super Giants,Kolkata Knight Riders,Kolkata Knight Riders,field,Lucknow Super Giants,N Pooran,2025
1473457,2025-04-06,Hyderabad,"Rajiv Gandhi International Stadium, Uppal, Hyderabad",Sunrisers Hyderabad,Gujarat Titans,Gujarat Titans,field,Gujarat Titans,Mohammed Siraj,2025
1473458,2025-04-07,Mumbai,"Wankhede Stadium, Mumbai",Royal Challengers Bengaluru,Mumbai Indians,Mumbai Indians,field,Royal Challengers Bengaluru,RM Patidar,2025
1473459,2025-04-08,Mohali,"Maharaja Yadavindra Singh International Cricket Stadium, Mullanpur",Punjab Kings,Chennai Super Kings,Punjab Kings,bat,Punjab Kings,Priyansh Arya,2025
1473460,2025-04-09,Ahmedabad,"Narendra Modi Stadium, Ahmedabad",Gujarat Titans,Rajasthan Royals,Rajasthan Royals,field,Gujarat Titans,B Sai Sudharsan,2025
1473461,2025-04-10,Bengaluru,"M Chinnaswamy Stadium, Bengaluru",Royal Challengers Bengaluru,Delhi Capitals,Delhi Capitals,field,Delhi Capitals,KL Rahul,2025
1473462,2025-04-11,Chennai,"MA Chidambaram Stadium, Chepauk, Chennai",Chennai Super Kings,Kolkata Knight Riders,Kolkata Knight Riders,field,Kolkata Knight Riders,SP Narine,2025
1473463,2025-04-12,Lucknow,"Bharat Ratna Shri Atal Bihari Vajpayee Ekana Cricket Stadium, Lucknow",Gujarat Titans,Lucknow Super Giants,Lucknow Super Giants,field,Lucknow Super Giants,AK Markram,2025
1473464,2025-04-12,Hyderabad,"Rajiv Gandhi International Stadium, Uppal, Hyderabad",Punjab Kings,Sunrisers Hyderabad,Punjab Kings,bat,Sunrisers Hyderabad,Abhishek Sharma,2025
1473465,2025-04-13,Jaipur,"Sawai Mansingh Stadium, Jaipur",Rajasthan Royals,Royal Challengers Bengaluru,Royal Challengers Bengaluru,field,Royal Challengers Bengaluru,PD Salt,2025
1473466,2025-04-13,Delhi,"Arun Jaitley Stadium, Delhi",Mumbai Indians,Delhi Capitals,Delhi Capitals,field,Mumbai Indians,KV Sharma,2025
1473467,2025-04-14,Lucknow,"Bharat Ratna Shri Atal Bihari Vajpayee Ekana Cricket Stadium, Lucknow",Lucknow Super Giants,Chennai Super Kings,Chennai Super Kings,field,Chennai Super Kings,MS Dhoni,2025
1473468,2025-04-15,Mohali,"Maharaja Yadavindra Singh International Cricket Stadium, Mullanpur",Punjab Kings,Kolkata Knight Riders,Punjab Kings,bat,Punjab Kings,YS Chahal,2025
1473469,2025-04-16,Delhi,"Arun Jaitley Stadium, Delhi",Delhi Capitals,Rajasthan Royals,Rajasthan Royals,field,,MA Starc,2025
1473470,2025-04-17,Mumbai,"Wankhede Stadium, Mumbai",Sunrisers Hyderabad,Mumbai Indians,Mumbai Indians,field,Mumbai Indians,WG Jacks,2025
1473471,2025-04-18,Bengaluru,"M Chinnaswamy Stadium, Bengaluru",Royal Challengers Bengaluru,Punjab Kings,Punjab Kings,field,Punjab Kings,TH David,2025
1473472,2025-04-19,Ahmedabad,"Narendra Modi Stadium, Ahmedabad",Delhi Capitals,Gujarat Titans,Gujarat Titans,field,Gujarat Titans,JC Buttler,2025
1473473,2025-04-19,Jaipur,"Sawai Mansingh Stadium, Jaipur",Lucknow Super Giants,Rajasthan Royals,Lucknow Super Giants,bat,Lucknow Super Giants,Avesh Khan,2025
1473474,2025-04-20,Mohali,"Maharaja Yadavindra Singh International Cricket Stadium, Mullanpur",Punjab Kings,Royal Challengers Bengaluru,Royal Challengers Bengaluru,field,Royal Challengers Bengaluru,V Kohli,2025
1473475,2025-04-20,Mumbai,"Wankhede Stadium, Mumbai",Chennai Super Kings,Mumbai Indians,Mumbai Indians,field,Mumbai Indians,RG Sharma,2025
1473476,2025-04-21,Kolkata,"Eden Gardens, Kolkata",Gujarat Titans,Kolkata Knight Riders,Kolkata Knight Riders,field,Gujarat Titans,Shubman Gill,2025
1473477,2025-04-22,Lucknow,"Bharat Ratna Shri Atal Bihari Vajpayee Ekana Cricket Stadium, Lucknow",Lucknow Super Giants,Delhi Capitals,Delhi Capitals,field,Delhi Capitals,Mukesh Kumar,2025
1473478,2025-04-23,Hyderabad,"Rajiv Gandhi International Stadium, Uppal, Hyderabad",Sunrisers Hyderabad,Mumbai Indians,Mumbai Indians,field,Mumbai Indians,TA Boult,2025
1473479,2025-04-24,Bengaluru,"M Chinnaswamy Stadium, Bengaluru",Royal Challengers Bengaluru,Rajasthan Royals,Rajasthan Royals,field,Royal Challengers Bengaluru,JR Hazlewood,2025
1473480,2025-04-25,Chennai,"MA Chidambaram Stadium, Chepauk, Chennai",Chennai Super Kings,Sunrisers Hyderabad,Sunrisers Hyderabad,field,Sunrisers Hyderabad,HV Patel,2025
1473481,2025-04-26,Kolkata,"Eden Gardens, Kolkata",Punjab Kings,Kolkata Knight Riders,Punjab Kings,bat,,No Result,2025
1473482,2025-04-27,Mumbai,"Wankhede Stadium, Mumbai",Mumbai Indians,Lucknow Super Giants,Lucknow Super Giants,field,Mumbai Indians,WG Jacks,2025
1473483,2025-04-27,Delhi,"Arun Jaitley Stadium, Delhi",Delhi Capitals,Royal Challengers Bengaluru,Royal Challengers Bengaluru,field,Royal Challengers Bengaluru,KH Pandya,2025
1473484,2025-04-28,Jaipur,"Sawai Mansingh Stadium, Jaipur",Gujarat Titans,Rajasthan Royals,Rajasthan Royals,field,Rajasthan Royals,V Suryavanshi,2025
1473485,2025-04-29,Delhi,"Arun Jaitley Stadium, Delhi",Kolkata Knight Riders,Delhi Capitals,Delhi Capitals,field,Kolkata Knight Riders,SP Narine,2025
1473486,2025-04-30,Chennai,"MA Chidambaram Stadium, Chepauk, Chennai",Chennai Super Kings,Punjab Kings,Punjab Kings,field,Punjab Kings,SS Iyer,2025
1473487,2025-05-01,Jaipur,"Sawai Mansingh Stadium, Jaipur",Mumbai Indians,Rajasthan Royals,Rajasthan Royals,field,Mumbai Indians,RD Rickelton,2025
1473488,2025-05-02,Ahmedabad,"Narendra Modi Stadium, Ahmedabad",Gujarat Titans,Sunrisers Hyderabad,Sunrisers Hyderabad,field,Gujarat Titans,M Prasidh Krishna,2025
1473489,2025-05-03,Bengaluru,"M Chinnaswamy Stadium, Bengaluru",Royal Challengers Bengaluru,Chennai Super Kings,Chennai Super Kings,field,Royal Challengers Bengaluru,R Shepherd,2025
1473490,2025-05-04,Kolkata,"Eden Gardens, Kolkata",Kolkata Knight Riders,Rajasthan Royals,Kolkata Knight Riders,bat,Kolkata Knight Riders,AD Russell,2025
1473491,2025-05-04,Dharamsala,"Himachal Pradesh Cricket Association Stadium, Dharamsala",Punjab Kings,Lucknow Super Giants,Lucknow Super Giants,field,Punjab Kings,P Simran Singh,2025
1473492,2025-05-05,Hyderabad,"Rajiv Gandhi International Stadium, Uppal, Hyderabad",Delhi Capitals,Sunrisers Hyderabad,Sunrisers Hyderabad,field,,No Result,2025
1473493,2025-05-06,Mumbai,"Wankhede Stadium, Mumbai",Mumbai Indians,Gujarat Titans,Gujarat Titans,field,Gujarat Titans,Shubman Gill,2025
1473494,2025-05-07,Kolkata,"Eden Gardens, Kolkata",Kolkata Knight Riders,Chennai Super Kings,Kolkata Knight Riders,bat,Chennai Super Kings,Noor Ahmad,2025
1473495,2025-05-08,Dharamsala,"Himachal Pradesh Cricket Association Stadium, Dharamsala",Punjab Kings,Delhi Capitals,Punjab Kings,bat,,No Result,2025
1473497,2025-05-18,Jaipur,"Sawai Mansingh Stadium, Jaipur",Punjab Kings,Rajasthan Royals,Punjab Kings,bat,Punjab Kings,Harpreet Brar,2025
1473498,2025-05-18,Delhi,"Arun Jaitley Stadium, Delhi",Delhi Capitals,Gujarat Titans,Gujarat Titans,field,Gujarat Titans,B Sai Sudharsan,2025
1473499,2025-05-19,Lucknow,"Bharat Ratna Shri Atal Bihari Vajpayee Ekana Cricket Stadium, Lucknow",Lucknow Super Giants,Sunrisers Hyderabad,Sunrisers Hyderabad,field,Sunrisers Hyderabad,Abhishek Sharma,2025
1473500,2025-05-20,Delhi,"Arun Jaitley Stadium, Delhi",Chennai Super Kings,Rajasthan Royals,Rajasthan Royals,field,Rajasthan Royals,Akash Madhwal,2025
1473501,2025-05-21,Mumbai,"Wankhede Stadium, Mumbai",Mumbai Indians,Delhi Capitals,Delhi Capitals,field,Mumbai Indians,SA Yadav,2025
1473502,2025-05-22,Ahmedabad,"Narendra Modi Stadium, Ahmedabad",Lucknow Super Giants,Gujarat Titans,Gujarat Titans,field,Lucknow Super Giants,MR Marsh,2025
1473503,2025-05-23,Lucknow,"Bharat Ratna Shri Atal Bihari Vajpayee Ekana Cricket Stadium, Lucknow",Sunrisers Hyderabad,Royal Challengers Bengaluru,Royal Challengers Bengaluru,field,Sunrisers Hyderabad,Ishan Kishan,2025
1473504,2025-05-25,Ahmedabad,"Narendra Modi Stadium, Ahmedabad",Chennai Super Kings,Gujarat Titans,Chennai Super Kings,bat,Chennai Super Kings,D Brevis,2025
1473505,2025-05-25,Delhi,"Arun Jaitley Stadium, Delhi",Sunrisers Hyderabad,Kolkata Knight Riders,Sunrisers Hyderabad,bat,Sunrisers Hyderabad,H Klaasen,2025
1473506,2025-05-26,Jaipur,"Sawai Mansingh Stadium, Jaipur",Mumbai Indians,Punjab Kings,Punjab Kings,field,Punjab Kings,JP Inglis,2025
1473507,2025-05-27,Lucknow,"Bharat Ratna Shri Atal Bihari Vajpayee Ekana Cricket Stadium, Lucknow",Lucknow Super Giants,Royal Challengers Bengaluru,Royal Challengers Bengaluru,field,Royal Challengers Bengaluru,JM Sharma,2025
1473508,2025-05-29,New Chandigarh,"Maharaja Yadavindra Singh International Cricket Stadium, Mullanpur",Punjab Kings,Royal Challengers Bengaluru,Royal Challengers Bengaluru,field,Royal Challengers Bengaluru,Suyash Sharma,2025
1473509,2025-05-30,New Chandigarh,"Maharaja Yadavindra Singh International Cricket Stadium, New Chandigarh",Mumbai Indians,Gujarat Titans,Mumbai Indians,bat,Mumbai Indians,RG Sharma,2025
1473510,2025-06-01,Ahmedabad,"Narendra Modi Stadium, Ahmedabad",Mumbai Indians,Punjab Kings,Punjab Kings,field,Punjab Kings,SS Iyer,2025
1473511,2025-06-03,Ahmedabad,"Narendra Modi Stadium, Ahmedabad",Royal Challengers Bengaluru,Punjab Kings,Punjab Kings,field,Royal Challengers Bengaluru,KH Pandya,2025
1485779,2025-05-24,Jaipur,"Sawai Mansingh Stadium, Jaipur",Punjab Kings,Delhi Capitals,Delhi Capitals,field,Delhi Capitals,Sameer Rizvi,2025
1527674,2026-03-28,Bengaluru,"M Chinnaswamy Stadium, Bengaluru",Sunrisers Hyderabad,Royal Challengers Bengaluru,Royal Challengers Bengaluru,field,Royal Challengers Bengaluru,JA Duffy,2026
1527675,2026-03-29,Mumbai,"Wankhede Stadium, Mumbai",Kolkata Knight Riders,Mumbai Indians,Mumbai Indians,field,Mumbai Indians,SN Thakur,2026
1527676,2026-03-30,Guwahati,"Barsapara Cricket Stadium, Guwahati",Chennai Super Kings,Rajasthan Royals,Rajasthan Royals,field,Rajasthan Royals,N Burger,2026
1527677,2026-03-31,New Chandigarh,"Maharaja Yadavindra Singh International Cricket Stadium, New Chandigarh",Gujarat Titans,Punjab Kings,Punjab Kings,field,Punjab Kings,C Connolly,2026
1527678,2026-04-01,Lucknow,"Bharat Ratna Shri Atal Bihari Vajpayee Ekana Cricket Stadium, Lucknow",Lucknow Super Giants,Delhi Capitals,Delhi Capitals,field,Delhi Capitals,Sameer Rizvi,2026
1527679,2026-04-02,Kolkata,"Eden Gardens, Kolkata",Sunrisers Hyderabad,Kolkata Knight Riders,Kolkata Knight Riders,field,Sunrisers Hyderabad,Nithish Kumar Reddy,2026
1527680,2026-04-03,Chennai,"MA Chidambaram Stadium, Chepauk, Chennai",Chennai Super Kings,Punjab Kings,Punjab Kings,field,Punjab Kings,Priyansh Arya,2026
1527681,2026-04-04,Delhi,"Arun Jaitley Stadium, Delhi",Mumbai Indians,Delhi Capitals,Delhi Capitals,field,Delhi Capitals,Sameer Rizvi,2026
1527682,2026-04-04,Ahmedabad,"Narendra Modi Stadium, Ahmedabad",Rajasthan Royals,Gujarat Titans,Rajasthan Royals,bat,Rajasthan Royals,Ravi Bishnoi,2026
1527683,2026-04-05,Hyderabad,"Rajiv Gandhi International Stadium, Uppal, Hyderabad",Sunrisers Hyderabad,Lucknow Super Giants,Lucknow Super Giants,field,Lucknow Super Giants,Mohammed Shami,2026
1527684,2026-04-05,Bengaluru,"M Chinnaswamy Stadium, Bengaluru",Royal Challengers Bengaluru,Chennai Super Kings,Chennai Super Kings,field,Royal Challengers Bengaluru,TH David,2026
1527685,2026-04-06,Kolkata,"Eden Gardens, Kolkata",Kolkata Knight Riders,Punjab Kings,Kolkata Knight Riders,bat,,No Result,2026
1527686,2026-04-07,Guwahati,"Barsapara Cricket Stadium, Guwahati",Rajasthan Royals,Mumbai Indians,Mumbai Indians,field,Rajasthan Royals,YBK Jaiswal,2026
1527687,2026-04-08,Delhi,"Arun Jaitley Stadium, Delhi",Gujarat Titans,Delhi Capitals,Delhi Capitals,field,Gujarat Titans,Rashid Khan,2026
1527688,2026-04-09,Kolkata,"Eden Gardens, Kolkata",Kolkata Knight Riders,Lucknow Super Giants,Lucknow Super Giants,field,Lucknow Super Giants,MD Choudhary,2026
1527689,2026-04-10,Guwahati,"Barsapara Cricket Stadium, Guwahati",Royal Challengers Bengaluru,Rajasthan Royals,Rajasthan Royals,field,Rajasthan Royals,V Suryavanshi,2026
1527690,2026-04-11,New Chandigarh,"Maharaja Yadavindra Singh International Cricket Stadium, New Chandigarh",Sunrisers Hyderabad,Punjab Kings,Punjab Kings,field,Punjab Kings,SS Iyer,2026
1527691,2026-04-11,Chennai,"MA Chidambaram Stadium, Chepauk, Chennai",Chennai Super Kings,Delhi Capitals,Delhi Capitals,field,Chennai Super Kings,SV Samson,2026
1527692,2026-04-12,Lucknow,"Bharat Ratna Shri Atal Bihari Vajpayee Ekana Cricket Stadium, Lucknow",Lucknow Super Giants,Gujarat Titans,Gujarat Titans,field,Gujarat Titans,M Prasidh Krishna,2026
1527693,2026-04-12,Mumbai,"Wankhede Stadium, Mumbai",Royal Challengers Bengaluru,Mumbai Indians,Mumbai Indians,field,Royal Challengers Bengaluru,PD Salt,2026
1529264,2026-04-13,Hyderabad,"Rajiv Gandhi International Stadium, Uppal, Hyderabad",Sunrisers Hyderabad,Rajasthan Royals,Rajasthan Royals,field,Sunrisers Hyderabad,PP Hinge,2026
1529265,2026-04-14,Chennai,"MA Chidambaram Stadium, Chepauk, Chennai",Chennai Super Kings,Kolkata Knight Riders,Kolkata Knight Riders,field,Chennai Super Kings,Noor Ahmad,2026
1529266,2026-04-15,Bengaluru,"M Chinnaswamy Stadium, Bengaluru",Lucknow Super Giants,Royal Challengers Bengaluru,Royal Challengers Bengaluru,field,Royal Challengers Bengaluru,JR Hazlewood,2026
1529267,2026-04-16,Mumbai,"Wankhede Stadium, Mumbai",Mumbai Indians,Punjab Kings,Punjab Kings,field,Punjab Kings,Arshdeep Singh,2026
1529268,2026-04-17,Ahmedabad,"Narendra Modi Stadium, Ahmedabad",Kolkata Knight Riders,Gujarat Titans,Kolkata Knight Riders,bat,Gujarat Titans,Shubman Gill,2026
1529269,2026-04-18,Bengaluru,"M Chinnaswamy Stadium, Bengaluru",Royal Challengers Bengaluru,Delhi Capitals,Delhi Capitals,field,Delhi Capitals,T Stubbs,2026
1529270,2026-04-18,Hyderabad,"Rajiv Gandhi International Stadium, Uppal, Hyderabad",Sunrisers Hyderabad,Chennai Super Kings,Chennai Super Kings,field,Sunrisers Hyderabad,E Malinga,2026
1529271,2026-04-19,Kolkata,"Eden Gardens, Kolkata",Rajasthan Royals,Kolkata Knight Riders,Rajasthan Royals,bat,Kolkata Knight Riders,CV Varun,2026
1529272,2026-04-19,New Chandigarh,"Maharaja Yadavindra Singh International Cricket Stadium, New Chandigarh",Punjab Kings,Lucknow Super Giants,Lucknow Super Giants,field,Punjab Kings,Priyansh Arya,2026
1529273,2026-04-20,Ahmedabad,"Narendra Modi Stadium, Ahmedabad",Mumbai Indians,Gujarat Titans,Gujarat Titans,field,Mumbai Indians,Tilak Varma,2026
1529274,2026-04-21,Hyderabad,"Rajiv Gandhi International Stadium, Uppal, Hyderabad",Sunrisers Hyderabad,Delhi Capitals,Delhi Capitals,field,Sunrisers Hyderabad,Abhishek Sharma,2026
1529275,2026-04-22,Lucknow,"Bharat Ratna Shri Atal Bihari Vajpayee Ekana Cricket Stadium, Lucknow",Rajasthan Royals,Lucknow Super Giants,Lucknow Super Giants,field,Rajasthan Royals,RA Jadeja,2026
1529276,2026-04-23,Mumbai,"Wankhede Stadium, Mumbai",Chennai Super Kings,Mumbai Indians,Mumbai Indians,field,Chennai Super Kings,SV Samson,2026
1529277,2026-04-24,Bengaluru,"M Chinnaswamy Stadium, Bengaluru",Gujarat Titans,Royal Challengers Bengaluru,Royal Challengers Bengaluru,field,Royal Challengers Bengaluru,V Kohli,2026
1529278,2026-04-25,Delhi,"Arun Jaitley Stadium, Delhi",Delhi Capitals,Punjab Kings,Delhi Capitals,bat,Punjab Kings,KL Rahul,2026
1529279,2026-04-25,Jaipur,"Sawai Mansingh Stadium, Jaipur",Rajasthan Royals,Sunrisers Hyderabad,Sunrisers Hyderabad,field,Sunrisers Hyderabad,Ishan Kishan,2026
1529280,2026-04-26,Chennai,"MA Chidambaram Stadium, Chepauk, Chennai",Chennai Super Kings,Gujarat Titans,Gujarat Titans,field,Gujarat Titans,K Rabada,2026
1529281,2026-04-26,Lucknow,"Bharat Ratna Shri Atal Bihari Vajpayee Ekana Cricket Stadium, Lucknow",Kolkata Knight Riders,Lucknow Super Giants,Lucknow Super Giants,field,,RK Singh,2026
1529282,2026-04-27,Delhi,"Arun Jaitley Stadium, Delhi",Delhi Capitals,Royal Challengers Bengaluru,Royal Challengers Bengaluru,field,Royal Challengers Bengaluru,JR Hazlewood,2026
1529283,2026-04-28,New Chandigarh,"Maharaja Yadavindra Singh International Cricket Stadium, New Chandigarh",Punjab Kings,Rajasthan Royals,Rajasthan Royals,field,Rajasthan Royals,D Ferreira,2026
1529284,2026-04-29,Mumbai,"Wankhede Stadium, Mumbai",Mumbai Indians,Sunrisers Hyderabad,Mumbai Indians,bat,Sunrisers Hyderabad,H Klaasen,2026
1529285,2026-04-30,Ahmedabad,"Narendra Modi Stadium, Ahmedabad",Royal Challengers Bengaluru,Gujarat Titans,Gujarat Titans,field,Gujarat Titans,JO Holder,2026
1529286,2026-05-01,Jaipur,"Sawai Mansingh Stadium, Jaipur",Rajasthan Royals,Delhi Capitals,Rajasthan Royals,bat,Delhi Capitals,KL Rahul,2026
335982,2008-04-18,Bangalore,M Chinnaswamy Stadium,Royal Challengers Bengaluru,Kolkata Knight Riders,Royal Challengers Bengaluru,field,Kolkata Knight Riders,BB McCullum,2007
335983,2008-04-19,Chandigarh,"Punjab Cricket Association Stadium, Mohali",Punjab Kings,Chennai Super Kings,Chennai Super Kings,bat,Chennai Super Kings,MEK Hussey,2007
335984,2008-04-19,Delhi,Feroz Shah Kotla,Delhi Capitals,Rajasthan Royals,Rajasthan Royals,bat,Delhi Capitals,MF Maharoof,2007
335985,2008-04-20,Mumbai,Wankhede Stadium,Mumbai Indians,Royal Challengers Bengaluru,Mumbai Indians,bat,Royal Challengers Bengaluru,MV Boucher,2007
335986,2008-04-20,Kolkata,Eden Gardens,Kolkata Knight Riders,Sunrisers Hyderabad,Sunrisers Hyderabad,bat,Kolkata Knight Riders,DJ Hussey,2007
335987,2008-04-21,Jaipur,Sawai Mansingh Stadium,Rajasthan Royals,Punjab Kings,Punjab Kings,bat,Rajasthan Royals,SR Watson,2007
335988,2008-04-22,Hyderabad,"Rajiv Gandhi International Stadium, Uppal",Sunrisers Hyderabad,Delhi Capitals,Sunrisers Hyderabad,bat,Delhi Capitals,V Sehwag,2007
335989,2008-04-23,Chennai,"MA Chidambaram Stadium, Chepauk",Chennai Super Kings,Mumbai Indians,Mumbai Indians,field,Chennai Super Kings,ML Hayden,2007
335990,2008-04-24,Hyderabad,"Rajiv Gandhi International Stadium, Uppal",Sunrisers Hyderabad,Rajasthan Royals,Rajasthan Royals,field,Rajasthan Royals,YK Pathan,2007
335991,2008-04-25,Chandigarh,"Punjab Cricket Association Stadium, Mohali",Punjab Kings,Mumbai Indians,Mumbai Indians,field,Punjab Kings,KC Sangakkara,2007
335992,2008-04-26,Bangalore,M Chinnaswamy Stadium,Royal Challengers Bengaluru,Rajasthan Royals,Rajasthan Royals,field,Rajasthan Royals,SR Watson,2007
335993,2008-04-26,Chennai,"MA Chidambaram Stadium, Chepauk",Chennai Super Kings,Kolkata Knight Riders,Kolkata Knight Riders,bat,Chennai Super Kings,JDP Oram,2007
335994,2008-04-27,Mumbai,Dr DY Patil Sports Academy,Mumbai Indians,Sunrisers Hyderabad,Sunrisers Hyderabad,field,Sunrisers Hyderabad,AC Gilchrist,2007
335995,2008-04-27,Chandigarh,"Punjab Cricket Association Stadium, Mohali",Punjab Kings,Delhi Capitals,Delhi Capitals,bat,Punjab Kings,SM Katich,2007
335996,2008-04-28,Bangalore,M Chinnaswamy Stadium,Royal Challengers Bengaluru,Chennai Super Kings,Chennai Super Kings,bat,Chennai Super Kings,MS Dhoni,2007
335997,2008-04-29,Kolkata,Eden Gardens,Kolkata Knight Riders,Mumbai Indians,Kolkata Knight Riders,bat,Mumbai Indians,ST Jayasuriya,2007
335998,2008-04-30,Delhi,Feroz Shah Kotla,Delhi Capitals,Royal Challengers Bengaluru,Royal Challengers Bengaluru,field,Delhi Capitals,GD McGrath,2007
335999,2008-05-01,Hyderabad,"Rajiv Gandhi International Stadium, Uppal",Sunrisers Hyderabad,Punjab Kings,Punjab Kings,field,Punjab Kings,SE Marsh,2007
336000,2008-05-01,Jaipur,Sawai Mansingh Stadium,Rajasthan Royals,Kolkata Knight Riders,Rajasthan Royals,bat,Rajasthan Royals,SA Asnodkar,2007
336001,2008-05-02,Chennai,"MA Chidambaram Stadium, Chepauk",Chennai Super Kings,Delhi Capitals,Chennai Super Kings,bat,Delhi Capitals,V Sehwag,2007
336002,2008-05-25,Hyderabad,"Rajiv Gandhi International Stadium, Uppal",Sunrisers Hyderabad,Royal Challengers Bengaluru,Sunrisers Hyderabad,bat,Royal Challengers Bengaluru,R Vinay Kumar,2007
336003,2008-05-03,Chandigarh,"Punjab Cricket Association Stadium, Mohali",Punjab Kings,Kolkata Knight Riders,Punjab Kings,bat,Punjab Kings,IK Pathan,2007
336004,2008-05-04,Mumbai,Dr DY Patil Sports Academy,Mumbai Indians,Delhi Capitals,Delhi Capitals,field,Mumbai Indians,SM Pollock,2007
336005,2008-05-04,Jaipur,Sawai Mansingh Stadium,Rajasthan Royals,Chennai Super Kings,Chennai Super Kings,bat,Rajasthan Royals,Sohail Tanvir,2007
336006,2008-05-05,Bangalore,M Chinnaswamy Stadium,Royal Challengers Bengaluru,Punjab Kings,Punjab Kings,field,Punjab Kings,S Sreesanth,2007
336007,2008-05-06,Chennai,"MA Chidambaram Stadium, Chepauk",Chennai Super Kings,Sunrisers Hyderabad,Sunrisers Hyderabad,field,Sunrisers Hyderabad,AC Gilchrist,2007
336008,2008-05-07,Mumbai,Dr DY Patil Sports Academy,Mumbai Indians,Rajasthan Royals,Mumbai Indians,field,Mumbai Indians,A Nehra,2007
336009,2008-05-08,Delhi,Feroz Shah Kotla,Delhi Capitals,Chennai Super Kings,Chennai Super Kings,field,Chennai Super Kings,MS Dhoni,2007
336010,2008-05-08,Kolkata,Eden Gardens,Kolkata Knight Riders,Royal Challengers Bengaluru,Kolkata Knight Riders,bat,Kolkata Knight Riders,SC Ganguly,2007
336011,2008-05-09,Jaipur,Sawai Mansingh Stadium,Rajasthan Royals,Sunrisers Hyderabad,Rajasthan Royals,field,Rajasthan Royals,YK Pathan,2007
336012,2008-05-28,Bangalore,M Chinnaswamy Stadium,Royal Challengers Bengaluru,Mumbai Indians,Mumbai Indians,field,Mumbai Indians,CRD Fernando,2007
336013,2008-05-10,Chennai,"MA Chidambaram Stadium, Chepauk",Chennai Super Kings,Punjab Kings,Punjab Kings,field,Chennai Super Kings,L Balaji,2007
336014,2008-05-11,Hyderabad,"Rajiv Gandhi International Stadium, Uppal",Sunrisers Hyderabad,Kolkata Knight Riders,Kolkata Knight Riders,bat,Kolkata Knight Riders,SC Ganguly,2007
336015,2008-05-11,Jaipur,Sawai Mansingh Stadium,Rajasthan Royals,Delhi Capitals,Rajasthan Royals,field,Rajasthan Royals,SR Watson,2007
336016,2008-05-12,Chandigarh,"Punjab Cricket Association Stadium, Mohali",Punjab Kings,Royal Challengers Bengaluru,Royal Challengers Bengaluru,bat,Punjab Kings,SE Marsh,2007
336017,2008-05-13,Kolkata,Eden Gardens,Kolkata Knight Riders,Delhi Capitals,Kolkata Knight Riders,bat,Kolkata Knight Riders,Shoaib Akhtar,2007
336018,2008-05-14,Mumbai,Wankhede Stadium,Mumbai Indians,Chennai Super Kings,Mumbai Indians,field,Mumbai Indians,ST Jayasuriya,2007
336019,2008-05-28,Chandigarh,"Punjab Cricket Association Stadium, Mohali",Punjab Kings,Rajasthan Royals,Rajasthan Royals,field,Punjab Kings,SE Marsh,2007
336020,2008-05-15,Delhi,Feroz Shah Kotla,Delhi Capitals,Sunrisers Hyderabad,Sunrisers Hyderabad,field,Delhi Capitals,A Mishra,2007
336021,2008-05-16,Mumbai,Wankhede Stadium,Mumbai Indians,Kolkata Knight Riders,Mumbai Indians,field,Mumbai Indians,SM Pollock,2007
336022,2008-05-17,Delhi,Feroz Shah Kotla,Delhi Capitals,Punjab Kings,Delhi Capitals,bat,Punjab Kings,DPMD Jayawardene,2007
336023,2008-05-17,Jaipur,Sawai Mansingh Stadium,Rajasthan Royals,Royal Challengers Bengaluru,Royal Challengers Bengaluru,field,Rajasthan Royals,GC Smith,2007
336024,2008-05-18,Hyderabad,"Rajiv Gandhi International Stadium, Uppal",Sunrisers Hyderabad,Mumbai Indians,Sunrisers Hyderabad,field,Mumbai Indians,DJ Bravo,2007
336025,2008-05-18,Kolkata,Eden Gardens,Kolkata Knight Riders,Chennai Super Kings,Kolkata Knight Riders,bat,Chennai Super Kings,M Ntini,2007
336026,2008-05-19,Bangalore,M Chinnaswamy Stadium,Royal Challengers Bengaluru,Delhi Capitals,Delhi Capitals,field,Delhi Capitals,SP Goswami,2007
336027,2008-05-20,Kolkata,Eden Gardens,Kolkata Knight Riders,Rajasthan Royals,Rajasthan Royals,field,Rajasthan Royals,YK Pathan,2007
336028,2008-05-21,Mumbai,Wankhede Stadium,Mumbai Indians,Punjab Kings,Mumbai Indians,field,Punjab Kings,SE Marsh,2007
336029,2008-05-21,Chennai,"MA Chidambaram Stadium, Chepauk",Chennai Super Kings,Royal Challengers Bengaluru,Royal Challengers Bengaluru,bat,Royal Challengers Bengaluru,A Kumble,2007
336031,2008-05-23,Chandigarh,"Punjab Cricket Association Stadium, Mohali",Punjab Kings,Sunrisers Hyderabad,Punjab Kings,field,Punjab Kings,SE Marsh,2007
336032,2008-05-24,Delhi,Feroz Shah Kotla,Delhi Capitals,Mumbai Indians,Delhi Capitals,field,Delhi Capitals,KD Karthik,2007
336033,2008-05-24,Chennai,"MA Chidambaram Stadium, Chepauk",Chennai Super Kings,Rajasthan Royals,Rajasthan Royals,bat,Rajasthan Royals,JA Morkel,2007
336034,2008-05-03,Bangalore,M Chinnaswamy Stadium,Royal Challengers Bengaluru,Sunrisers Hyderabad,Sunrisers Hyderabad,field,Royal Challengers Bengaluru,P Kumar,2007
336035,2008-05-25,Kolkata,Eden Gardens,Kolkata Knight Riders,Punjab Kings,Punjab Kings,bat,Kolkata Knight Riders,Umar Gul,2007
336036,2008-05-26,Jaipur,Sawai Mansingh Stadium,Rajasthan Royals,Mumbai Indians,Rajasthan Royals,field,Rajasthan Royals,Sohail Tanvir,2007
336037,2008-05-27,Hyderabad,"Rajiv Gandhi International Stadium, Uppal",Sunrisers Hyderabad,Chennai Super Kings,Sunrisers Hyderabad,bat,Chennai Super Kings,SK Raina,2007
336038,2008-05-30,Mumbai,Wankhede Stadium,Delhi Capitals,Rajasthan Royals,Delhi Capitals,field,Rajasthan Royals,SR Watson,2007
336039,2008-05-31,Mumbai,Wankhede Stadium,Chennai Super Kings,Punjab Kings,Punjab Kings,bat,Chennai Super Kings,M Ntini,2007
336040,2008-06-01,Mumbai,Dr DY Patil Sports Academy,Chennai Super Kings,Rajasthan Royals,Rajasthan Royals,field,Rajasthan Royals,YK Pathan,2007
392181,2009-04-18,Cape Town,Newlands,Chennai Super Kings,Mumbai Indians,Chennai Super Kings,field,Mumbai Indians,SR Tendulkar,2009
392182,2009-04-18,Cape Town,Newlands,Royal Challengers Bengaluru,Rajasthan Royals,Royal Challengers Bengaluru,bat,Royal Challengers Bengaluru,R Dravid,2009
392183,2009-04-19,Cape Town,Newlands,Delhi Capitals,Punjab Kings,Delhi Capitals,field,Delhi Capitals,DL Vettori,2009
392184,2009-04-19,Cape Town,Newlands,Sunrisers Hyderabad,Kolkata Knight Riders,Kolkata Knight Riders,bat,Sunrisers Hyderabad,RP Singh,2009
392185,2009-04-20,Port Elizabeth,St George's Park,Royal Challengers Bengaluru,Chennai Super Kings,Chennai Super Kings,bat,Chennai Super Kings,M Muralitharan,2009
392186,2009-04-21,Durban,Kingsmead,Punjab Kings,Kolkata Knight Riders,Kolkata Knight Riders,field,Kolkata Knight Riders,CH Gayle,2009
392188,2009-04-22,Cape Town,Newlands,Royal Challengers Bengaluru,Sunrisers Hyderabad,Sunrisers Hyderabad,bat,Sunrisers Hyderabad,AC Gilchrist,2009
392189,2009-04-23,Durban,Kingsmead,Chennai Super Kings,Delhi Capitals,Delhi Capitals,bat,Delhi Capitals,AB de Villiers,2009
392190,2009-04-23,Cape Town,Newlands,Kolkata Knight Riders,Rajasthan Royals,Kolkata Knight Riders,field,,YK Pathan,2009
392191,2009-04-24,Durban,Kingsmead,Royal Challengers Bengaluru,Punjab Kings,Royal Challengers Bengaluru,bat,Punjab Kings,RS Bopara,2009
392192,2009-04-25,Durban,Kingsmead,Sunrisers Hyderabad,Mumbai Indians,Sunrisers Hyderabad,bat,Sunrisers Hyderabad,PP Ojha,2009
392194,2009-04-26,Port Elizabeth,St George's Park,Royal Challengers Bengaluru,Delhi Capitals,Royal Challengers Bengaluru,bat,Delhi Capitals,TM Dilshan,2009
392195,2009-04-26,Cape Town,Newlands,Punjab Kings,Rajasthan Royals,Punjab Kings,bat,Punjab Kings,KC Sangakkara,2009
392196,2009-04-27,Durban,Kingsmead,Chennai Super Kings,Sunrisers Hyderabad,Sunrisers Hyderabad,field,Sunrisers Hyderabad,HH Gibbs,2009
392197,2009-04-27,Port Elizabeth,St George's Park,Kolkata Knight Riders,Mumbai Indians,Mumbai Indians,bat,Mumbai Indians,SR Tendulkar,2009
392198,2009-04-28,Centurion,SuperSport Park,Delhi Capitals,Rajasthan Royals,Delhi Capitals,bat,Rajasthan Royals,YK Pathan,2009
392199,2009-04-29,Durban,Kingsmead,Royal Challengers Bengaluru,Kolkata Knight Riders,Kolkata Knight Riders,bat,Royal Challengers Bengaluru,MV Boucher,2009
392200,2009-04-29,Durban,Kingsmead,Punjab Kings,Mumbai Indians,Punjab Kings,bat,Punjab Kings,KC Sangakkara,2009
392201,2009-04-30,Centurion,SuperSport Park,Sunrisers Hyderabad,Delhi Capitals,Delhi Capitals,field,Delhi Capitals,DP Nannes,2009
392202,2009-04-30,Centurion,SuperSport Park,Chennai Super Kings,Rajasthan Royals,Rajasthan Royals,field,Chennai Super Kings,SK Raina,2009
392203,2009-05-01,East London,Buffalo Park,Kolkata Knight Riders,Mumbai Indians,Mumbai Indians,bat,Mumbai Indians,JP Duminy,2009
392204,2009-05-01,Durban,Kingsmead,Royal Challengers Bengaluru,Punjab Kings,Royal Challengers Bengaluru,bat,Royal Challengers Bengaluru,Yuvraj Singh,2009
392205,2009-05-02,Port Elizabeth,St George's Park,Sunrisers Hyderabad,Rajasthan Royals,Sunrisers Hyderabad,bat,Rajasthan Royals,YK Pathan,2009
392206,2009-05-02,Johannesburg,New Wanderers Stadium,Chennai Super Kings,Delhi Capitals,Delhi Capitals,field,Chennai Super Kings,SB Jakati,2009
392207,2009-05-03,Port Elizabeth,St George's Park,Punjab Kings,Kolkata Knight Riders,Kolkata Knight Riders,bat,Punjab Kings,DPMD Jayawardene,2009
392208,2009-05-03,Johannesburg,New Wanderers Stadium,Royal Challengers Bengaluru,Mumbai Indians,Mumbai Indians,bat,Royal Challengers Bengaluru,JH Kallis,2009
392209,2009-05-04,East London,Buffalo Park,Chennai Super Kings,Sunrisers Hyderabad,Chennai Super Kings,bat,Chennai Super Kings,MS Dhoni,2009
392210,2009-05-05,Durban,Kingsmead,Punjab Kings,Rajasthan Royals,Punjab Kings,field,Rajasthan Royals,GC Smith,2009
392211,2009-05-05,Durban,Kingsmead,Delhi Capitals,Kolkata Knight Riders,Kolkata Knight Riders,bat,Delhi Capitals,G Gambhir,2009
392212,2009-05-06,Centurion,SuperSport Park,Sunrisers Hyderabad,Mumbai Indians,Sunrisers Hyderabad,bat,Sunrisers Hyderabad,RG Sharma,2009
392213,2009-05-07,Centurion,SuperSport Park,Royal Challengers Bengaluru,Rajasthan Royals,Rajasthan Royals,field,Rajasthan Royals,A Singh,2009
392214,2009-05-07,Centurion,SuperSport Park,Chennai Super Kings,Punjab Kings,Chennai Super Kings,bat,Chennai Super Kings,ML Hayden,2009
392215,2009-05-08,East London,Buffalo Park,Delhi Capitals,Mumbai Indians,Mumbai Indians,bat,Delhi Capitals,A Nehra,2009
392216,2009-05-09,Kimberley,De Beers Diamond Oval,Sunrisers Hyderabad,Punjab Kings,Punjab Kings,field,Punjab Kings,DPMD Jayawardene,2009
392217,2009-05-09,Kimberley,De Beers Diamond Oval,Chennai Super Kings,Rajasthan Royals,Rajasthan Royals,bat,Chennai Super Kings,S Badrinath,2009
392218,2009-05-10,Port Elizabeth,St George's Park,Royal Challengers Bengaluru,Mumbai Indians,Mumbai Indians,bat,Mumbai Indians,JP Duminy,2009
392219,2009-05-10,Johannesburg,New Wanderers Stadium,Delhi Capitals,Kolkata Knight Riders,Delhi Capitals,field,Delhi Capitals,A Mishra,2009
392220,2009-05-11,Kimberley,De Beers Diamond Oval,Sunrisers Hyderabad,Rajasthan Royals,Sunrisers Hyderabad,bat,Sunrisers Hyderabad,DR Smith,2009
392221,2009-05-12,Centurion,SuperSport Park,Royal Challengers Bengaluru,Kolkata Knight Riders,Royal Challengers Bengaluru,field,Royal Challengers Bengaluru,LRPL Taylor,2009
392222,2009-05-12,Centurion,SuperSport Park,Punjab Kings,Mumbai Indians,Punjab Kings,bat,Mumbai Indians,Harbhajan Singh,2009
392223,2009-05-13,Durban,Kingsmead,Sunrisers Hyderabad,Delhi Capitals,Sunrisers Hyderabad,field,Delhi Capitals,R Bhatia,2009
392224,2009-05-14,Durban,Kingsmead,Royal Challengers Bengaluru,Chennai Super Kings,Chennai Super Kings,bat,Royal Challengers Bengaluru,LRPL Taylor,2009
392225,2009-05-14,Durban,Kingsmead,Mumbai Indians,Rajasthan Royals,Rajasthan Royals,bat,Rajasthan Royals,SK Warne,2009
392226,2009-05-15,Bloemfontein,OUTsurance Oval,Delhi Capitals,Punjab Kings,Punjab Kings,field,Punjab Kings,B Lee,2009
392227,2009-05-16,Port Elizabeth,St George's Park,Chennai Super Kings,Mumbai Indians,Mumbai Indians,bat,Chennai Super Kings,ML Hayden,2009
392228,2009-05-16,Johannesburg,New Wanderers Stadium,Sunrisers Hyderabad,Kolkata Knight Riders,Sunrisers Hyderabad,field,Sunrisers Hyderabad,RG Sharma,2009
392229,2009-05-17,Johannesburg,New Wanderers Stadium,Sunrisers Hyderabad,Punjab Kings,Sunrisers Hyderabad,field,Punjab Kings,Yuvraj Singh,2009
392230,2009-05-17,Bloemfontein,OUTsurance Oval,Delhi Capitals,Rajasthan Royals,Delhi Capitals,bat,Delhi Capitals,AB de Villiers,2009
392231,2009-05-18,Centurion,SuperSport Park,Chennai Super Kings,Kolkata Knight Riders,Chennai Super Kings,bat,Kolkata Knight Riders,BJ Hodge,2009
392232,2009-05-19,Johannesburg,New Wanderers Stadium,Royal Challengers Bengaluru,Delhi Capitals,Delhi Capitals,bat,Royal Challengers Bengaluru,JH Kallis,2009
392233,2009-05-20,Durban,Kingsmead,Kolkata Knight Riders,Rajasthan Royals,Kolkata Knight Riders,field,Kolkata Knight Riders,LR Shukla,2009
392234,2009-05-20,Durban,Kingsmead,Chennai Super Kings,Punjab Kings,Chennai Super Kings,bat,Chennai Super Kings,M Muralitharan,2009
392235,2009-05-21,Centurion,SuperSport Park,Delhi Capitals,Mumbai Indians,Delhi Capitals,field,Delhi Capitals,V Sehwag,2009
392236,2009-05-21,Centurion,SuperSport Park,Royal Challengers Bengaluru,Sunrisers Hyderabad,Royal Challengers Bengaluru,bat,Royal Challengers Bengaluru,MK Pandey,2009
392237,2009-05-22,Centurion,SuperSport Park,Delhi Capitals,Sunrisers Hyderabad,Sunrisers Hyderabad,field,Sunrisers Hyderabad,AC Gilchrist,2009
392238,2009-05-23,Johannesburg,New Wanderers Stadium,Royal Challengers Bengaluru,Chennai Super Kings,Royal Challengers Bengaluru,field,Royal Challengers Bengaluru,MK Pandey,2009
392239,2009-05-24,Johannesburg,New Wanderers Stadium,Royal Challengers Bengaluru,Sunrisers Hyderabad,Royal Challengers Bengaluru,field,Sunrisers Hyderabad,A Kumble,2009
419106,2010-03-12,Mumbai,Dr DY Patil Sports Academy,Sunrisers Hyderabad,Kolkata Knight Riders,Sunrisers Hyderabad,field,Kolkata Knight Riders,AD Mathews,2009
419107,2010-03-13,Mumbai,Brabourne Stadium,Mumbai Indians,Rajasthan Royals,Mumbai Indians,bat,Mumbai Indians,YK Pathan,2009
419108,2010-03-13,Chandigarh,"Punjab Cricket Association Stadium, Mohali",Punjab Kings,Delhi Capitals,Delhi Capitals,field,Delhi Capitals,G Gambhir,2009
419109,2010-03-14,Kolkata,Eden Gardens,Kolkata Knight Riders,Royal Challengers Bengaluru,Kolkata Knight Riders,field,Kolkata Knight Riders,MK Tiwary,2009
419110,2010-03-14,Chennai,"MA Chidambaram Stadium, Chepauk",Chennai Super Kings,Sunrisers Hyderabad,Sunrisers Hyderabad,bat,Sunrisers Hyderabad,WPUJC Vaas,2009
419111,2010-03-15,Ahmedabad,"Sardar Patel Stadium, Motera",Rajasthan Royals,Delhi Capitals,Delhi Capitals,field,Delhi Capitals,V Sehwag,2009
419112,2010-03-16,Bangalore,M Chinnaswamy Stadium,Royal Challengers Bengaluru,Punjab Kings,Punjab Kings,bat,Royal Challengers Bengaluru,JH Kallis,2009
419113,2010-03-16,Kolkata,Eden Gardens,Kolkata Knight Riders,Chennai Super Kings,Chennai Super Kings,bat,Chennai Super Kings,MS Dhoni,2009
419114,2010-03-17,Delhi,Feroz Shah Kotla,Delhi Capitals,Mumbai Indians,Delhi Capitals,field,Mumbai Indians,SR Tendulkar,2009
419115,2010-03-18,Bangalore,M Chinnaswamy Stadium,Royal Challengers Bengaluru,Rajasthan Royals,Royal Challengers Bengaluru,field,Royal Challengers Bengaluru,JH Kallis,2009
419116,2010-03-19,Delhi,Feroz Shah Kotla,Delhi Capitals,Chennai Super Kings,Delhi Capitals,bat,Chennai Super Kings,ML Hayden,2009
419117,2010-03-19,Cuttack,Barabati Stadium,Sunrisers Hyderabad,Punjab Kings,Punjab Kings,field,Sunrisers Hyderabad,A Symonds,2009
419118,2010-03-20,Ahmedabad,"Sardar Patel Stadium, Motera",Rajasthan Royals,Kolkata Knight Riders,Rajasthan Royals,bat,Rajasthan Royals,AA Jhunjhunwala,2009
419119,2010-03-20,Mumbai,Brabourne Stadium,Mumbai Indians,Royal Challengers Bengaluru,Mumbai Indians,bat,Royal Challengers Bengaluru,JH Kallis,2009
419120,2010-03-21,Cuttack,Barabati Stadium,Sunrisers Hyderabad,Delhi Capitals,Sunrisers Hyderabad,bat,Sunrisers Hyderabad,A Symonds,2009
419121,2010-03-21,Chennai,"MA Chidambaram Stadium, Chepauk",Chennai Super Kings,Punjab Kings,Chennai Super Kings,field,,J Theron,2009
419122,2010-03-22,Mumbai,Brabourne Stadium,Mumbai Indians,Kolkata Knight Riders,Kolkata Knight Riders,bat,Mumbai Indians,SR Tendulkar,2009
419123,2010-03-23,Bangalore,M Chinnaswamy Stadium,Royal Challengers Bengaluru,Chennai Super Kings,Chennai Super Kings,field,Royal Challengers Bengaluru,RV Uthappa,2009
419124,2010-03-24,Chandigarh,"Punjab Cricket Association Stadium, Mohali",Punjab Kings,Rajasthan Royals,Punjab Kings,field,Rajasthan Royals,AC Voges,2009
419125,2010-03-25,Mumbai,"Brabourne Stadium, Mumbai",Chennai Super Kings,Mumbai Indians,Mumbai Indians,field,Mumbai Indians,SR Tendulkar,2009
419126,2010-03-26,Ahmedabad,"Sardar Patel Stadium, Motera",Rajasthan Royals,Sunrisers Hyderabad,Sunrisers Hyderabad,bat,Rajasthan Royals,YK Pathan,2009
419127,2010-03-27,Chandigarh,"Punjab Cricket Association Stadium, Mohali",Punjab Kings,Kolkata Knight Riders,Kolkata Knight Riders,bat,Kolkata Knight Riders,MK Tiwary,2009
419128,2010-03-25,Bangalore,M Chinnaswamy Stadium,Royal Challengers Bengaluru,Delhi Capitals,Royal Challengers Bengaluru,field,Delhi Capitals,KM Jadhav,2009
419129,2010-03-28,Ahmedabad,"Sardar Patel Stadium, Motera",Rajasthan Royals,Chennai Super Kings,Rajasthan Royals,bat,Rajasthan Royals,NV Ojha,2009
419130,2010-03-28,Mumbai,Dr DY Patil Sports Academy,Sunrisers Hyderabad,Mumbai Indians,Sunrisers Hyderabad,field,Mumbai Indians,Harbhajan Singh,2009
419131,2010-03-29,Delhi,Feroz Shah Kotla,Delhi Capitals,Kolkata Knight Riders,Delhi Capitals,bat,Delhi Capitals,DA Warner,2009
419132,2010-03-30,Mumbai,Brabourne Stadium,Mumbai Indians,Punjab Kings,Mumbai Indians,field,Mumbai Indians,SL Malinga,2009
419133,2010-03-31,Chennai,"MA Chidambaram Stadium, Chepauk",Chennai Super Kings,Royal Challengers Bengaluru,Royal Challengers Bengaluru,bat,Chennai Super Kings,M Vijay,2009
419134,2010-03-31,Delhi,Feroz Shah Kotla,Delhi Capitals,Rajasthan Royals,Delhi Capitals,bat,Delhi Capitals,KD Karthik,2009
419135,2010-04-01,Kolkata,Eden Gardens,Kolkata Knight Riders,Sunrisers Hyderabad,Kolkata Knight Riders,bat,Kolkata Knight Riders,SC Ganguly,2009
419136,2010-04-02,Chandigarh,"Punjab Cricket Association Stadium, Mohali",Punjab Kings,Royal Challengers Bengaluru,Punjab Kings,bat,Royal Challengers Bengaluru,KP Pietersen,2009
419137,2010-04-03,Chennai,"MA Chidambaram Stadium, Chepauk",Chennai Super Kings,Rajasthan Royals,Chennai Super Kings,bat,Chennai Super Kings,M Vijay,2009
419138,2010-04-03,Mumbai,Brabourne Stadium,Mumbai Indians,Sunrisers Hyderabad,Mumbai Indians,bat,Mumbai Indians,AT Rayudu,2009
419139,2010-04-04,Kolkata,Eden Gardens,Kolkata Knight Riders,Punjab Kings,Kolkata Knight Riders,bat,Punjab Kings,DPMD Jayawardene,2009
419140,2010-04-04,Delhi,Feroz Shah Kotla,Delhi Capitals,Royal Challengers Bengaluru,Delhi Capitals,bat,Delhi Capitals,PD Collingwood,2009
419141,2010-04-05,Nagpur,"Vidarbha Cricket Association Stadium, Jamtha",Sunrisers Hyderabad,Rajasthan Royals,Rajasthan Royals,bat,Rajasthan Royals,SK Warne,2009
419142,2010-04-06,Chennai,"MA Chidambaram Stadium, Chepauk",Chennai Super Kings,Mumbai Indians,Chennai Super Kings,bat,Chennai Super Kings,SK Raina,2009
419143,2010-04-07,Jaipur,Sawai Mansingh Stadium,Rajasthan Royals,Punjab Kings,Punjab Kings,bat,Rajasthan Royals,MJ Lumb,2009
419144,2010-04-07,Kolkata,Eden Gardens,Kolkata Knight Riders,Delhi Capitals,Kolkata Knight Riders,bat,Kolkata Knight Riders,SC Ganguly,2009
419145,2010-04-08,Bangalore,M Chinnaswamy Stadium,Royal Challengers Bengaluru,Sunrisers Hyderabad,Sunrisers Hyderabad,field,Sunrisers Hyderabad,TL Suman,2009
419146,2010-04-09,Chandigarh,"Punjab Cricket Association Stadium, Mohali",Punjab Kings,Mumbai Indians,Mumbai Indians,bat,Punjab Kings,KC Sangakkara,2009
419147,2010-04-10,Nagpur,"Vidarbha Cricket Association Stadium, Jamtha",Sunrisers Hyderabad,Chennai Super Kings,Chennai Super Kings,bat,Sunrisers Hyderabad,RJ Harris,2009
419148,2010-04-10,Bangalore,M Chinnaswamy Stadium,Royal Challengers Bengaluru,Kolkata Knight Riders,Royal Challengers Bengaluru,field,Royal Challengers Bengaluru,R Vinay Kumar,2009
419149,2010-04-11,Delhi,Feroz Shah Kotla,Delhi Capitals,Punjab Kings,Delhi Capitals,bat,Punjab Kings,PP Chawla,2009
419150,2010-04-11,Jaipur,Sawai Mansingh Stadium,Rajasthan Royals,Mumbai Indians,Rajasthan Royals,field,Mumbai Indians,SR Tendulkar,2009
419151,2010-04-12,Nagpur,"Vidarbha Cricket Association Stadium, Jamtha",Sunrisers Hyderabad,Royal Challengers Bengaluru,Royal Challengers Bengaluru,field,Sunrisers Hyderabad,Harmeet Singh,2009
419152,2010-04-13,Mumbai,Brabourne Stadium,Mumbai Indians,Delhi Capitals,Mumbai Indians,bat,Mumbai Indians,KA Pollard,2009
419153,2010-04-13,Chennai,"MA Chidambaram Stadium, Chepauk",Chennai Super Kings,Kolkata Knight Riders,Kolkata Knight Riders,bat,Chennai Super Kings,R Ashwin,2009
419154,2010-04-14,Jaipur,Sawai Mansingh Stadium,Rajasthan Royals,Royal Challengers Bengaluru,Rajasthan Royals,bat,Royal Challengers Bengaluru,KP Pietersen,2009
419155,2010-04-15,Chennai,"MA Chidambaram Stadium, Chepauk",Chennai Super Kings,Delhi Capitals,Chennai Super Kings,bat,Delhi Capitals,G Gambhir,2009
419156,2010-04-16,Dharamsala,Himachal Pradesh Cricket Association Stadium,Punjab Kings,Sunrisers Hyderabad,Sunrisers Hyderabad,field,Sunrisers Hyderabad,RG Sharma,2009
419157,2010-04-17,Bangalore,M Chinnaswamy Stadium,Royal Challengers Bengaluru,Mumbai Indians,Royal Challengers Bengaluru,field,Mumbai Indians,R McLaren,2009
419158,2010-04-17,Kolkata,Eden Gardens,Kolkata Knight Riders,Rajasthan Royals,Rajasthan Royals,bat,Kolkata Knight Riders,JD Unadkat,2009
419159,2010-04-18,Dharamsala,Himachal Pradesh Cricket Association Stadium,Punjab Kings,Chennai Super Kings,Chennai Super Kings,field,Chennai Super Kings,MS Dhoni,2009
419160,2010-04-18,Delhi,Feroz Shah Kotla,Delhi Capitals,Sunrisers Hyderabad,Sunrisers Hyderabad,bat,Sunrisers Hyderabad,A Symonds,2009
419161,2010-04-19,Kolkata,Eden Gardens,Kolkata Knight Riders,Mumbai Indians,Mumbai Indians,bat,Kolkata Knight Riders,M Kartik,2009
419162,2010-04-21,Mumbai,Dr DY Patil Sports Academy,Royal Challengers Bengaluru,Mumbai Indians,Mumbai Indians,bat,Mumbai Indians,KA Pollard,2009
419163,2010-04-22,Mumbai,Dr DY Patil Sports Academy,Chennai Super Kings,Sunrisers Hyderabad,Chennai Super Kings,bat,Chennai Super Kings,DE Bollinger,2009
419164,2010-04-24,Mumbai,Dr DY Patil Sports Academy,Royal Challengers Bengaluru,Sunrisers Hyderabad,Sunrisers Hyderabad,bat,Royal Challengers Bengaluru,A Kumble,2009
419165,2010-04-25,Mumbai,Dr DY Patil Sports Academy,Chennai Super Kings,Mumbai Indians,Chennai Super Kings,bat,Chennai Super Kings,SK Raina,2009
501198,2011-04-08,Chennai,"MA Chidambaram Stadium, Chepauk",Chennai Super Kings,Kolkata Knight Riders,Chennai Super Kings,bat,Chennai Super Kings,S Anirudha,2011
501199,2011-04-09,Hyderabad,"Rajiv Gandhi International Stadium, Uppal",Sunrisers Hyderabad,Rajasthan Royals,Rajasthan Royals,field,Rajasthan Royals,SK Trivedi,2011
501200,2011-04-09,Kochi,Nehru Stadium,Kochi Tuskers Kerala,Royal Challengers Bengaluru,Kochi Tuskers Kerala,bat,Royal Challengers Bengaluru,AB de Villiers,2011
501201,2011-04-10,Delhi,Feroz Shah Kotla,Delhi Capitals,Mumbai Indians,Delhi Capitals,bat,Mumbai Indians,SL Malinga,2011
501202,2011-04-10,Mumbai,Dr DY Patil Sports Academy,Pune Warriors India,Punjab Kings,Punjab Kings,bat,Pune Warriors India,SB Wagh,2011
501203,2011-04-11,Kolkata,Eden Gardens,Kolkata Knight Riders,Sunrisers Hyderabad,Kolkata Knight Riders,bat,Kolkata Knight Riders,JH Kallis,2011
501204,2011-04-12,Jaipur,Sawai Mansingh Stadium,Rajasthan Royals,Delhi Capitals,Delhi Capitals,bat,Rajasthan Royals,SK Warne,2011
501205,2011-04-12,Bangalore,M Chinnaswamy Stadium,Royal Challengers Bengaluru,Mumbai Indians,Mumbai Indians,field,Mumbai Indians,SR Tendulkar,2011
501206,2011-04-13,Chandigarh,"Punjab Cricket Association Stadium, Mohali",Punjab Kings,Chennai Super Kings,Punjab Kings,field,Punjab Kings,PC Valthaty,2011
501207,2011-04-13,Mumbai,Dr DY Patil Sports Academy,Pune Warriors India,Kochi Tuskers Kerala,Kochi Tuskers Kerala,bat,Pune Warriors India,MD Mishra,2011
501208,2011-04-14,Hyderabad,"Rajiv Gandhi International Stadium, Uppal",Sunrisers Hyderabad,Royal Challengers Bengaluru,Royal Challengers Bengaluru,field,Sunrisers Hyderabad,DW Steyn,2011
501209,2011-04-15,Jaipur,Sawai Mansingh Stadium,Rajasthan Royals,Kolkata Knight Riders,Kolkata Knight Riders,field,Kolkata Knight Riders,G Gambhir,2011
501210,2011-04-15,Mumbai,Wankhede Stadium,Mumbai Indians,Kochi Tuskers Kerala,Kochi Tuskers Kerala,field,Kochi Tuskers Kerala,BB McCullum,2011
501211,2011-04-16,Chennai,"MA Chidambaram Stadium, Chepauk",Chennai Super Kings,Royal Challengers Bengaluru,Chennai Super Kings,bat,Chennai Super Kings,MEK Hussey,2011
501212,2011-04-16,Hyderabad,"Rajiv Gandhi International Stadium, Uppal",Sunrisers Hyderabad,Punjab Kings,Punjab Kings,field,Punjab Kings,PC Valthaty,2011
501213,2011-04-17,Mumbai,Dr DY Patil Sports Academy,Pune Warriors India,Delhi Capitals,Delhi Capitals,field,Delhi Capitals,Yuvraj Singh,2011
501214,2011-04-17,Kolkata,Eden Gardens,Kolkata Knight Riders,Rajasthan Royals,Kolkata Knight Riders,field,Kolkata Knight Riders,L Balaji,2011
501215,2011-04-18,Kochi,Nehru Stadium,Kochi Tuskers Kerala,Chennai Super Kings,Kochi Tuskers Kerala,field,Kochi Tuskers Kerala,BB McCullum,2011
501216,2011-04-19,Delhi,Feroz Shah Kotla,Delhi Capitals,Sunrisers Hyderabad,Sunrisers Hyderabad,bat,Sunrisers Hyderabad,S Sohal,2011
501218,2011-04-20,Mumbai,Wankhede Stadium,Mumbai Indians,Pune Warriors India,Pune Warriors India,bat,Mumbai Indians,MM Patel,2011
501219,2011-04-20,Kolkata,Eden Gardens,Kolkata Knight Riders,Kochi Tuskers Kerala,Kolkata Knight Riders,field,Kochi Tuskers Kerala,DPMD Jayawardene,2011
501220,2011-04-21,Chandigarh,"Punjab Cricket Association Stadium, Mohali",Punjab Kings,Rajasthan Royals,Rajasthan Royals,field,Punjab Kings,SE Marsh,2011
501221,2011-04-22,Mumbai,Wankhede Stadium,Mumbai Indians,Chennai Super Kings,Chennai Super Kings,field,Mumbai Indians,Harbhajan Singh,2011
501222,2011-04-22,Kolkata,Eden Gardens,Kolkata Knight Riders,Royal Challengers Bengaluru,Royal Challengers Bengaluru,field,Royal Challengers Bengaluru,CH Gayle,2011
501223,2011-04-23,Delhi,Feroz Shah Kotla,Delhi Capitals,Punjab Kings,Punjab Kings,field,Delhi Capitals,DA Warner,2011
501224,2011-04-24,Hyderabad,"Rajiv Gandhi International Stadium, Uppal",Sunrisers Hyderabad,Mumbai Indians,Sunrisers Hyderabad,field,Mumbai Indians,SL Malinga,2011
501225,2011-04-24,Jaipur,Sawai Mansingh Stadium,Rajasthan Royals,Kochi Tuskers Kerala,Rajasthan Royals,field,Rajasthan Royals,SK Warne,2011
501226,2011-04-25,Chennai,"MA Chidambaram Stadium, Chepauk",Chennai Super Kings,Pune Warriors India,Pune Warriors India,field,Chennai Super Kings,MEK Hussey,2011
501227,2011-04-26,Delhi,Feroz Shah Kotla,Delhi Capitals,Royal Challengers Bengaluru,Royal Challengers Bengaluru,field,Royal Challengers Bengaluru,V Kohli,2011
501228,2011-04-27,Mumbai,Dr DY Patil Sports Academy,Pune Warriors India,Chennai Super Kings,Pune Warriors India,bat,Chennai Super Kings,DE Bollinger,2011
501229,2011-04-27,Kochi,Nehru Stadium,Kochi Tuskers Kerala,Sunrisers Hyderabad,Kochi Tuskers Kerala,field,Sunrisers Hyderabad,I Sharma,2011
501230,2011-04-28,Delhi,Feroz Shah Kotla,Delhi Capitals,Kolkata Knight Riders,Delhi Capitals,field,Kolkata Knight Riders,MK Tiwary,2011
501231,2011-04-29,Jaipur,Sawai Mansingh Stadium,Rajasthan Royals,Mumbai Indians,Rajasthan Royals,field,Rajasthan Royals,J Botha,2011
501232,2011-04-29,Bangalore,M Chinnaswamy Stadium,Royal Challengers Bengaluru,Pune Warriors India,Pune Warriors India,field,Royal Challengers Bengaluru,V Kohli,2011
501233,2011-04-30,Kochi,Nehru Stadium,Kochi Tuskers Kerala,Delhi Capitals,Delhi Capitals,bat,Delhi Capitals,V Sehwag,2011
501234,2011-04-30,Kolkata,Eden Gardens,Kolkata Knight Riders,Punjab Kings,Kolkata Knight Riders,field,Kolkata Knight Riders,Iqbal Abdulla,2011
501235,2011-05-01,Jaipur,Sawai Mansingh Stadium,Rajasthan Royals,Pune Warriors India,Rajasthan Royals,field,Rajasthan Royals,LRPL Taylor,2011
501236,2011-05-01,Chennai,"MA Chidambaram Stadium, Chepauk",Chennai Super Kings,Sunrisers Hyderabad,Chennai Super Kings,bat,Chennai Super Kings,JA Morkel,2011
501237,2011-05-02,Mumbai,Wankhede Stadium,Mumbai Indians,Punjab Kings,Punjab Kings,field,Mumbai Indians,KA Pollard,2011
501238,2011-05-02,Delhi,Feroz Shah Kotla,Delhi Capitals,Kochi Tuskers Kerala,Kochi Tuskers Kerala,field,Kochi Tuskers Kerala,P Parameswaran,2011
501239,2011-05-03,Hyderabad,"Rajiv Gandhi International Stadium, Uppal",Sunrisers Hyderabad,Kolkata Knight Riders,Sunrisers Hyderabad,field,Kolkata Knight Riders,YK Pathan,2011
501240,2011-05-04,Chennai,"MA Chidambaram Stadium, Chepauk",Chennai Super Kings,Rajasthan Royals,Rajasthan Royals,bat,Chennai Super Kings,MEK Hussey,2011
501241,2011-05-04,Mumbai,Dr DY Patil Sports Academy,Pune Warriors India,Mumbai Indians,Pune Warriors India,field,Mumbai Indians,R Sharma,2011
501242,2011-05-05,Kochi,Nehru Stadium,Kochi Tuskers Kerala,Kolkata Knight Riders,Kolkata Knight Riders,field,Kochi Tuskers Kerala,BJ Hodge,2011
501243,2011-05-05,Hyderabad,"Rajiv Gandhi International Stadium, Uppal",Sunrisers Hyderabad,Delhi Capitals,Delhi Capitals,field,Delhi Capitals,V Sehwag,2011
501244,2011-05-06,Bangalore,M Chinnaswamy Stadium,Royal Challengers Bengaluru,Punjab Kings,Punjab Kings,field,Royal Challengers Bengaluru,CH Gayle,2011
501245,2011-05-07,Kolkata,Eden Gardens,Kolkata Knight Riders,Chennai Super Kings,Chennai Super Kings,bat,Kolkata Knight Riders,Iqbal Abdulla,2011
501246,2011-05-07,Mumbai,Wankhede Stadium,Mumbai Indians,Delhi Capitals,Delhi Capitals,field,Mumbai Indians,AT Rayudu,2011
501247,2011-05-08,Bangalore,M Chinnaswamy Stadium,Royal Challengers Bengaluru,Kochi Tuskers Kerala,Kochi Tuskers Kerala,bat,Royal Challengers Bengaluru,CH Gayle,2011
501248,2011-05-08,Chandigarh,"Punjab Cricket Association Stadium, Mohali",Punjab Kings,Pune Warriors India,Punjab Kings,bat,Pune Warriors India,R Sharma,2011
501249,2011-05-09,Jaipur,Sawai Mansingh Stadium,Rajasthan Royals,Chennai Super Kings,Rajasthan Royals,field,Chennai Super Kings,M Vijay,2011
501250,2011-05-10,Hyderabad,"Rajiv Gandhi International Stadium, Uppal",Sunrisers Hyderabad,Pune Warriors India,Sunrisers Hyderabad,bat,Pune Warriors India,MR Marsh,2011
501251,2011-05-10,Chandigarh,"Punjab Cricket Association Stadium, Mohali",Punjab Kings,Mumbai Indians,Mumbai Indians,field,Punjab Kings,BA Bhatt,2011
501252,2011-05-11,Jaipur,Sawai Mansingh Stadium,Rajasthan Royals,Royal Challengers Bengaluru,Royal Challengers Bengaluru,field,Royal Challengers Bengaluru,S Aravind,2011
501253,2011-05-12,Chennai,"MA Chidambaram Stadium, Chepauk",Chennai Super Kings,Delhi Capitals,Chennai Super Kings,bat,Chennai Super Kings,MS Dhoni,2011
501254,2011-05-13,Indore,Holkar Cricket Stadium,Kochi Tuskers Kerala,Punjab Kings,Punjab Kings,field,Punjab Kings,KD Karthik,2011
501255,2011-05-14,Bangalore,M Chinnaswamy Stadium,Royal Challengers Bengaluru,Kolkata Knight Riders,Royal Challengers Bengaluru,field,Royal Challengers Bengaluru,CH Gayle,2011
501256,2011-05-14,Mumbai,Wankhede Stadium,Mumbai Indians,Sunrisers Hyderabad,Sunrisers Hyderabad,bat,Sunrisers Hyderabad,A Mishra,2011
501257,2011-05-15,Dharamsala,Himachal Pradesh Cricket Association Stadium,Punjab Kings,Delhi Capitals,Delhi Capitals,field,Punjab Kings,PP Chawla,2011
501258,2011-05-15,Indore,Holkar Cricket Stadium,Kochi Tuskers Kerala,Rajasthan Royals,Kochi Tuskers Kerala,field,Kochi Tuskers Kerala,BJ Hodge,2011
501259,2011-05-16,Mumbai,Dr DY Patil Sports Academy,Pune Warriors India,Sunrisers Hyderabad,Sunrisers Hyderabad,field,Sunrisers Hyderabad,A Mishra,2011
501260,2011-05-17,Dharamsala,Himachal Pradesh Cricket Association Stadium,Punjab Kings,Royal Challengers Bengaluru,Punjab Kings,bat,Punjab Kings,AC Gilchrist,2011
501261,2011-05-18,Chennai,"MA Chidambaram Stadium, Chepauk",Chennai Super Kings,Kochi Tuskers Kerala,Chennai Super Kings,bat,Chennai Super Kings,WP Saha,2011
501262,2011-05-19,Mumbai,Dr DY Patil Sports Academy,Pune Warriors India,Kolkata Knight Riders,Kolkata Knight Riders,field,Kolkata Knight Riders,YK Pathan,2011
501263,2011-05-20,Mumbai,Wankhede Stadium,Mumbai Indians,Rajasthan Royals,Mumbai Indians,bat,Rajasthan Royals,SR Watson,2011
501264,2011-05-21,Dharamsala,Himachal Pradesh Cricket Association Stadium,Punjab Kings,Sunrisers Hyderabad,Punjab Kings,field,Sunrisers Hyderabad,S Dhawan,2011
501265,2011-05-21,Delhi,Feroz Shah Kotla,Delhi Capitals,Pune Warriors India,Delhi Capitals,bat,,No Result,2011
501266,2011-05-22,Bangalore,M Chinnaswamy Stadium,Royal Challengers Bengaluru,Chennai Super Kings,Royal Challengers Bengaluru,field,Royal Challengers Bengaluru,CH Gayle,2011
501267,2011-05-22,Kolkata,Eden Gardens,Kolkata Knight Riders,Mumbai Indians,Mumbai Indians,field,Mumbai Indians,JEC Franklin,2011
501268,2011-05-24,Mumbai,Wankhede Stadium,Royal Challengers Bengaluru,Chennai Super Kings,Chennai Super Kings,field,Chennai Super Kings,SK Raina,2011
501269,2011-05-25,Mumbai,Wankhede Stadium,Mumbai Indians,Kolkata Knight Riders,Mumbai Indians,field,Mumbai Indians,MM Patel,2011
501270,2011-05-27,Chennai,"MA Chidambaram Stadium, Chepauk",Royal Challengers Bengaluru,Mumbai Indians,Mumbai Indians,field,Royal Challengers Bengaluru,CH Gayle,2011
501271,2011-05-28,Chennai,"MA Chidambaram Stadium, Chepauk",Chennai Super Kings,Royal Challengers Bengaluru,Chennai Super Kings,bat,Chennai Super Kings,M Vijay,2011
548306,2012-04-04,Chennai,"MA Chidambaram Stadium, Chepauk",Chennai Super Kings,Mumbai Indians,Mumbai Indians,field,Mumbai Indians,RE Levi,2012
548307,2012-04-05,Kolkata,Eden Gardens,Kolkata Knight Riders,Delhi Capitals,Delhi Capitals,field,Delhi Capitals,IK Pathan,2012
548308,2012-04-06,Mumbai,Wankhede Stadium,Mumbai Indians,Pune Warriors India,Mumbai Indians,field,Pune Warriors India,SPD Smith,2012
548309,2012-04-06,Jaipur,Sawai Mansingh Stadium,Rajasthan Royals,Punjab Kings,Punjab Kings,field,Rajasthan Royals,AM Rahane,2012
548310,2012-04-07,Bangalore,M Chinnaswamy Stadium,Royal Challengers Bengaluru,Delhi Capitals,Delhi Capitals,field,Royal Challengers Bengaluru,AB de Villiers,2012
548311,2012-04-07,Visakhapatnam,Dr. Y.S. Rajasekhara Reddy ACA-VDCA Cricket Stadium,Sunrisers Hyderabad,Chennai Super Kings,Sunrisers Hyderabad,field,Chennai Super Kings,RA Jadeja,2012
548312,2012-04-08,Jaipur,Sawai Mansingh Stadium,Rajasthan Royals,Kolkata Knight Riders,Kolkata Knight Riders,field,Rajasthan Royals,BJ Hodge,2012
548313,2012-04-08,Pune,Subrata Roy Sahara Stadium,Pune Warriors India,Punjab Kings,Pune Warriors India,bat,Pune Warriors India,MN Samuels,2012
548314,2012-04-09,Visakhapatnam,Dr. Y.S. Rajasekhara Reddy ACA-VDCA Cricket Stadium,Sunrisers Hyderabad,Mumbai Indians,Sunrisers Hyderabad,bat,Mumbai Indians,RG Sharma,2012
548315,2012-04-10,Bangalore,M Chinnaswamy Stadium,Royal Challengers Bengaluru,Kolkata Knight Riders,Royal Challengers Bengaluru,field,Kolkata Knight Riders,L Balaji,2012
548316,2012-04-10,Delhi,Feroz Shah Kotla,Delhi Capitals,Chennai Super Kings,Delhi Capitals,field,Delhi Capitals,M Morkel,2012
548317,2012-04-11,Mumbai,Wankhede Stadium,Mumbai Indians,Rajasthan Royals,Rajasthan Royals,field,Mumbai Indians,KA Pollard,2012
548318,2012-04-12,Chennai,"MA Chidambaram Stadium, Chepauk",Chennai Super Kings,Royal Challengers Bengaluru,Royal Challengers Bengaluru,bat,Chennai Super Kings,F du Plessis,2012
548319,2012-04-12,Chandigarh,"Punjab Cricket Association Stadium, Mohali",Punjab Kings,Pune Warriors India,Punjab Kings,field,Punjab Kings,AD Mascarenhas,2012
548320,2012-04-13,Kolkata,Eden Gardens,Kolkata Knight Riders,Rajasthan Royals,Rajasthan Royals,bat,Kolkata Knight Riders,Shakib Al Hasan,2012
548321,2012-04-19,Delhi,Feroz Shah Kotla,Delhi Capitals,Sunrisers Hyderabad,Sunrisers Hyderabad,bat,Delhi Capitals,KP Pietersen,2012
548322,2012-04-14,Pune,Subrata Roy Sahara Stadium,Pune Warriors India,Chennai Super Kings,Chennai Super Kings,bat,Pune Warriors India,JD Ryder,2012
548323,2012-04-15,Kolkata,Eden Gardens,Kolkata Knight Riders,Punjab Kings,Kolkata Knight Riders,field,Punjab Kings,SP Narine,2012
548324,2012-04-15,Bangalore,M Chinnaswamy Stadium,Royal Challengers Bengaluru,Rajasthan Royals,Rajasthan Royals,bat,Rajasthan Royals,AM Rahane,2012
548325,2012-04-16,Mumbai,Wankhede Stadium,Mumbai Indians,Delhi Capitals,Delhi Capitals,field,Delhi Capitals,S Nadeem,2012
548326,2012-04-17,Jaipur,Sawai Mansingh Stadium,Rajasthan Royals,Sunrisers Hyderabad,Sunrisers Hyderabad,bat,Rajasthan Royals,BJ Hodge,2012
548327,2012-04-17,Bangalore,M Chinnaswamy Stadium,Royal Challengers Bengaluru,Pune Warriors India,Pune Warriors India,bat,Royal Challengers Bengaluru,CH Gayle,2012
548328,2012-04-18,Chandigarh,"Punjab Cricket Association Stadium, Mohali",Punjab Kings,Kolkata Knight Riders,Punjab Kings,bat,Kolkata Knight Riders,G Gambhir,2012
548329,2012-05-10,Hyderabad,"Rajiv Gandhi International Stadium, Uppal",Sunrisers Hyderabad,Delhi Capitals,Sunrisers Hyderabad,bat,Delhi Capitals,DA Warner,2012
548330,2012-04-19,Chennai,"MA Chidambaram Stadium, Chepauk",Chennai Super Kings,Pune Warriors India,Pune Warriors India,field,Chennai Super Kings,KMDN Kulasekara,2012
548331,2012-04-20,Chandigarh,"Punjab Cricket Association Stadium, Mohali",Punjab Kings,Royal Challengers Bengaluru,Royal Challengers Bengaluru,field,Royal Challengers Bengaluru,CH Gayle,2012
548332,2012-04-21,Chennai,"MA Chidambaram Stadium, Chepauk",Chennai Super Kings,Rajasthan Royals,Rajasthan Royals,bat,Chennai Super Kings,F du Plessis,2012
548333,2012-04-21,Delhi,Feroz Shah Kotla,Delhi Capitals,Pune Warriors India,Delhi Capitals,field,Pune Warriors India,SC Ganguly,2012
548334,2012-04-22,Mumbai,Wankhede Stadium,Mumbai Indians,Punjab Kings,Mumbai Indians,bat,Punjab Kings,SE Marsh,2012
548335,2012-04-22,Cuttack,Barabati Stadium,Sunrisers Hyderabad,Kolkata Knight Riders,Kolkata Knight Riders,field,Kolkata Knight Riders,B Lee,2012
548336,2012-04-23,Jaipur,Sawai Mansingh Stadium,Rajasthan Royals,Royal Challengers Bengaluru,Rajasthan Royals,field,Royal Challengers Bengaluru,AB de Villiers,2012
548337,2012-04-24,Pune,Subrata Roy Sahara Stadium,Pune Warriors India,Delhi Capitals,Pune Warriors India,bat,Delhi Capitals,V Sehwag,2012
548339,2012-04-25,Chandigarh,"Punjab Cricket Association Stadium, Mohali",Punjab Kings,Mumbai Indians,Punjab Kings,bat,Mumbai Indians,AT Rayudu,2012
548341,2012-04-26,Pune,Subrata Roy Sahara Stadium,Pune Warriors India,Sunrisers Hyderabad,Sunrisers Hyderabad,bat,Sunrisers Hyderabad,CL White,2012
548342,2012-04-27,Delhi,Feroz Shah Kotla,Delhi Capitals,Mumbai Indians,Mumbai Indians,field,Delhi Capitals,V Sehwag,2012
548343,2012-04-28,Chennai,"MA Chidambaram Stadium, Chepauk",Chennai Super Kings,Punjab Kings,Punjab Kings,bat,Punjab Kings,Mandeep Singh,2012
548344,2012-04-28,Kolkata,Eden Gardens,Kolkata Knight Riders,Royal Challengers Bengaluru,Kolkata Knight Riders,bat,Kolkata Knight Riders,G Gambhir,2012
548345,2012-04-29,Delhi,Feroz Shah Kotla,Delhi Capitals,Rajasthan Royals,Delhi Capitals,bat,Delhi Capitals,V Sehwag,2012
548346,2012-04-29,Mumbai,Wankhede Stadium,Mumbai Indians,Sunrisers Hyderabad,Mumbai Indians,field,Mumbai Indians,DW Steyn,2012
548347,2012-04-30,Chennai,"MA Chidambaram Stadium, Chepauk",Chennai Super Kings,Kolkata Knight Riders,Chennai Super Kings,bat,Kolkata Knight Riders,G Gambhir,2012
548348,2012-05-01,Cuttack,Barabati Stadium,Sunrisers Hyderabad,Pune Warriors India,Sunrisers Hyderabad,bat,Sunrisers Hyderabad,KC Sangakkara,2012
548349,2012-05-01,Jaipur,Sawai Mansingh Stadium,Rajasthan Royals,Delhi Capitals,Rajasthan Royals,bat,Delhi Capitals,P Negi,2012
548350,2012-05-02,Bangalore,M Chinnaswamy Stadium,Royal Challengers Bengaluru,Punjab Kings,Punjab Kings,field,Punjab Kings,Azhar Mahmood,2012
548351,2012-05-03,Pune,Subrata Roy Sahara Stadium,Pune Warriors India,Mumbai Indians,Mumbai Indians,bat,Mumbai Indians,SL Malinga,2012
548352,2012-05-04,Chennai,"MA Chidambaram Stadium, Chepauk",Chennai Super Kings,Sunrisers Hyderabad,Chennai Super Kings,bat,Chennai Super Kings,SK Raina,2012
548353,2012-05-05,Kolkata,Eden Gardens,Kolkata Knight Riders,Pune Warriors India,Kolkata Knight Riders,bat,Kolkata Knight Riders,SP Narine,2012
548354,2012-05-05,Chandigarh,"Punjab Cricket Association Stadium, Mohali",Punjab Kings,Rajasthan Royals,Rajasthan Royals,bat,Rajasthan Royals,SR Watson,2012
548355,2012-05-06,Mumbai,Wankhede Stadium,Mumbai Indians,Chennai Super Kings,Mumbai Indians,field,Mumbai Indians,DR Smith,2012
548356,2012-05-06,Bangalore,M Chinnaswamy Stadium,Royal Challengers Bengaluru,Sunrisers Hyderabad,Royal Challengers Bengaluru,field,Royal Challengers Bengaluru,AB de Villiers,2012
548357,2012-05-07,Delhi,Feroz Shah Kotla,Delhi Capitals,Kolkata Knight Riders,Delhi Capitals,bat,Kolkata Knight Riders,JH Kallis,2012
548358,2012-05-08,Pune,Subrata Roy Sahara Stadium,Pune Warriors India,Rajasthan Royals,Pune Warriors India,bat,Rajasthan Royals,SR Watson,2012
548359,2012-05-08,Hyderabad,"Rajiv Gandhi International Stadium, Uppal",Sunrisers Hyderabad,Punjab Kings,Sunrisers Hyderabad,field,Punjab Kings,Mandeep Singh,2012
548360,2012-05-09,Mumbai,Wankhede Stadium,Mumbai Indians,Royal Challengers Bengaluru,Royal Challengers Bengaluru,field,Royal Challengers Bengaluru,CH Gayle,2012
548361,2012-05-10,Jaipur,Sawai Mansingh Stadium,Rajasthan Royals,Chennai Super Kings,Chennai Super Kings,field,Chennai Super Kings,BW Hilfenhaus,2012
548362,2012-05-11,Pune,Subrata Roy Sahara Stadium,Pune Warriors India,Royal Challengers Bengaluru,Pune Warriors India,field,Royal Challengers Bengaluru,CH Gayle,2012
548363,2012-05-12,Kolkata,Eden Gardens,Kolkata Knight Riders,Mumbai Indians,Mumbai Indians,bat,Mumbai Indians,RG Sharma,2012
548364,2012-05-12,Chennai,"MA Chidambaram Stadium, Chepauk",Chennai Super Kings,Delhi Capitals,Chennai Super Kings,field,Chennai Super Kings,BW Hilfenhaus,2012
548365,2012-05-13,Jaipur,Sawai Mansingh Stadium,Rajasthan Royals,Pune Warriors India,Rajasthan Royals,bat,Rajasthan Royals,A Chandila,2012
548366,2012-05-13,Chandigarh,"Punjab Cricket Association Stadium, Mohali",Punjab Kings,Sunrisers Hyderabad,Sunrisers Hyderabad,bat,Punjab Kings,DJ Hussey,2012
548367,2012-05-14,Bangalore,M Chinnaswamy Stadium,Royal Challengers Bengaluru,Mumbai Indians,Mumbai Indians,field,Mumbai Indians,AT Rayudu,2012
548368,2012-05-14,Kolkata,Eden Gardens,Kolkata Knight Riders,Chennai Super Kings,Chennai Super Kings,field,Chennai Super Kings,MEK Hussey,2012
548369,2012-05-15,Delhi,Feroz Shah Kotla,Delhi Capitals,Punjab Kings,Punjab Kings,bat,Delhi Capitals,UT Yadav,2012
548370,2012-05-16,Mumbai,Wankhede Stadium,Mumbai Indians,Kolkata Knight Riders,Mumbai Indians,field,Kolkata Knight Riders,SP Narine,2012
548371,2012-05-17,Dharamsala,Himachal Pradesh Cricket Association Stadium,Punjab Kings,Chennai Super Kings,Punjab Kings,field,Punjab Kings,AC Gilchrist,2012
548372,2012-05-17,Delhi,Feroz Shah Kotla,Delhi Capitals,Royal Challengers Bengaluru,Delhi Capitals,field,Royal Challengers Bengaluru,CH Gayle,2012
548373,2012-05-18,Hyderabad,"Rajiv Gandhi International Stadium, Uppal",Sunrisers Hyderabad,Rajasthan Royals,Rajasthan Royals,bat,Sunrisers Hyderabad,DW Steyn,2012
548374,2012-05-19,Dharamsala,Himachal Pradesh Cricket Association Stadium,Punjab Kings,Delhi Capitals,Delhi Capitals,field,Delhi Capitals,UT Yadav,2012
548375,2012-05-19,Pune,Subrata Roy Sahara Stadium,Pune Warriors India,Kolkata Knight Riders,Kolkata Knight Riders,bat,Kolkata Knight Riders,Shakib Al Hasan,2012
548376,2012-05-20,Hyderabad,"Rajiv Gandhi International Stadium, Uppal",Sunrisers Hyderabad,Royal Challengers Bengaluru,Royal Challengers Bengaluru,field,Sunrisers Hyderabad,DW Steyn,2012
548377,2012-05-20,Jaipur,Sawai Mansingh Stadium,Rajasthan Royals,Mumbai Indians,Rajasthan Royals,bat,Mumbai Indians,DR Smith,2012
548378,2012-05-22,Pune,Subrata Roy Sahara Stadium,Delhi Capitals,Kolkata Knight Riders,Kolkata Knight Riders,bat,Kolkata Knight Riders,YK Pathan,2012
548379,2012-05-23,Bangalore,M Chinnaswamy Stadium,Chennai Super Kings,Mumbai Indians,Mumbai Indians,field,Chennai Super Kings,MS Dhoni,2012
548380,2012-05-25,Chennai,"MA Chidambaram Stadium, Chepauk",Delhi Capitals,Chennai Super Kings,Delhi Capitals,field,Chennai Super Kings,M Vijay,2012
548381,2012-05-27,Chennai,"MA Chidambaram Stadium, Chepauk",Kolkata Knight Riders,Chennai Super Kings,Chennai Super Kings,bat,Kolkata Knight Riders,MS Bisla,2012
597998,2013-04-03,Kolkata,Eden Gardens,Kolkata Knight Riders,Delhi Capitals,Kolkata Knight Riders,field,Kolkata Knight Riders,SP Narine,2013
597999,2013-04-04,Bangalore,M Chinnaswamy Stadium,Royal Challengers Bengaluru,Mumbai Indians,Mumbai Indians,field,Royal Challengers Bengaluru,CH Gayle,2013
598000,2013-04-05,Hyderabad,"Rajiv Gandhi International Stadium, Uppal",Sunrisers Hyderabad,Pune Warriors India,Pune Warriors India,field,Sunrisers Hyderabad,A Mishra,2013
598001,2013-04-06,Delhi,Feroz Shah Kotla,Delhi Capitals,Rajasthan Royals,Rajasthan Royals,bat,Rajasthan Royals,R Dravid,2013
598002,2013-04-06,Chennai,"MA Chidambaram Stadium, Chepauk",Chennai Super Kings,Mumbai Indians,Mumbai Indians,bat,Mumbai Indians,KA Pollard,2013
598003,2013-04-07,Pune,Subrata Roy Sahara Stadium,Pune Warriors India,Punjab Kings,Pune Warriors India,bat,Punjab Kings,M Vohra,2013
598004,2013-04-07,Hyderabad,"Rajiv Gandhi International Stadium, Uppal",Sunrisers Hyderabad,Royal Challengers Bengaluru,Royal Challengers Bengaluru,bat,,GH Vihari,2013
598005,2013-04-08,Jaipur,Sawai Mansingh Stadium,Rajasthan Royals,Kolkata Knight Riders,Kolkata Knight Riders,field,Rajasthan Royals,SK Trivedi,2013
598006,2013-04-09,Mumbai,Wankhede Stadium,Mumbai Indians,Delhi Capitals,Mumbai Indians,bat,Mumbai Indians,KD Karthik,2013
598007,2013-04-10,Chandigarh,"Punjab Cricket Association Stadium, Mohali",Punjab Kings,Chennai Super Kings,Chennai Super Kings,field,Chennai Super Kings,MEK Hussey,2013
598008,2013-04-11,Bangalore,M Chinnaswamy Stadium,Royal Challengers Bengaluru,Kolkata Knight Riders,Royal Challengers Bengaluru,field,Royal Challengers Bengaluru,CH Gayle,2013
598009,2013-04-11,Pune,Subrata Roy Sahara Stadium,Pune Warriors India,Rajasthan Royals,Rajasthan Royals,bat,Pune Warriors India,AJ Finch,2013
598010,2013-04-12,Delhi,Feroz Shah Kotla,Delhi Capitals,Sunrisers Hyderabad,Delhi Capitals,bat,Sunrisers Hyderabad,A Mishra,2013
598011,2013-04-13,Mumbai,Wankhede Stadium,Mumbai Indians,Pune Warriors India,Mumbai Indians,bat,Mumbai Indians,RG Sharma,2013
598012,2013-04-13,Chennai,"MA Chidambaram Stadium, Chepauk",Chennai Super Kings,Royal Challengers Bengaluru,Chennai Super Kings,field,Chennai Super Kings,RA Jadeja,2013
598013,2013-04-14,Kolkata,Eden Gardens,Kolkata Knight Riders,Sunrisers Hyderabad,Kolkata Knight Riders,bat,Kolkata Knight Riders,G Gambhir,2013
598014,2013-04-14,Jaipur,Sawai Mansingh Stadium,Rajasthan Royals,Punjab Kings,Rajasthan Royals,field,Rajasthan Royals,JP Faulkner,2013
598015,2013-04-15,Chennai,"MA Chidambaram Stadium, Chepauk",Chennai Super Kings,Pune Warriors India,Pune Warriors India,bat,Pune Warriors India,SPD Smith,2013
598016,2013-04-16,Chandigarh,"Punjab Cricket Association Stadium, Mohali",Punjab Kings,Kolkata Knight Riders,Kolkata Knight Riders,field,Punjab Kings,MS Gony,2013
598017,2013-04-16,Bangalore,M Chinnaswamy Stadium,Royal Challengers Bengaluru,Delhi Capitals,Royal Challengers Bengaluru,field,,V Kohli,2013
598018,2013-04-17,Pune,Maharashtra Cricket Association Stadium,Pune Warriors India,Sunrisers Hyderabad,Pune Warriors India,field,Sunrisers Hyderabad,A Mishra,2013
598019,2013-04-17,Jaipur,Sawai Mansingh Stadium,Rajasthan Royals,Mumbai Indians,Rajasthan Royals,bat,Rajasthan Royals,AM Rahane,2013
598020,2013-04-18,Delhi,Feroz Shah Kotla,Delhi Capitals,Chennai Super Kings,Chennai Super Kings,bat,Chennai Super Kings,MEK Hussey,2013
598021,2013-04-19,Hyderabad,"Rajiv Gandhi International Stadium, Uppal",Sunrisers Hyderabad,Punjab Kings,Punjab Kings,bat,Sunrisers Hyderabad,GH Vihari,2013
598022,2013-04-20,Kolkata,Eden Gardens,Kolkata Knight Riders,Chennai Super Kings,Kolkata Knight Riders,bat,Chennai Super Kings,RA Jadeja,2013
598023,2013-04-20,Bangalore,M Chinnaswamy Stadium,Royal Challengers Bengaluru,Rajasthan Royals,Royal Challengers Bengaluru,field,Royal Challengers Bengaluru,R Vinay Kumar,2013
598024,2013-04-21,Delhi,Feroz Shah Kotla,Delhi Capitals,Mumbai Indians,Mumbai Indians,bat,Delhi Capitals,V Sehwag,2013
598025,2013-04-21,Chandigarh,"Punjab Cricket Association Stadium, Mohali",Punjab Kings,Pune Warriors India,Punjab Kings,field,Punjab Kings,DA Miller,2013
598026,2013-04-22,Chennai,"MA Chidambaram Stadium, Chepauk",Chennai Super Kings,Rajasthan Royals,Rajasthan Royals,bat,Chennai Super Kings,MEK Hussey,2013
598027,2013-04-23,Bangalore,M Chinnaswamy Stadium,Royal Challengers Bengaluru,Pune Warriors India,Pune Warriors India,field,Royal Challengers Bengaluru,CH Gayle,2013
598028,2013-05-16,Dharamsala,Himachal Pradesh Cricket Association Stadium,Punjab Kings,Delhi Capitals,Delhi Capitals,field,Punjab Kings,DA Miller,2013
598029,2013-04-24,Kolkata,Eden Gardens,Kolkata Knight Riders,Mumbai Indians,Kolkata Knight Riders,bat,Mumbai Indians,DR Smith,2013
598030,2013-04-25,Chennai,"MA Chidambaram Stadium, Chepauk",Chennai Super Kings,Sunrisers Hyderabad,Sunrisers Hyderabad,bat,Chennai Super Kings,MS Dhoni,2013
598031,2013-04-26,Kolkata,Eden Gardens,Kolkata Knight Riders,Punjab Kings,Punjab Kings,bat,Kolkata Knight Riders,JH Kallis,2013
598032,2013-04-27,Jaipur,Sawai Mansingh Stadium,Rajasthan Royals,Sunrisers Hyderabad,Sunrisers Hyderabad,bat,Rajasthan Royals,JP Faulkner,2013
598033,2013-04-27,Mumbai,Wankhede Stadium,Mumbai Indians,Royal Challengers Bengaluru,Mumbai Indians,bat,Mumbai Indians,DR Smith,2013
598034,2013-04-28,Chennai,"MA Chidambaram Stadium, Chepauk",Chennai Super Kings,Kolkata Knight Riders,Kolkata Knight Riders,field,Chennai Super Kings,MEK Hussey,2013
598035,2013-04-28,Raipur,Shaheed Veer Narayan Singh International Stadium,Delhi Capitals,Pune Warriors India,Pune Warriors India,field,Delhi Capitals,DA Warner,2013
598036,2013-04-29,Jaipur,Sawai Mansingh Stadium,Rajasthan Royals,Royal Challengers Bengaluru,Rajasthan Royals,field,Rajasthan Royals,SV Samson,2013
598037,2013-04-29,Mumbai,Wankhede Stadium,Mumbai Indians,Punjab Kings,Mumbai Indians,bat,Mumbai Indians,RG Sharma,2013
598038,2013-04-30,Pune,Subrata Roy Sahara Stadium,Pune Warriors India,Chennai Super Kings,Chennai Super Kings,bat,Chennai Super Kings,MS Dhoni,2013
598039,2013-05-01,Hyderabad,"Rajiv Gandhi International Stadium, Uppal",Sunrisers Hyderabad,Mumbai Indians,Mumbai Indians,bat,Sunrisers Hyderabad,I Sharma,2013
598040,2013-05-01,Raipur,Shaheed Veer Narayan Singh International Stadium,Delhi Capitals,Kolkata Knight Riders,Kolkata Knight Riders,bat,Delhi Capitals,DA Warner,2013
598041,2013-05-02,Chennai,"MA Chidambaram Stadium, Chepauk",Chennai Super Kings,Punjab Kings,Chennai Super Kings,bat,Chennai Super Kings,SK Raina,2013
598042,2013-05-02,Pune,Subrata Roy Sahara Stadium,Pune Warriors India,Royal Challengers Bengaluru,Royal Challengers Bengaluru,bat,Royal Challengers Bengaluru,AB de Villiers,2013
598043,2013-05-03,Kolkata,Eden Gardens,Kolkata Knight Riders,Rajasthan Royals,Rajasthan Royals,bat,Kolkata Knight Riders,YK Pathan,2013
598044,2013-05-04,Hyderabad,"Rajiv Gandhi International Stadium, Uppal",Sunrisers Hyderabad,Delhi Capitals,Delhi Capitals,bat,Sunrisers Hyderabad,DJG Sammy,2013
598045,2013-05-14,Bangalore,M Chinnaswamy Stadium,Royal Challengers Bengaluru,Punjab Kings,Punjab Kings,field,Punjab Kings,AC Gilchrist,2013
598046,2013-05-05,Mumbai,Wankhede Stadium,Mumbai Indians,Chennai Super Kings,Mumbai Indians,bat,Mumbai Indians,MG Johnson,2013
598047,2013-05-05,Jaipur,Sawai Mansingh Stadium,Rajasthan Royals,Pune Warriors India,Pune Warriors India,bat,Rajasthan Royals,AM Rahane,2013
598048,2013-04-09,Bangalore,M Chinnaswamy Stadium,Royal Challengers Bengaluru,Sunrisers Hyderabad,Sunrisers Hyderabad,bat,Royal Challengers Bengaluru,V Kohli,2013
598049,2013-05-07,Jaipur,Sawai Mansingh Stadium,Rajasthan Royals,Delhi Capitals,Delhi Capitals,bat,Rajasthan Royals,AM Rahane,2013
598050,2013-05-07,Mumbai,Wankhede Stadium,Mumbai Indians,Kolkata Knight Riders,Mumbai Indians,bat,Mumbai Indians,SR Tendulkar,2013
598051,2013-05-08,Hyderabad,"Rajiv Gandhi International Stadium, Uppal",Sunrisers Hyderabad,Chennai Super Kings,Sunrisers Hyderabad,field,Chennai Super Kings,SK Raina,2013
598052,2013-05-09,Chandigarh,"Punjab Cricket Association Stadium, Mohali",Punjab Kings,Rajasthan Royals,Rajasthan Royals,field,Rajasthan Royals,KK Cooper,2013
598053,2013-05-09,Pune,Subrata Roy Sahara Stadium,Pune Warriors India,Kolkata Knight Riders,Kolkata Knight Riders,bat,Kolkata Knight Riders,G Gambhir,2013
598054,2013-05-10,Delhi,Feroz Shah Kotla,Delhi Capitals,Royal Challengers Bengaluru,Delhi Capitals,field,Royal Challengers Bengaluru,JD Unadkat,2013
598055,2013-05-11,Pune,Subrata Roy Sahara Stadium,Pune Warriors India,Mumbai Indians,Pune Warriors India,bat,Mumbai Indians,MG Johnson,2013
598056,2013-05-11,Chandigarh,"Punjab Cricket Association Stadium, Mohali",Punjab Kings,Sunrisers Hyderabad,Punjab Kings,field,Sunrisers Hyderabad,PA Patel,2013
598057,2013-05-12,Ranchi,JSCA International Stadium Complex,Kolkata Knight Riders,Royal Challengers Bengaluru,Kolkata Knight Riders,field,Kolkata Knight Riders,JH Kallis,2013
598058,2013-05-12,Jaipur,Sawai Mansingh Stadium,Rajasthan Royals,Chennai Super Kings,Rajasthan Royals,field,Rajasthan Royals,SR Watson,2013
598059,2013-04-23,Delhi,Feroz Shah Kotla,Delhi Capitals,Punjab Kings,Punjab Kings,field,Punjab Kings,Harmeet Singh,2013
598060,2013-05-13,Mumbai,Wankhede Stadium,Mumbai Indians,Sunrisers Hyderabad,Sunrisers Hyderabad,bat,Mumbai Indians,KA Pollard,2013
598061,2013-05-15,Ranchi,JSCA International Stadium Complex,Kolkata Knight Riders,Pune Warriors India,Kolkata Knight Riders,field,Pune Warriors India,MK Pandey,2013
598062,2013-05-14,Chennai,"MA Chidambaram Stadium, Chepauk",Chennai Super Kings,Delhi Capitals,Chennai Super Kings,bat,Chennai Super Kings,MS Dhoni,2013
598063,2013-05-15,Mumbai,Wankhede Stadium,Mumbai Indians,Rajasthan Royals,Rajasthan Royals,field,Mumbai Indians,AP Tare,2013
598064,2013-05-06,Chandigarh,"Punjab Cricket Association Stadium, Mohali",Punjab Kings,Royal Challengers Bengaluru,Punjab Kings,field,Punjab Kings,DA Miller,2013
598065,2013-05-17,Hyderabad,"Rajiv Gandhi International Stadium, Uppal",Sunrisers Hyderabad,Rajasthan Royals,Sunrisers Hyderabad,bat,Sunrisers Hyderabad,A Mishra,2013
598066,2013-05-18,Dharamsala,Himachal Pradesh Cricket Association Stadium,Punjab Kings,Mumbai Indians,Mumbai Indians,field,Punjab Kings,Azhar Mahmood,2013
598067,2013-05-19,Pune,Subrata Roy Sahara Stadium,Pune Warriors India,Delhi Capitals,Pune Warriors India,bat,Pune Warriors India,LJ Wright,2013
598068,2013-05-18,Bangalore,M Chinnaswamy Stadium,Royal Challengers Bengaluru,Chennai Super Kings,Chennai Super Kings,field,Royal Challengers Bengaluru,V Kohli,2013
598069,2013-05-19,Hyderabad,"Rajiv Gandhi International Stadium, Uppal",Sunrisers Hyderabad,Kolkata Knight Riders,Kolkata Knight Riders,bat,Sunrisers Hyderabad,PA Patel,2013
598070,2013-05-21,Delhi,Feroz Shah Kotla,Chennai Super Kings,Mumbai Indians,Chennai Super Kings,bat,Chennai Super Kings,MEK Hussey,2013
598071,2013-05-22,Delhi,Feroz Shah Kotla,Rajasthan Royals,Sunrisers Hyderabad,Sunrisers Hyderabad,bat,Rajasthan Royals,BJ Hodge,2013
598072,2013-05-24,Kolkata,Eden Gardens,Mumbai Indians,Rajasthan Royals,Rajasthan Royals,bat,Mumbai Indians,Harbhajan Singh,2013
598073,2013-05-26,Kolkata,Eden Gardens,Chennai Super Kings,Mumbai Indians,Mumbai Indians,bat,Mumbai Indians,KA Pollard,2013
729279,2014-04-16,Abu Dhabi,Sheikh Zayed Stadium,Mumbai Indians,Kolkata Knight Riders,Kolkata Knight Riders,bat,Kolkata Knight Riders,JH Kallis,2014
729281,2014-04-17,Sharjah,Sharjah Cricket Stadium,Delhi Capitals,Royal Challengers Bengaluru,Royal Challengers Bengaluru,field,Royal Challengers Bengaluru,YS Chahal,2014
729283,2014-04-18,Abu Dhabi,Sheikh Zayed Stadium,Chennai Super Kings,Punjab Kings,Chennai Super Kings,bat,Punjab Kings,GJ Maxwell,2014
729285,2014-04-18,Abu Dhabi,Sheikh Zayed Stadium,Sunrisers Hyderabad,Rajasthan Royals,Rajasthan Royals,field,Rajasthan Royals,AM Rahane,2014
729287,2014-04-19,Dubai,Dubai International Cricket Stadium,Royal Challengers Bengaluru,Mumbai Indians,Royal Challengers Bengaluru,field,Royal Challengers Bengaluru,PA Patel,2014
729289,2014-04-19,Dubai,Dubai International Cricket Stadium,Kolkata Knight Riders,Delhi Capitals,Kolkata Knight Riders,bat,Delhi Capitals,JP Duminy,2014
729291,2014-04-20,Sharjah,Sharjah Cricket Stadium,Rajasthan Royals,Punjab Kings,Punjab Kings,field,Punjab Kings,GJ Maxwell,2014
729293,2014-04-21,Abu Dhabi,Sheikh Zayed Stadium,Chennai Super Kings,Delhi Capitals,Chennai Super Kings,bat,Chennai Super Kings,SK Raina,2014
729295,2014-04-22,Sharjah,Sharjah Cricket Stadium,Punjab Kings,Sunrisers Hyderabad,Sunrisers Hyderabad,field,Punjab Kings,GJ Maxwell,2014
729297,2014-04-23,Dubai,Dubai International Cricket Stadium,Rajasthan Royals,Chennai Super Kings,Rajasthan Royals,field,Chennai Super Kings,RA Jadeja,2014
729299,2014-04-24,Sharjah,Sharjah Cricket Stadium,Royal Challengers Bengaluru,Kolkata Knight Riders,Royal Challengers Bengaluru,field,Kolkata Knight Riders,CA Lynn,2014
729301,2014-04-25,Dubai,Dubai International Cricket Stadium,Sunrisers Hyderabad,Delhi Capitals,Sunrisers Hyderabad,bat,Sunrisers Hyderabad,AJ Finch,2014
729303,2014-04-25,Dubai,Dubai International Cricket Stadium,Chennai Super Kings,Mumbai Indians,Mumbai Indians,bat,Chennai Super Kings,MM Sharma,2014
729305,2014-04-26,Abu Dhabi,Sheikh Zayed Stadium,Rajasthan Royals,Royal Challengers Bengaluru,Rajasthan Royals,field,Rajasthan Royals,PV Tambe,2014
729307,2014-04-26,Abu Dhabi,Sheikh Zayed Stadium,Kolkata Knight Riders,Punjab Kings,Kolkata Knight Riders,field,Punjab Kings,Sandeep Sharma,2014
729309,2014-04-27,Sharjah,Sharjah Cricket Stadium,Delhi Capitals,Mumbai Indians,Mumbai Indians,bat,Delhi Capitals,M Vijay,2014
729311,2014-04-27,Sharjah,Sharjah Cricket Stadium,Sunrisers Hyderabad,Chennai Super Kings,Sunrisers Hyderabad,bat,Chennai Super Kings,DR Smith,2014
729313,2014-04-28,Dubai,Dubai International Cricket Stadium,Punjab Kings,Royal Challengers Bengaluru,Punjab Kings,field,Punjab Kings,Sandeep Sharma,2014
729315,2014-04-29,Abu Dhabi,Sheikh Zayed Stadium,Kolkata Knight Riders,Rajasthan Royals,Rajasthan Royals,bat,,JP Faulkner,2014
729317,2014-04-30,Dubai,Dubai International Cricket Stadium,Mumbai Indians,Sunrisers Hyderabad,Mumbai Indians,field,Sunrisers Hyderabad,B Kumar,2014
733971,2014-05-02,Ranchi,JSCA International Stadium Complex,Chennai Super Kings,Kolkata Knight Riders,Chennai Super Kings,bat,Chennai Super Kings,RA Jadeja,2014
733973,2014-05-03,Mumbai,Wankhede Stadium,Mumbai Indians,Punjab Kings,Punjab Kings,bat,Mumbai Indians,CJ Anderson,2014
733975,2014-05-03,Delhi,Feroz Shah Kotla,Delhi Capitals,Rajasthan Royals,Rajasthan Royals,field,Rajasthan Royals,KK Nair,2014
733977,2014-05-04,Bangalore,M Chinnaswamy Stadium,Royal Challengers Bengaluru,Sunrisers Hyderabad,Royal Challengers Bengaluru,field,Royal Challengers Bengaluru,AB de Villiers,2014
733979,2014-05-05,Ahmedabad,"Sardar Patel Stadium, Motera",Rajasthan Royals,Kolkata Knight Riders,Kolkata Knight Riders,field,Rajasthan Royals,PV Tambe,2014
733981,2014-05-05,Delhi,Feroz Shah Kotla,Delhi Capitals,Chennai Super Kings,Chennai Super Kings,field,Chennai Super Kings,DR Smith,2014
733983,2014-05-06,Mumbai,Wankhede Stadium,Mumbai Indians,Royal Challengers Bengaluru,Royal Challengers Bengaluru,field,Mumbai Indians,RG Sharma,2014
733985,2014-05-07,Delhi,Feroz Shah Kotla,Delhi Capitals,Kolkata Knight Riders,Delhi Capitals,bat,Kolkata Knight Riders,G Gambhir,2014
733987,2014-05-07,Cuttack,Barabati Stadium,Punjab Kings,Chennai Super Kings,Chennai Super Kings,field,Punjab Kings,GJ Maxwell,2014
733989,2014-05-08,Ahmedabad,"Sardar Patel Stadium, Motera",Rajasthan Royals,Sunrisers Hyderabad,Rajasthan Royals,field,Sunrisers Hyderabad,B Kumar,2014
733991,2014-05-09,Bangalore,M Chinnaswamy Stadium,Royal Challengers Bengaluru,Punjab Kings,Royal Challengers Bengaluru,field,Punjab Kings,Sandeep Sharma,2014
733993,2014-05-10,Delhi,Feroz Shah Kotla,Delhi Capitals,Sunrisers Hyderabad,Sunrisers Hyderabad,field,Sunrisers Hyderabad,DW Steyn,2014
733995,2014-05-10,Mumbai,Wankhede Stadium,Mumbai Indians,Chennai Super Kings,Chennai Super Kings,field,Chennai Super Kings,DR Smith,2014
733997,2014-05-11,Cuttack,Barabati Stadium,Punjab Kings,Kolkata Knight Riders,Kolkata Knight Riders,field,Kolkata Knight Riders,G Gambhir,2014
733999,2014-05-11,Bangalore,M Chinnaswamy Stadium,Royal Challengers Bengaluru,Rajasthan Royals,Royal Challengers Bengaluru,bat,Rajasthan Royals,JP Faulkner,2014
734001,2014-05-12,Hyderabad,"Rajiv Gandhi International Stadium, Uppal",Sunrisers Hyderabad,Mumbai Indians,Sunrisers Hyderabad,bat,Mumbai Indians,AT Rayudu,2014
734003,2014-05-13,Ranchi,JSCA International Stadium Complex,Chennai Super Kings,Rajasthan Royals,Rajasthan Royals,bat,Chennai Super Kings,RA Jadeja,2014
734005,2014-05-13,Bangalore,M Chinnaswamy Stadium,Royal Challengers Bengaluru,Delhi Capitals,Delhi Capitals,field,Royal Challengers Bengaluru,Yuvraj Singh,2014
734007,2014-05-14,Hyderabad,"Rajiv Gandhi International Stadium, Uppal",Sunrisers Hyderabad,Punjab Kings,Punjab Kings,field,Punjab Kings,WP Saha,2014
734009,2014-05-14,Cuttack,Barabati Stadium,Kolkata Knight Riders,Mumbai Indians,Kolkata Knight Riders,field,Kolkata Knight Riders,RV Uthappa,2014
734011,2014-05-15,Ahmedabad,"Sardar Patel Stadium, Motera",Rajasthan Royals,Delhi Capitals,Delhi Capitals,field,Rajasthan Royals,AM Rahane,2014
734013,2014-05-18,Ranchi,JSCA International Stadium Complex,Chennai Super Kings,Royal Challengers Bengaluru,Chennai Super Kings,bat,Royal Challengers Bengaluru,AB de Villiers,2014
734015,2014-05-18,Hyderabad,"Rajiv Gandhi International Stadium, Uppal",Sunrisers Hyderabad,Kolkata Knight Riders,Sunrisers Hyderabad,bat,Kolkata Knight Riders,UT Yadav,2014
734017,2014-05-19,Ahmedabad,"Sardar Patel Stadium, Motera",Rajasthan Royals,Mumbai Indians,Mumbai Indians,bat,Mumbai Indians,MEK Hussey,2014
734019,2014-05-19,Delhi,Feroz Shah Kotla,Delhi Capitals,Punjab Kings,Punjab Kings,field,Punjab Kings,AR Patel,2014
734021,2014-05-20,Hyderabad,"Rajiv Gandhi International Stadium, Uppal",Sunrisers Hyderabad,Royal Challengers Bengaluru,Royal Challengers Bengaluru,bat,Sunrisers Hyderabad,DA Warner,2014
734023,2014-05-20,Kolkata,Eden Gardens,Kolkata Knight Riders,Chennai Super Kings,Kolkata Knight Riders,field,Kolkata Knight Riders,RV Uthappa,2014
734025,2014-05-21,Chandigarh,"Punjab Cricket Association Stadium, Mohali",Punjab Kings,Mumbai Indians,Mumbai Indians,field,Mumbai Indians,LMP Simmons,2014
734027,2014-05-22,Kolkata,Eden Gardens,Kolkata Knight Riders,Royal Challengers Bengaluru,Royal Challengers Bengaluru,field,Kolkata Knight Riders,RV Uthappa,2014
734029,2014-05-22,Ranchi,JSCA International Stadium Complex,Chennai Super Kings,Sunrisers Hyderabad,Sunrisers Hyderabad,field,Sunrisers Hyderabad,DA Warner,2014
734031,2014-05-23,Mumbai,Wankhede Stadium,Mumbai Indians,Delhi Capitals,Delhi Capitals,field,Mumbai Indians,MEK Hussey,2014
734033,2014-05-23,Chandigarh,"Punjab Cricket Association Stadium, Mohali",Punjab Kings,Rajasthan Royals,Rajasthan Royals,field,Punjab Kings,SE Marsh,2014
734035,2014-05-24,Bangalore,M Chinnaswamy Stadium,Royal Challengers Bengaluru,Chennai Super Kings,Chennai Super Kings,field,Chennai Super Kings,MS Dhoni,2014
734037,2014-05-24,Kolkata,Eden Gardens,Kolkata Knight Riders,Sunrisers Hyderabad,Kolkata Knight Riders,field,Kolkata Knight Riders,YK Pathan,2014
734039,2014-05-25,Chandigarh,"Punjab Cricket Association Stadium, Mohali",Punjab Kings,Delhi Capitals,Punjab Kings,field,Punjab Kings,M Vohra,2014
734041,2014-05-25,Mumbai,Wankhede Stadium,Mumbai Indians,Rajasthan Royals,Mumbai Indians,field,Mumbai Indians,CJ Anderson,2014
734043,2014-05-27,Kolkata,Eden Gardens,Punjab Kings,Kolkata Knight Riders,Punjab Kings,field,Kolkata Knight Riders,UT Yadav,2014
734045,2014-05-28,Mumbai,Brabourne Stadium,Chennai Super Kings,Mumbai Indians,Chennai Super Kings,field,Chennai Super Kings,SK Raina,2014
734047,2014-05-30,Mumbai,Wankhede Stadium,Chennai Super Kings,Punjab Kings,Chennai Super Kings,field,Punjab Kings,V Sehwag,2014
734049,2014-06-01,Bangalore,M Chinnaswamy Stadium,Kolkata Knight Riders,Punjab Kings,Kolkata Knight Riders,field,Kolkata Knight Riders,MK Pandey,2014
829705,2015-04-08,Kolkata,Eden Gardens,Kolkata Knight Riders,Mumbai Indians,Kolkata Knight Riders,field,Kolkata Knight Riders,M Morkel,2015
829707,2015-04-09,Chennai,"MA Chidambaram Stadium, Chepauk",Chennai Super Kings,Delhi Capitals,Delhi Capitals,field,Chennai Super Kings,A Nehra,2015
829709,2015-04-10,Pune,Maharashtra Cricket Association Stadium,Punjab Kings,Rajasthan Royals,Punjab Kings,field,Rajasthan Royals,JP Faulkner,2015
829711,2015-04-11,Chennai,"MA Chidambaram Stadium, Chepauk",Chennai Super Kings,Sunrisers Hyderabad,Chennai Super Kings,bat,Chennai Super Kings,BB McCullum,2015
829713,2015-04-11,Kolkata,Eden Gardens,Kolkata Knight Riders,Royal Challengers Bengaluru,Royal Challengers Bengaluru,field,Royal Challengers Bengaluru,CH Gayle,2015
829715,2015-04-12,Delhi,Feroz Shah Kotla,Delhi Capitals,Rajasthan Royals,Rajasthan Royals,field,Rajasthan Royals,DJ Hooda,2015
829717,2015-04-12,Mumbai,Wankhede Stadium,Mumbai Indians,Punjab Kings,Mumbai Indians,field,Punjab Kings,GJ Bailey,2015
829719,2015-04-13,Bangalore,M Chinnaswamy Stadium,Royal Challengers Bengaluru,Sunrisers Hyderabad,Sunrisers Hyderabad,field,Sunrisers Hyderabad,DA Warner,2015
829721,2015-04-14,Ahmedabad,"Sardar Patel Stadium, Motera",Rajasthan Royals,Mumbai Indians,Mumbai Indians,bat,Rajasthan Royals,SPD Smith,2015
829723,2015-04-30,Kolkata,Eden Gardens,Kolkata Knight Riders,Chennai Super Kings,Kolkata Knight Riders,field,Kolkata Knight Riders,AD Russell,2015
829725,2015-04-15,Pune,Maharashtra Cricket Association Stadium,Punjab Kings,Delhi Capitals,Punjab Kings,bat,Delhi Capitals,MA Agarwal,2015
829727,2015-04-16,Visakhapatnam,Dr. Y.S. Rajasekhara Reddy ACA-VDCA Cricket Stadium,Sunrisers Hyderabad,Rajasthan Royals,Rajasthan Royals,field,Rajasthan Royals,AM Rahane,2015
829729,2015-04-17,Mumbai,Wankhede Stadium,Mumbai Indians,Chennai Super Kings,Mumbai Indians,bat,Chennai Super Kings,A Nehra,2015
829731,2015-04-18,Visakhapatnam,Dr. Y.S. Rajasekhara Reddy ACA-VDCA Cricket Stadium,Sunrisers Hyderabad,Delhi Capitals,Delhi Capitals,bat,Delhi Capitals,JP Duminy,2015
829733,2015-04-18,Pune,Maharashtra Cricket Association Stadium,Punjab Kings,Kolkata Knight Riders,Kolkata Knight Riders,field,Kolkata Knight Riders,AD Russell,2015
829735,2015-04-19,Ahmedabad,"Sardar Patel Stadium, Motera",Rajasthan Royals,Chennai Super Kings,Chennai Super Kings,bat,Rajasthan Royals,AM Rahane,2015
829737,2015-04-19,Bangalore,M Chinnaswamy Stadium,Royal Challengers Bengaluru,Mumbai Indians,Royal Challengers Bengaluru,field,Mumbai Indians,Harbhajan Singh,2015
829739,2015-04-20,Delhi,Feroz Shah Kotla,Delhi Capitals,Kolkata Knight Riders,Kolkata Knight Riders,field,Kolkata Knight Riders,UT Yadav,2015
829741,2015-04-21,Ahmedabad,"Sardar Patel Stadium, Motera",Rajasthan Royals,Punjab Kings,Punjab Kings,field,,SE Marsh,2015
829743,2015-04-22,Visakhapatnam,Dr. Y.S. Rajasekhara Reddy ACA-VDCA Cricket Stadium,Sunrisers Hyderabad,Kolkata Knight Riders,Kolkata Knight Riders,field,Sunrisers Hyderabad,DA Warner,2015
829745,2015-04-22,Bangalore,M Chinnaswamy Stadium,Royal Challengers Bengaluru,Chennai Super Kings,Royal Challengers Bengaluru,field,Chennai Super Kings,SK Raina,2015
829747,2015-04-23,Delhi,Feroz Shah Kotla,Delhi Capitals,Mumbai Indians,Mumbai Indians,field,Delhi Capitals,SS Iyer,2015
829749,2015-04-24,Ahmedabad,"Sardar Patel Stadium, Motera",Rajasthan Royals,Royal Challengers Bengaluru,Royal Challengers Bengaluru,field,Royal Challengers Bengaluru,MA Starc,2015
829751,2015-04-25,Mumbai,Wankhede Stadium,Mumbai Indians,Sunrisers Hyderabad,Mumbai Indians,bat,Mumbai Indians,SL Malinga,2015
829753,2015-04-25,Chennai,"MA Chidambaram Stadium, Chepauk",Chennai Super Kings,Punjab Kings,Chennai Super Kings,bat,Chennai Super Kings,BB McCullum,2015
829757,2015-04-26,Delhi,Feroz Shah Kotla,Delhi Capitals,Royal Challengers Bengaluru,Royal Challengers Bengaluru,field,Royal Challengers Bengaluru,VR Aaron,2015
829759,2015-04-27,Chandigarh,"Punjab Cricket Association Stadium, Mohali",Punjab Kings,Sunrisers Hyderabad,Punjab Kings,field,Sunrisers Hyderabad,TA Boult,2015
829761,2015-05-07,Kolkata,Eden Gardens,Kolkata Knight Riders,Delhi Capitals,Kolkata Knight Riders,bat,Kolkata Knight Riders,PP Chawla,2015
829763,2015-04-29,Bangalore,M Chinnaswamy Stadium,Royal Challengers Bengaluru,Rajasthan Royals,Rajasthan Royals,field,,No Result,2015
829765,2015-04-28,Chennai,"MA Chidambaram Stadium, Chepauk",Chennai Super Kings,Kolkata Knight Riders,Kolkata Knight Riders,field,Chennai Super Kings,DJ Bravo,2015
829767,2015-05-01,Delhi,Feroz Shah Kotla,Delhi Capitals,Punjab Kings,Delhi Capitals,field,Delhi Capitals,NM Coulter-Nile,2015
829769,2015-05-01,Mumbai,Wankhede Stadium,Mumbai Indians,Rajasthan Royals,Rajasthan Royals,field,Mumbai Indians,AT Rayudu,2015
829771,2015-05-02,Bangalore,M Chinnaswamy Stadium,Royal Challengers Bengaluru,Kolkata Knight Riders,Royal Challengers Bengaluru,field,Royal Challengers Bengaluru,Mandeep Singh,2015
829773,2015-05-02,Hyderabad,"Rajiv Gandhi International Stadium, Uppal",Sunrisers Hyderabad,Chennai Super Kings,Chennai Super Kings,field,Sunrisers Hyderabad,DA Warner,2015
829775,2015-05-03,Chandigarh,"Punjab Cricket Association Stadium, Mohali",Punjab Kings,Mumbai Indians,Mumbai Indians,bat,Mumbai Indians,LMP Simmons,2015
829777,2015-05-03,Mumbai,Brabourne Stadium,Rajasthan Royals,Delhi Capitals,Delhi Capitals,field,Rajasthan Royals,AM Rahane,2015
829779,2015-05-04,Chennai,"MA Chidambaram Stadium, Chepauk",Chennai Super Kings,Royal Challengers Bengaluru,Chennai Super Kings,bat,Chennai Super Kings,SK Raina,2015
829781,2015-05-04,Kolkata,Eden Gardens,Kolkata Knight Riders,Sunrisers Hyderabad,Sunrisers Hyderabad,field,Kolkata Knight Riders,UT Yadav,2015
829783,2015-05-05,Mumbai,Wankhede Stadium,Mumbai Indians,Delhi Capitals,Delhi Capitals,bat,Mumbai Indians,Harbhajan Singh,2015
829785,2015-05-06,Bangalore,M Chinnaswamy Stadium,Royal Challengers Bengaluru,Punjab Kings,Punjab Kings,field,Royal Challengers Bengaluru,CH Gayle,2015
829787,2015-05-07,Mumbai,Brabourne Stadium,Rajasthan Royals,Sunrisers Hyderabad,Rajasthan Royals,field,Sunrisers Hyderabad,EJG Morgan,2015
829789,2015-05-08,Chennai,"MA Chidambaram Stadium, Chepauk",Chennai Super Kings,Mumbai Indians,Chennai Super Kings,bat,Mumbai Indians,HH Pandya,2015
829791,2015-05-09,Kolkata,Eden Gardens,Kolkata Knight Riders,Punjab Kings,Punjab Kings,bat,Kolkata Knight Riders,AD Russell,2015
829793,2015-05-09,Raipur,Shaheed Veer Narayan Singh International Stadium,Delhi Capitals,Sunrisers Hyderabad,Sunrisers Hyderabad,bat,Sunrisers Hyderabad,MC Henriques,2015
829795,2015-05-10,Mumbai,Wankhede Stadium,Mumbai Indians,Royal Challengers Bengaluru,Royal Challengers Bengaluru,bat,Royal Challengers Bengaluru,AB de Villiers,2015
829797,2015-05-10,Chennai,"MA Chidambaram Stadium, Chepauk",Chennai Super Kings,Rajasthan Royals,Chennai Super Kings,bat,Chennai Super Kings,RA Jadeja,2015
829799,2015-05-11,Hyderabad,"Rajiv Gandhi International Stadium, Uppal",Sunrisers Hyderabad,Punjab Kings,Sunrisers Hyderabad,bat,Sunrisers Hyderabad,DA Warner,2015
829801,2015-05-12,Raipur,Shaheed Veer Narayan Singh International Stadium,Delhi Capitals,Chennai Super Kings,Chennai Super Kings,bat,Delhi Capitals,Z Khan,2015
829803,2015-05-13,Chandigarh,"Punjab Cricket Association Stadium, Mohali",Punjab Kings,Royal Challengers Bengaluru,Royal Challengers Bengaluru,field,Punjab Kings,AR Patel,2015
829805,2015-05-14,Mumbai,Wankhede Stadium,Mumbai Indians,Kolkata Knight Riders,Kolkata Knight Riders,field,Mumbai Indians,HH Pandya,2015
829807,2015-05-15,Hyderabad,"Rajiv Gandhi International Stadium, Uppal",Sunrisers Hyderabad,Royal Challengers Bengaluru,Sunrisers Hyderabad,bat,Royal Challengers Bengaluru,V Kohli,2015
829809,2015-05-16,Chandigarh,"Punjab Cricket Association Stadium, Mohali",Punjab Kings,Chennai Super Kings,Punjab Kings,bat,Chennai Super Kings,P Negi,2015
829811,2015-05-16,Mumbai,Brabourne Stadium,Rajasthan Royals,Kolkata Knight Riders,Rajasthan Royals,bat,Rajasthan Royals,SR Watson,2015
829813,2015-05-17,Bangalore,M Chinnaswamy Stadium,Royal Challengers Bengaluru,Delhi Capitals,Royal Challengers Bengaluru,field,,No Result,2015
829815,2015-05-17,Hyderabad,"Rajiv Gandhi International Stadium, Uppal",Sunrisers Hyderabad,Mumbai Indians,Sunrisers Hyderabad,bat,Mumbai Indians,MJ McClenaghan,2015
829817,2015-05-19,Mumbai,Wankhede Stadium,Chennai Super Kings,Mumbai Indians,Mumbai Indians,bat,Mumbai Indians,KA Pollard,2015
829819,2015-05-20,Pune,Maharashtra Cricket Association Stadium,Royal Challengers Bengaluru,Rajasthan Royals,Royal Challengers Bengaluru,bat,Royal Challengers Bengaluru,AB de Villiers,2015
829821,2015-05-22,Ranchi,JSCA International Stadium Complex,Chennai Super Kings,Royal Challengers Bengaluru,Chennai Super Kings,field,Chennai Super Kings,A Nehra,2015
829823,2015-05-24,Kolkata,Eden Gardens,Mumbai Indians,Chennai Super Kings,Chennai Super Kings,field,Mumbai Indians,RG Sharma,2015
980901,2016-04-09,Mumbai,Wankhede Stadium,Mumbai Indians,Rising Pune Supergiants,Mumbai Indians,bat,Rising Pune Supergiants,AM Rahane,2016
980903,2016-04-10,Kolkata,Eden Gardens,Kolkata Knight Riders,Delhi Capitals,Kolkata Knight Riders,field,Kolkata Knight Riders,AD Russell,2016
980905,2016-04-11,Chandigarh,"Punjab Cricket Association IS Bindra Stadium, Mohali",Punjab Kings,Gujarat Lions,Gujarat Lions,field,Gujarat Lions,AJ Finch,2016
980907,2016-04-12,Bangalore,M Chinnaswamy Stadium,Royal Challengers Bengaluru,Sunrisers Hyderabad,Sunrisers Hyderabad,field,Royal Challengers Bengaluru,AB de Villiers,2016
980909,2016-04-13,Kolkata,Eden Gardens,Kolkata Knight Riders,Mumbai Indians,Mumbai Indians,field,Mumbai Indians,RG Sharma,2016
980911,2016-04-14,Rajkot,Saurashtra Cricket Association Stadium,Gujarat Lions,Rising Pune Supergiants,Rising Pune Supergiants,bat,Gujarat Lions,AJ Finch,2016
980913,2016-04-15,Delhi,Feroz Shah Kotla,Delhi Capitals,Punjab Kings,Delhi Capitals,field,Delhi Capitals,A Mishra,2016
980915,2016-04-16,Hyderabad,"Rajiv Gandhi International Stadium, Uppal",Sunrisers Hyderabad,Kolkata Knight Riders,Sunrisers Hyderabad,bat,Kolkata Knight Riders,G Gambhir,2016
980917,2016-04-16,Mumbai,Wankhede Stadium,Mumbai Indians,Gujarat Lions,Gujarat Lions,field,Gujarat Lions,AJ Finch,2016
980919,2016-04-17,Chandigarh,"Punjab Cricket Association IS Bindra Stadium, Mohali",Punjab Kings,Rising Pune Supergiants,Rising Pune Supergiants,bat,Punjab Kings,M Vohra,2016
980921,2016-04-17,Bangalore,M Chinnaswamy Stadium,Royal Challengers Bengaluru,Delhi Capitals,Delhi Capitals,field,Delhi Capitals,Q de Kock,2016
980923,2016-04-18,Hyderabad,"Rajiv Gandhi International Stadium, Uppal",Sunrisers Hyderabad,Mumbai Indians,Sunrisers Hyderabad,field,Sunrisers Hyderabad,DA Warner,2016
980925,2016-04-19,Chandigarh,"Punjab Cricket Association IS Bindra Stadium, Mohali",Punjab Kings,Kolkata Knight Riders,Kolkata Knight Riders,field,Kolkata Knight Riders,RV Uthappa,2016
980927,2016-04-20,Mumbai,Wankhede Stadium,Mumbai Indians,Royal Challengers Bengaluru,Mumbai Indians,field,Mumbai Indians,RG Sharma,2016
980929,2016-04-21,Rajkot,Saurashtra Cricket Association Stadium,Gujarat Lions,Sunrisers Hyderabad,Sunrisers Hyderabad,field,Sunrisers Hyderabad,B Kumar,2016
980931,2016-04-22,Pune,Maharashtra Cricket Association Stadium,Rising Pune Supergiants,Royal Challengers Bengaluru,Rising Pune Supergiants,field,Royal Challengers Bengaluru,AB de Villiers,2016
980933,2016-04-23,Delhi,Feroz Shah Kotla,Delhi Capitals,Mumbai Indians,Mumbai Indians,field,Delhi Capitals,SV Samson,2016
980935,2016-04-23,Hyderabad,"Rajiv Gandhi International Stadium, Uppal",Sunrisers Hyderabad,Punjab Kings,Sunrisers Hyderabad,field,Sunrisers Hyderabad,Mustafizur Rahman,2016
980937,2016-04-24,Rajkot,Saurashtra Cricket Association Stadium,Gujarat Lions,Royal Challengers Bengaluru,Royal Challengers Bengaluru,bat,Gujarat Lions,V Kohli,2016
980939,2016-04-24,Pune,Maharashtra Cricket Association Stadium,Rising Pune Supergiants,Kolkata Knight Riders,Kolkata Knight Riders,field,Kolkata Knight Riders,SA Yadav,2016
980941,2016-04-25,Chandigarh,"Punjab Cricket Association IS Bindra Stadium, Mohali",Punjab Kings,Mumbai Indians,Punjab Kings,field,Mumbai Indians,PA Patel,2016
980943,2016-04-26,Hyderabad,"Rajiv Gandhi International Stadium, Uppal",Sunrisers Hyderabad,Rising Pune Supergiants,Rising Pune Supergiants,field,Rising Pune Supergiants,AB Dinda,2016
980945,2016-04-27,Delhi,Feroz Shah Kotla,Delhi Capitals,Gujarat Lions,Delhi Capitals,field,Gujarat Lions,CH Morris,2016
980947,2016-04-28,Mumbai,Wankhede Stadium,Mumbai Indians,Kolkata Knight Riders,Mumbai Indians,field,Mumbai Indians,RG Sharma,2016
980949,2016-04-29,Pune,Maharashtra Cricket Association Stadium,Rising Pune Supergiants,Gujarat Lions,Gujarat Lions,field,Gujarat Lions,DR Smith,2016
980951,2016-04-30,Delhi,Feroz Shah Kotla,Delhi Capitals,Kolkata Knight Riders,Kolkata Knight Riders,field,Delhi Capitals,CR Brathwaite,2016
980953,2016-04-30,Hyderabad,"Rajiv Gandhi International Stadium, Uppal",Sunrisers Hyderabad,Royal Challengers Bengaluru,Royal Challengers Bengaluru,field,Sunrisers Hyderabad,DA Warner,2016
980955,2016-05-01,Rajkot,Saurashtra Cricket Association Stadium,Gujarat Lions,Punjab Kings,Gujarat Lions,field,Punjab Kings,AR Patel,2016
980957,2016-05-01,Pune,Maharashtra Cricket Association Stadium,Rising Pune Supergiants,Mumbai Indians,Mumbai Indians,field,Mumbai Indians,RG Sharma,2016
980959,2016-05-02,Bangalore,M Chinnaswamy Stadium,Royal Challengers Bengaluru,Kolkata Knight Riders,Kolkata Knight Riders,field,Kolkata Knight Riders,AD Russell,2016
980961,2016-05-03,Rajkot,Saurashtra Cricket Association Stadium,Gujarat Lions,Delhi Capitals,Delhi Capitals,field,Delhi Capitals,RR Pant,2016
980963,2016-05-04,Kolkata,Eden Gardens,Kolkata Knight Riders,Punjab Kings,Punjab Kings,field,Kolkata Knight Riders,AD Russell,2016
980965,2016-05-05,Delhi,Feroz Shah Kotla,Delhi Capitals,Rising Pune Supergiants,Rising Pune Supergiants,field,Rising Pune Supergiants,AM Rahane,2016
980967,2016-05-06,Hyderabad,"Rajiv Gandhi International Stadium, Uppal",Sunrisers Hyderabad,Gujarat Lions,Sunrisers Hyderabad,field,Sunrisers Hyderabad,B Kumar,2016
980969,2016-05-07,Bangalore,M Chinnaswamy Stadium,Royal Challengers Bengaluru,Rising Pune Supergiants,Royal Challengers Bengaluru,field,Royal Challengers Bengaluru,V Kohli,2016
980971,2016-05-07,Chandigarh,"Punjab Cricket Association IS Bindra Stadium, Mohali",Punjab Kings,Delhi Capitals,Delhi Capitals,field,Punjab Kings,MP Stoinis,2016
980973,2016-05-08,Visakhapatnam,Dr. Y.S. Rajasekhara Reddy ACA-VDCA Cricket Stadium,Mumbai Indians,Sunrisers Hyderabad,Mumbai Indians,field,Sunrisers Hyderabad,A Nehra,2016
980975,2016-05-08,Kolkata,Eden Gardens,Kolkata Knight Riders,Gujarat Lions,Gujarat Lions,field,Gujarat Lions,P Kumar,2016
980977,2016-05-09,Chandigarh,"Punjab Cricket Association IS Bindra Stadium, Mohali",Punjab Kings,Royal Challengers Bengaluru,Punjab Kings,field,Royal Challengers Bengaluru,SR Watson,2016
980979,2016-05-10,Visakhapatnam,Dr. Y.S. Rajasekhara Reddy ACA-VDCA Cricket Stadium,Rising Pune Supergiants,Sunrisers Hyderabad,Sunrisers Hyderabad,bat,Sunrisers Hyderabad,A Zampa,2016
980981,2016-05-11,Bangalore,M Chinnaswamy Stadium,Royal Challengers Bengaluru,Mumbai Indians,Mumbai Indians,field,Mumbai Indians,KH Pandya,2016
980983,2016-05-12,Hyderabad,"Rajiv Gandhi International Stadium, Uppal",Sunrisers Hyderabad,Delhi Capitals,Delhi Capitals,field,Delhi Capitals,CH Morris,2016
980985,2016-05-13,Visakhapatnam,Dr. Y.S. Rajasekhara Reddy ACA-VDCA Cricket Stadium,Mumbai Indians,Punjab Kings,Mumbai Indians,bat,Punjab Kings,MP Stoinis,2016
980987,2016-05-14,Bangalore,M Chinnaswamy Stadium,Royal Challengers Bengaluru,Gujarat Lions,Gujarat Lions,field,Royal Challengers Bengaluru,AB de Villiers,2016
980989,2016-05-14,Kolkata,Eden Gardens,Kolkata Knight Riders,Rising Pune Supergiants,Rising Pune Supergiants,bat,Kolkata Knight Riders,YK Pathan,2016
980991,2016-05-15,Chandigarh,"Punjab Cricket Association IS Bindra Stadium, Mohali",Punjab Kings,Sunrisers Hyderabad,Punjab Kings,bat,Sunrisers Hyderabad,HM Amla,2016
980993,2016-05-15,Visakhapatnam,Dr. Y.S. Rajasekhara Reddy ACA-VDCA Cricket Stadium,Mumbai Indians,Delhi Capitals,Delhi Capitals,field,Mumbai Indians,KH Pandya,2016
980995,2016-05-16,Kolkata,Eden Gardens,Kolkata Knight Riders,Royal Challengers Bengaluru,Royal Challengers Bengaluru,field,Royal Challengers Bengaluru,V Kohli,2016
980997,2016-05-17,Visakhapatnam,Dr. Y.S. Rajasekhara Reddy ACA-VDCA Cricket Stadium,Rising Pune Supergiants,Delhi Capitals,Rising Pune Supergiants,field,Rising Pune Supergiants,AB Dinda,2016
980999,2016-05-18,Bangalore,M Chinnaswamy Stadium,Royal Challengers Bengaluru,Punjab Kings,Punjab Kings,field,Royal Challengers Bengaluru,V Kohli,2016
981001,2016-05-19,Kanpur,Green Park,Gujarat Lions,Kolkata Knight Riders,Gujarat Lions,field,Gujarat Lions,DR Smith,2016
981003,2016-05-20,Raipur,Shaheed Veer Narayan Singh International Stadium,Delhi Capitals,Sunrisers Hyderabad,Delhi Capitals,field,Delhi Capitals,KK Nair,2016
981005,2016-05-21,Visakhapatnam,Dr. Y.S. Rajasekhara Reddy ACA-VDCA Cricket Stadium,Rising Pune Supergiants,Punjab Kings,Punjab Kings,bat,Rising Pune Supergiants,MS Dhoni,2016
981007,2016-05-21,Kanpur,Green Park,Gujarat Lions,Mumbai Indians,Gujarat Lions,field,Gujarat Lions,SK Raina,2016
981009,2016-05-22,Kolkata,Eden Gardens,Kolkata Knight Riders,Sunrisers Hyderabad,Sunrisers Hyderabad,field,Kolkata Knight Riders,YK Pathan,2016
981011,2016-05-22,Raipur,Shaheed Veer Narayan Singh International Stadium,Delhi Capitals,Royal Challengers Bengaluru,Royal Challengers Bengaluru,field,Royal Challengers Bengaluru,V Kohli,2016
981013,2016-05-24,Bangalore,M Chinnaswamy Stadium,Gujarat Lions,Royal Challengers Bengaluru,Royal Challengers Bengaluru,field,Royal Challengers Bengaluru,AB de Villiers,2016
981015,2016-05-25,Delhi,Feroz Shah Kotla,Sunrisers Hyderabad,Kolkata Knight Riders,Kolkata Knight Riders,field,Sunrisers Hyderabad,MC Henriques,2016
981017,2016-05-27,Delhi,Feroz Shah Kotla,Gujarat Lions,Sunrisers Hyderabad,Sunrisers Hyderabad,field,Sunrisers Hyderabad,DA Warner,2016
981019,2016-05-29,Bangalore,M Chinnaswamy Stadium,Royal Challengers Bengaluru,Sunrisers Hyderabad,Sunrisers Hyderabad,bat,Sunrisers Hyderabad,BCJ Cutting,2016
